ind;sst;mean_R_full;mean_G_full;mean_B_full;mean_H_full;mean_S_full;mean_V_full;mean_L_full;mean_a_full;mean_b_full
0841tommy_sem1_num1;5.3;52.1573963;57.63941848;37.72900745;29.49144149;68.21421956;58.41078958;58.34276447;123.5837152;136.52517360000002
0843tommy_sem1_num2;5.9;51.94254611;56.21170424;37.24873154;25.74546714;72.4476305;58.32217219;57.28397389999999;123.8435162;136.6825703
0845tommy_sem1_num3;6.1;48.84790654;57.23856606;37.4331747;31.82582457;70.47788503;57.47563815;57.43016182;122.3588525;136.3430108
0847tommy_sem1_num4;6.0;55.21742339;67.41789081;38.063535200000004;30.81191055;86.28001227;67.77793839;67.76651259;120.12324240000001;139.98509019999997
0849tommy_sem1_num5;6.2;52.45689066;63.7221767;38.05665445;30.18437329;79.15256494;63.6782182;63.96150579;120.77082340000001;138.46157380000002
0851tommy_sem1_num6;5.8;55.47657768;68.43013357;36.54352057;31.12944102;91.47388673;68.6092725;68.69759069;119.5134916;141.0321282
0853tommy_sem1_num7;6.0;56.65735066;66.86472773;39.79729515;29.20214961;80.80688628;66.90488366;67.61945357;120.98721100000002;139.2188447
0855tommy_sem1_num8;6.1;52.27221455;62.4457686;38.20883008;32.69834063;79.43889792;62.33876176;62.71201531;120.99411979999999;138.4756628
0961tommy_sem2_num1;5.7;44.69761979;49.43954325;32.500892900000004;28.14827644;71.92181971;50.63940532;49.45829208;123.8810791;135.7263841
0963tommy_sem2_num2;6.1;51.34758927;56.89717049;34.68061126;28.34328614;81.04497987;58.55207566;57.6317058;123.048369;137.902965
0965tommy_sem2_num3;6.5;53.73293368;67.93577223;33.35658201;30.92487335;98.5171876;67.99971206;67.92424535;118.83883119999999;142.0486995
0967tommy_sem2_num4;6.5;51.94338016;57.57194696;34.69214799;27.08251439;78.70669166;58.24415583;58.29156207;123.16650209999999;137.7768523
0969tommy_sem2_num5;5.5;61.72765662;69.08273207;32.39886112;26.79801564;111.6048338;71.73907455;70.62995241;120.7153477;144.4302926
0971tommy_sem2_num6;6.9;49.84668246;65.15673123;33.27799222;33.23941361;99.5054574;65.17652829999999;64.67741728;118.34969209999998;141.3725072
0973tommy_sem2_num7;5.8;60.79225561;72.02271929999998;33.85327694;28.69204012;101.547751;72.32312577;72.99224771;119.69455409999999;143.5224966
0975tommy_sem2_num8;5.6;51.46992303;61.68177945;34.02897766;31.61169624;91.55724052;61.98501365;61.90053815;120.54669799999999;140.0977462
1081tommy_sem3_num1;6.7;48.58777571;53.75473203;29.3445978;26.20427554;92.33372741;55.45398896;54.19515845;122.9295561;139.1144606
1083tommy_sem3_num2;5.8;54.92264308;70.15084178;29.59942077;30.69186844;112.19674450000001;70.16207247;70.12016755;117.6639854;144.818409
1085tommy_sem3_num3;6.2;50.60319175;55.80593655;30.5048012;27.41848966;95.68254905;57.70927407;56.412337;122.59340230000001;139.9948814
1087tommy_sem3_num4;5.8;51.45128417;57.28590234;30.277696000000002;27.77355821;95.15898924;57.88285912;57.95446885;122.2314504;140.3144
1089tommy_sem3_num5;5.4;61.50113608;61.35839836;32.40911809;20.78069326;103.62201309999999;69.13089223;64.38589447;124.7168966;141.5610604
1091tommy_sem3_num6;6.0;47.56412697;57.24293398;31.24426361;31.62569275;92.1464173;57.31598572;57.23642245;120.7668009;139.7466206
1093tommy_sem3_num7;5.9;55.36980033;65.61666221;30.1069102;28.42505894;102.0178472;65.71823584;66.11198182;120.121378;142.83949199999995
1095tommy_sem3_num8;5.9;48.91190204;59.594164899999996;30.19526345;29.63104843;92.64474958;59.61878307;59.500910499999996;120.5112763;140.3440698
1201tommy_sem4_num1;6.2;52.39669772;48.70159534;27.88415714;28.46122441;105.9979138;56.63273014;50.961430799999995;126.73685900000001;139.21750419999998
1203tommy_sem4_num2;5.8;57.34272429;68.89623509;30.08076156;29.131038300000004;111.33017120000001;69.41200079;69.43110987;119.052402;144.6683543
1205tommy_sem4_num3;7.8;46.98426027;57.70343631;27.48029471;29.84363071;102.7937003;57.98188658;57.33354054;120.1055858;141.2939265
1207tommy_sem4_num4;5.8;52.02437886;41.07533849;29.15696284;27.20575299;96.73888443;52.58133709;44.40105519;130.5881068;135.9565992
1209tommy_sem4_num5;6.0;52.8650236;72.26542905;28.21382862;33.14032206;120.2787935;72.26482917;71.49407729999999;115.67209369999999;146.173304
1211tommy_sem4_num6;6.4;52.07717635;58.34562335;26.89009402;26.60299166;110.1877455;59.82431667;59.01096962;121.59865409999999;142.4470118
1213tommy_sem4_num7;5.8;52.64557038;48.05471277;29.10676702;24.23917119;98.37892105;54.65174568;50.2762122;127.18801540000001;138.2200872
1215tommy_sem4_num8;5.6;56.15134623;65.59803513;28.46463482;27.20036117;111.8875107;67.15672333;66.18567654;120.08177649999999;144.1418763
1321tommy_sem5_num1;6.6;48.87645817;44.70019807;26.31370797;41.40696221;102.21570770000001;54.82683895;46.69565595;127.5707116;137.3653343
1323tommy_sem5_num2;6.6;47.94976314;47.76248361;26.65091412;31.56908942;100.0224928;54.78914762;48.62662857;125.48348929999999;138.2304833
1325tommy_sem5_num3;6.2;48.51440166;56.23243332;26.02343336;28.22094229;105.50217179999999;57.46714621;56.29296766;121.39851570000002;141.29671489999996
1327tommy_sem5_num4;6.4;44.56545571;49.51934815;26.00189275;31.36716817;98.94738619;51.54099389;49.3862632;122.9711061;138.9998221
1329tommy_sem5_num5;5.8;47.01852315;50.89626186;24.31713142;31.9796914;106.2719122;55.02476224;51.07053424;123.5220971;139.8468523
1331tommy_sem5_num6;6.0;45.65346438;42.57253072;25.44682751;20.02945588;94.33061143;48.15572402;43.56487873;126.84606129999999;136.9561209
1333tommy_sem5_num7;6.0;47.30176851;51.91499402;24.50955062;25.84103524;114.8213325;55.81662461;52.22164549;122.7063509;141.08589840000005
1335tommy_sem5_num8;6.0;48.63632084;59.67982286;25.37461561;29.78758198;115.3910733;60.1483871;59.37912531;119.4496703;143.2081026
1441tommy_sem6_num1;5.7;40.90576453;32.74949381;23.1927396;58.09234034;99.88458208;41.82574679;33.70501668;129.7723604;134.1873869
1443tommy_sem6_num2;5.8;42.91415452;44.80798231;24.19363119;30.02902941;99.95670533;47.64227048;44.52494276;124.58119359999999;137.82512309999998
1445tommy_sem6_num3;5.8;43.86117625;43.21964356;23.71947883;26.65328858;99.08734122;46.56330912;43.42188866;125.5947452;137.6811853
1447tommy_sem6_num4;5.7;44.40279611;52.56461761;23.19222514;29.39824532;114.83551820000001;52.95787072;51.85428075;120.87715590000002;141.5338045
1449tommy_sem6_num5;6.0;53.00146907;50.07416976;24.82647256;25.14376165;114.95435649999999;60.85379027;52.31191517;126.3421699;140.4091468
1451tommy_sem6_num6;5.7;47.70948069;41.65691838;26.10772392;20.92213572;96.05955639;49.44078636;43.49320994;128.1346915;136.6833003
1453tommy_sem6_num7;6.2;47.06225098;36.63586173;26.51006406;23.47678565;92.60646952;48.34696455;39.04814427;130.644894;134.6637268
1455tommy_sem6_num8;5.9;43.95775636;43.07669816;25.83866248;27.47183727;93.17242808;47.91768227;43.59187898;125.99660949999999;136.8535264
1561tommy_sem7_num1;6.1;35.73473396;27.67806245;19.81016482;24.39290067;97.76844668;36.35285431;27.64144652;129.9193541;132.7509956
1563tommy_sem7_num2;7.0;46.89636963;31.57912168;22.14244691;44.32591891;110.9602743;48.10516702;35.29444759;132.5886365;135.15135159999997
1565tommy_sem7_num3;5.4;42.17003151;41.5663318;21.21549079;24.88024448;111.4850008;45.93195849;41.45999864;125.50020570000001;138.1293579
1567tommy_sem7_num4;6.9;46.43616675;31.02163411;22.53906626;38.12549681;105.65688600000001;46.347313;34.14109254;132.7626319;134.4256156
1569tommy_sem7_num5;6.0;43.57767975;35.90624372;20.59667579;24.35449859;112.67269240000002;44.28707163;36.98390952;128.946974;136.6616824
1571tommy_sem7_num6;6.0;44.37052179;34.38419399;21.98545826;20.69976911;104.7795252;44.67666075;35.9286974;130.2198459;135.512171
1573tommy_sem7_num7;7.1;39.77776972;29.09719871;21.45136241;45.46745723;99.0495392;40.11264439;30.25145248;130.95570759999998;133.33476940000003
1575tommy_sem7_num8;6.0;33.77715645;26.14697058;20.26770627;20.93484893;91.18980576;34.14556425;25.47227365;130.0466598;131.685058
0857tommy_sem1_num9;6.0;52.44198676;63.31012589;38.68203359;31.17220659;79.09011013;63.22432932;63.56693718;120.83326909999998;138.40866819999997
0859tommy_sem1_num10;5.6;60.10177927;71.53468562;40.42798932;28.86741778;86.39276546;71.66698375;72.41773271;120.17624779999998;140.7639248
0861tommy_sem1_num11;5.5;53.24679677;59.31935057;39.45468626;28.07504773;66.68678436;59.55256236;60.09399105;123.19593490000001;136.5980023
0863tommy_sem1_num12;6.1;47.2506443;58.12460315;36.45651669;32.64788902;74.23320155;57.87432628;57.79434481;121.20550970000001;136.9444705
0865tommy_sem1_num13;6.3;47.02060379;53.33337575;37.48300593;34.38484662;67.67768316;53.52177437;53.46352821;122.98991640000001;135.713754
0867tommy_sem1_num14;5.7;52.91499329;66.2589234;38.23419871;33.37148273;87.97926054;65.95753716;66.31209959;119.2412831;140.08068559999998
0869tommy_sem1_num15;5.4;58.64181183;64.21349399;39.54040548;27.55096506;81.27187347;64.83342924;65.68295554;122.5163848;139.3023071
0871tommy_sem1_num16;6.1;52.71575839;61.57597814;37.42062336;31.30494171;79.66265593;61.31377883;61.88552268;121.3773682;138.7629363
0977tommy_sem2_num9;5.8;58.42495805;65.25445508;35.01740817;28.38406399;94.95802698;65.79421629;66.51042426;121.6895274;141.40354130000003
0979tommy_sem2_num10;5.8;48.80176556;63.84267288;35.28636169;34.50562567;91.92413727;63.73143729;63.39331928;118.7425692;139.991287
0981tommy_sem2_num11;5.8;48.17658663;49.49796625;34.68220344;28.10286854;66.52284437;51.53310382;50.38498009;125.49511159999999;134.96641730000002
0983tommy_sem2_num12;5.9;56.15309842;71.48949859;34.23177746;32.29148416;106.83297890000001;71.52753498;71.58140127;117.6601633;143.82226719999997
0985tommy_sem2_num13;6.5;58.07161938;66.6498328;35.28309248;27.97396749;89.80203043;67.01401281;67.82283495;121.13197749999999;141.06771640000005
0987tommy_sem2_num14;6.2;51.44038564;54.55890766;34.99183914;27.02359733;73.85475443;55.40064193;55.49580732;124.3400592;136.792426
0989tommy_sem2_num15;6.4;60.37165888;57.80427253;36.33427293;22.68654816;85.73990739;64.66701727;60.93047115;126.16955130000001;138.4427872
0991tommy_sem2_num16;5.7;54.77830558;64.76056519;34.69550946;30.88834323;95.49707109999999;65.33672541;65.2767236;120.4408492;141.2160265
1097tommy_sem3_num9;6.0;54.12785748;68.14756849;33.23371423;32.87138687;100.97608620000001;68.23501681;68.28947393;118.41814120000001;142.8570489
1099tommy_sem3_num10;5.9;53.60842086;67.13107762;29.97663158;32.38130108;114.00274850000001;67.15791617;67.19433867;117.923561;144.6322929
1101tommy_sem3_num11;6.8;56.76589489;50.17265624;31.21739561;21.14234654;93.048198;58.01042946;53.39411645;127.9260863;138.179743
1103tommy_sem3_num12;5.8;53.72885784;70.91190187;30.91493918;32.4463308;110.73839740000001;70.82378037;70.56717225;116.8879429;144.61497350000005
1105tommy_sem3_num13;5.9;55.03665417;57.79186327;35.87445134;26.44722631;79.09792407;60.71623585;59.66190778;124.040001;137.9145419
1107tommy_sem3_num14;9.1;53.59559722;56.01876955;32.14711554;25.29621433;92.10797652;58.19472193;57.43492784;123.7953344;139.5970638
1109tommy_sem3_num15;5.8;54.08025229;61.81342198;33.514199;26.09396501;86.03537766;63.22991137;62.66642229;121.89979879999999;139.7829602
1111tommy_sem3_num16;5.3;49.42089353;50.56886811;32.63622781;24.02856292;74.96919031;52.50497616;51.73194867;125.07523799999998;136.56285559999998
1217tommy_sem4_num9;5.8;52.57859462;68.03751363;28.13999249;32.84685552;119.1155091;68.01986663;67.66022704;117.1238243;145.3440376
1219tommy_sem4_num10;5.8;54.07936863;73.39254732;27.06319208;31.65457418;120.76842920000001;73.35577855;72.69268249999998;115.8575594;146.5257675
1221tommy_sem4_num11;5.8;51.36058316;53.08586498;28.49947093;26.89579503;102.8396293;57.62969778;54.29270860000001;124.108426;139.95952
1223tommy_sem4_num12;6.2;52.00058044;65.76050149;27.39748579;30.80692089;115.9023918;65.74816823;65.48944193;118.2561132;144.3280708
1225tommy_sem4_num13;5.8;52.96942767;59.07214811;28.70506007;26.68052764;103.6683632;61.81401327;59.89216745;122.0767693;141.5749505
1227tommy_sem4_num14;6.8;55.29248273;62.37301007;28.66775755;25.9725897;106.12479640000002;63.54133055;63.12409595;121.30159979999999;142.74464530000003
1229tommy_sem4_num15;6.6;50.36016341;50.0866784;29.39916312;29.40943479;96.26721359999999;56.07995179;51.60052217;125.4100145;138.3760471
1231tommy_sem4_num16;6.2;53.8582943;63.73324387;27.52793992;29.18638862;115.83814869999999;64.06730637;64.08459683;119.6275456;144.2799716
1337tommy_sem5_num9;9.2;62.94547821;42.41559085;27.94929382;37.68263699;113.50444109999998;65.0266837;50.06319707;133.9555261;138.3873668
1339tommy_sem5_num10;5.8;52.3755369;56.68761143;27.32980372;28.12261033;107.33038219999999;59.88577628;57.68038144;122.7596257;141.4906654
1341tommy_sem5_num11;6.0;49.14226871;41.32410068;26.50386682;34.44791002;98.24005453;51.36099876;43.65869759;129.05671429999998;136.49694430000002
1343tommy_sem5_num12;6.0;49.91059465;53.4798536;27.29530607;20.91706156;101.5170748;59.71840553;54.40209197;123.7228963;139.82366240000002
1345tommy_sem5_num13;6.0;52.33653077;49.69729362;26.5159145;27.65947035;105.5727936;54.87362052;51.44731151;126.0112396;139.8422678
1347tommy_sem5_num14;6.4;52.0791993;59.50995626;27.04747608;27.7403028;111.4789899;61.51014336;60.0432478;121.09385259999998;142.7644064
1349tommy_sem5_num15;6.0;49.52232082;49.51524071;27.19149483;51.71516838;103.6842564;57.23139287;50.78245716;125.4006687;138.75970969999997
1351tommy_sem5_num16;6.2;55.51160655;57.34423609;28.633269800000004;22.55382166;109.2974893;64.25313879;59.22784839;123.7172767;141.761387
1457tommy_sem6_num9;5.7;43.86443268;50.01958583;23.78589314;26.27448211;108.1622878;53.22387319;49.660109399999996;122.37071759999999;139.8772907
1459tommy_sem6_num10;5.8;53.00281498;57.28540388;26.12471663;24.91734539;108.9283539;60.97230007;58.0986257;122.8401636;141.84170519999995
1461tommy_sem6_num11;5.7;49.39326606;53.54877592;24.32411365;24.38631955;110.80583130000001;56.74026363;54.08518007;122.86932620000002;141.3608936
1463tommy_sem6_num12;5.9;52.24875323;47.07281771;25.6238882;34.43440192;107.03603909999998;56.02600757;49.47434106;127.4953139;138.7946187
1465tommy_sem6_num13;5.9;43.84444427;36.14102293;25.01130648;37.65368584;95.54654305;45.39287129;37.51951884;129.4337636;134.73578700000002
1467tommy_sem6_num14;5.9;49.83490634;45.41351754;25.84589831;27.64872558;102.7887203;52.26116477;47.11875796;127.20459650000001;138.01681259999998
1469tommy_sem6_num15;5.8;45.80841074;42.56911231;26.39528382;70.41926690000003;97.64216871;50.87559034;43.6870989;127.37073999999998;136.13391769999998
1471tommy_sem6_num16;5.9;50.01141764;52.39660685;25.46839694;29.93455276;113.8961382;59.06931169;53.42693217;123.981426;140.8068595
1577tommy_sem7_num9;6.0;45.65948132;44.84613007;22.83672162;23.36854116;105.0846959;49.22844726;45.35886463;125.40403799999999;138.7152369
1579tommy_sem7_num10;6.9;48.56039742;27.10497381;21.90998043;53.906226399999994;117.17930729999999;48.48691794;32.24390499;135.5499875;133.9083981
1581tommy_sem7_num11;5.8;45.59014278;44.41169827;21.95520303;41.54830062;115.7905267;53.07188589999999;45.268819;125.94253219999999;138.6716884
1583tommy_sem7_num12;5.8;47.91609776;49.62580754;22.32244282;25.65904628;118.69888859999999;54.53224759;50.41662507;123.9029709;141.2412888
1585tommy_sem7_num13;6.4;41.88643549;39.44012564;21.86981051;24.52345639;104.2434553;44.59480725;39.63584574;126.47985249999999;137.19711759999998
1587tommy_sem7_num14;6.8;44.47707046;36.28767471;21.11674209;28.88854957;111.80846499999998;47.11423172;37.80429625;129.3722712;136.2205764
1589tommy_sem7_num15;7.0;47.09250747;30.93051489;22.86435831;61.94607176;111.91479550000001;47.460369899999996;34.71238173;133.2787384;134.7313853
1591tommy_sem7_num16;6.8;53.3291348;34.08847571;22.21825951;55.68398501;123.4029101;53.45459917;39.51187438;134.1399055;136.8726618
0873tommy_sem1_num17;5.2;49.26438592;58.42216627;37.17271557;33.37057521;79.2651719;58.16713401;58.60368216;121.0560763;138.0628269
0875tommy_sem1_num18;5.8;47.00931769;56.97565323;36.064712899999996;34.6585293;79.05687977;56.62833014;56.75427616;120.9632353;137.7382572
0877tommy_sem1_num19;5.6;45.90710695;51.20699149;37.17993664;32.16878995;59.97829464;51.09113463;51.27900489;123.7646535;134.6478368
0879tommy_sem1_num20;5.2;51.1251706;57.54385003;36.91180617;29.84324429;75.48688352;57.46073289;58.04205970000001;122.62045800000001;137.5326507
0881tommy_sem1_num21;5.2;60.95434767;73.17200755;39.48552284;31.09749211;97.35598555;72.84716088;73.97316576;118.92563179999999;142.8395866
0883tommy_sem1_num22;6.1;54.0925847;66.65664835;38.9110352;33.24507461;88.34951034;66.31865202;66.8332696;119.4011722;140.2820669
0885tommy_sem1_num23;5.8;50.924559;55.20117734;38.29293373;27.73133854;69.3403181;55.93087598;56.03322886;123.8462384;136.19588180000002
0887tommy_sem1_num24;6.1;54.01165129;61.95178465;40.22237563;30.10643642;76.30408324;61.99148203;62.73111506;121.72433670000001;138.1728576
0993tommy_sem2_num17;5.8;55.95970612;63.89338272;34.89513798;29.71545522;94.48464645;64.88884878;64.9253592;121.34717690000001;140.9624774
0995tommy_sem2_num18;6.3;44.78138089;51.62753324;33.08648775;29.78649092;69.41758917;52.15993851;51.34842741;123.1254968;136.01562140000001
0997tommy_sem2_num19;5.6;50.13197276;53.13513018;34.05418143;27.353697999999998;76.10781337;54.21514934;54.02371202;124.28105690000001;136.8610183
0999tommy_sem2_num20;5.5;42.28856479;47.18377006;33.43385388;31.796681899999996;61.58963217;47.14485486;46.79920084;124.2359176;134.2117857
1001tommy_sem2_num21;5.6;60.38484846;77.30804166;33.40212261;31.96820998;116.1685841;77.31094752;77.48463535;116.46560890000002;146.4537478
1003tommy_sem2_num22;5.7;49.85697598;65.44709318;32.521400199999995;32.05901903;98.89790831;65.37813299;64.91922401;118.38134740000001;141.4006097
1005tommy_sem2_num23;5.7;53.381221499999995;65.37213365;33.75719392;30.7608673;94.52447114;65.40639089;65.54466335;119.7940514;141.2495971
1007tommy_sem2_num24;5.7;55.02315449;72.61106445;31.70384682;31.48026289;110.68136609999999;72.51689998;72.34883555;116.9485848;144.5277101
1113tommy_sem3_num17;5.1;50.84229910000001;53.69134754;34.44105704;26.22582943;71.83576042;54.55187101;54.81838541;124.33796219999999;136.78825080000001
1115tommy_sem3_num18;5.8;49.55870521;59.46115018;30.77521791;29.93478392;91.8208161;59.48702786;59.49370427;120.68734040000001;140.3179816
1117tommy_sem3_num19;6.7;45.01233845;47.03715866;32.19482812;25.8131479;61.39838444;47.86566576;47.37713584;125.2953868;134.6214697
1119tommy_sem3_num20;6.0;47.82755528;52.20837182;32.29940193;27.66320768;78.14150687;52.94439358;52.73439258;123.55008319999999;137.3152493
1121tommy_sem3_num21;6.0;56.48708872;66.37347515;33.67041789;29.82500896;99.54231552;66.85616923;67.20291476;120.08098629999999;142.5079342
1123tommy_sem3_num22;6.9;48.08502417;57.12479219;31.23980691;29.87910967;88.71100332;57.25962915;57.14015304;121.26258600000001;139.3602304
1125tommy_sem3_num23;5.9;47.98485998;59.19128169;31.485235100000004;30.49458694;87.36816219;59.19243997;58.95636263;120.46798700000001;139.6291334
1127tommy_sem3_num24;5.8;49.55798561;59.96824541;30.21176694;29.349290999999997;95.85698154;60.15916698;59.9868667;120.4234518;140.8017725
1233tommy_sem4_num17;6.6;50.17472772;50.21307539;28.31193538;25.52635616;101.4954075;56.24612341;51.52214872;125.16588429999999;139.0215243
1235tommy_sem4_num18;5.8;56.83267136;65.87807384;30.30511644;27.56853605;106.7132043;67.35162917;66.635992;120.3887519;143.40015359999995
1237tommy_sem4_num19;5.8;49.03745966;48.16112327;27.49962555;24.00205554;100.82924090000002;53.33318849;49.28481408;125.63367040000001;138.6002451
1239tommy_sem4_num20;5.8;53.48629684;60.86497018;27.58927954;27.17555605;110.0765057;62.09715036;61.48573624;121.07653140000001;143.00686130000003
1241tommy_sem4_num21;5.8;56.80485783;64.45063096;28.24366769;26.54178887;113.66406809999998;66.78307809;65.49863009;120.7561308;144.10818419999995
1243tommy_sem4_num22;6.2;55.68740099;73.49934094;28.201086;32.58607519;123.40651640000002;73.42996639;73.12568178;115.9337315;147.0636996
1245tommy_sem4_num23;6.6;49.29934444;54.62585299;27.51617034;26.34964292;98.86306096;56.81913433;55.02737099;122.57463600000001;140.3283884
1247tommy_sem4_num24;6.8;56.47068207;73.69332601;28.12729093;32.00149076;122.89364040000001;73.67191283;73.41488923;116.20179250000001;147.1395372
1353tommy_sem5_num17;6.0;45.84785829;42.54422879;27.94008429;24.97424068;85.94138403;47.51761162;43.53626869;127.146478;135.77206730000003
1355tommy_sem5_num18;6.0;50.35946005;61.41453484;25.72862105;30.48451283;117.316704;61.56475113;61.274933600000004;119.1760324;143.9946076
1357tommy_sem5_num19;6.0;47.41838582;50.43070302;25.46836102;25.23381966;105.2153632;53.43492503;50.8125055;123.5612968;140.00481259999998
1359tommy_sem5_num20;6.2;49.95730006;47.98044722;26.51935359;24.08018926;99.00601761;53.99919761;49.48771017;125.98894820000001;138.69426430000001
1361tommy_sem5_num21;6.4;46.69692682;54.92749572;26.20819704;27.94797119;101.4172592;55.55331068;54.69841514;121.27469009999999;140.6483022
1363tommy_sem5_num22;6.2;46.55687215;52.31307798;26.49522424;29.42031473;104.6067686;54.54706751;52.33082919;122.2113919;140.3632658
1365tommy_sem5_num23;6.2;50.28829983;52.75703817;26.65289864;30.59772326;107.25171259999999;59.13558178;53.69897978;124.08474509999999;140.3155815
1367tommy_sem5_num24;6.0;52.32136765;60.86306612;26.83276404;28.49992348;110.9055165;63.37667373;61.31271671;120.8411688;142.8993092
1473tommy_sem6_num17;5.7;40.5271914;30.21113517;24.89070669;25.83585616;82.06948668;40.50617202;31.25616675;131.2083626;132.0891129
1475tommy_sem6_num18;5.8;48.81036614;40.50620583;26.52140691;22.70924831;96.39583234;49.34329526;42.60569909;129.2579307;136.25627759999998
1477tommy_sem6_num19;5.7;45.99040532;35.61622238;25.33492271;35.14741271;99.03873115;46.63922993;37.78065722;130.6389056;134.8547035
1479tommy_sem6_num20;6.1;48.93519909;55.75424014;25.33505928;27.95903703;110.57545959999999;58.44376425;55.85656702;121.6983871;141.7203904
1481tommy_sem6_num21;5.9;48.45358878;52.21194114;26.04830426;25.47068026;104.88851809999998;55.59308038;52.719318200000004;123.34586370000001;140.0013628
1483tommy_sem6_num22;6.0;52.01097531;60.4393913;26.04716954;28.19723056;116.7926758;61.59752215;60.81583873;120.3950504;143.6101668
1485tommy_sem6_num23;5.8;49.56083553;54.71191175;24.59163863;24.65900581;108.45754779999999;56.95112462;54.87327984;122.46350530000001;141.4214897
1487tommy_sem6_num24;5.9;49.0306846;49.14751396;25.19084451;24.41265894;106.7536422;54.68654952;50.16602818;125.09590259999999;139.4630846
1593tommy_sem7_num17;7.2;50.51617626;36.77523398;23.30575287;31.01785634;112.0999362;51.08377122;40.21666081;131.6461811;136.81030959999998
1595tommy_sem7_num18;6.4;39.70162084;24.69329529;21.96459979;45.21235419;98.89071035;39.61180875;26.64686892;133.4369774;131.5750871
1597tommy_sem7_num19;6.8;44.20331447;30.23642775;21.77586079;51.67612235;112.15850879999999;44.28086722;32.83719388;132.1774791;134.26314219999998
1599tommy_sem7_num20;6.6;47.97161797;34.98545331;23.03844127;31.42672395;111.50703700000001;48.75616220000001;38.02654402;131.44129660000002;135.9770455
1601tommy_sem7_num21;6.6;41.53541831;34.95256555;22.50475692;29.40056121;100.34963979999999;43.56712589999999;35.84298772;128.6928082;135.21939980000002
1603tommy_sem7_num22;7.2;42.16746369;36.18094516;21.99243694;29.64337339;104.6979115;43.98520166;36.85470417;128.3734695;135.7776789
1605tommy_sem7_num23;6.6;49.77405388;55.92862359;22.36214849;26.78330621;122.01944830000001;58.24341652;56.08824317;121.63475840000001;143.0740073
1607tommy_sem7_num24;6.0;40.68700655;40.13723710000001;22.25253961;25.579669;100.4796072;45.22584727;39.93884535;125.8928399;136.54588930000003
0905tommy_sem1_num33;6.7;55.91683424;65.92181523;40.5284141;30.89986263;76.71242754;66.13113296;66.58401038;121.27193999999999;138.483501
0907tommy_sem1_num34;5.9;54.20635345;64.13535716;38.80022299;32.10256811;81.75693385;64.16907947;64.67198107;120.96222920000001;138.9859292
0909tommy_sem1_num35;5.3;55.73073696;67.64859272;37.15406242;30.42107514;87.33675011;67.81234638;68.09196158;120.15179209999998;140.415865
0911tommy_sem1_num36;6.0;51.98001046;64.07963042;37.78475775;31.13280856;78.04849468;63.75122008;64.06452732;120.5813418;138.4848524
0913tommy_sem1_num37;5.7;46.84045952;53.57670019;38.12709745;33.59662291;54.40925792;53.62758344;53.59585977;123.56894890000001;134.5325571
0915tommy_sem1_num38;6.0;48.12058882;57.50347854;36.79302124;34.12420136;79.58771266;57.24058874;57.45847841;121.16274170000001;137.6646938
0917tommy_sem1_num39;5.1;54.59927358;68.00412340000001;36.17499033;32.19474961;96.94176431;67.75094991;68.18104293;118.8030721;141.8438625
0919tommy_sem1_num40;6.3;47.17630744;52.91399596;36.88981843;37.61229279;61.5244674;52.95682081;52.92989421;123.64593899999998;135.2643786
1025tommy_sem2_num33;6.5;50.83145599;56.52578496;34.72144592;27.45939883;78.137352;58.57130759;57.19137485;123.11761740000001;137.60484430000002
1027tommy_sem2_num34;6.5;54.26790955;61.38790422;33.81451756;27.65399549;90.28334893;63.02681209;62.31034274;121.75238600000002;140.2118728
1029tommy_sem2_num35;5.8;59.15970892;63.92954859;35.14571709;25.96449344;91.66847618;65.76195133;65.65586465;122.54514840000002;140.9163461
1031tommy_sem2_num36;5.5;53.35154251;69.02520587;32.68000717;31.424674600000003;102.53291750000001;68.97322522;68.82623725;117.97760459999999;142.81513069999997
1033tommy_sem2_num37;6.6;51.83898593;62.55236826;34.29777995;30.61444912;87.59747329;62.8345032;62.73340676;120.4874696;140.03996769999998
1035tommy_sem2_num38;6.5;49.79926782;64.21654575;32.98119847;32.75659099;95.63846231;64.25876614;63.8699091;118.8271246;141.0235997
1037tommy_sem2_num39;6.4;49.90219061;58.03795111;34.13821495;28.38975654;80.67216241;58.45388926;58.28413982;122.0697277;138.13524109999997
1039tommy_sem2_num40;6.3;53.23009078;68.23973396;32.94285367;32.07431749;101.2036819;68.31411859;68.14484231;118.2594755;142.58774640000001
1145tommy_sem3_num33;6.2;54.24100153;63.14668623;30.90638066;28.80456235;101.1228279;65.21856732;63.88100499;120.93308600000002;141.84551000000005
1147tommy_sem3_num34;6.0;49.55875222;55.77791047;30.60118406;26.95272799;90.07910454;57.44170504;56.32410756;122.41871200000001;139.26690269999997
1149tommy_sem3_num35;5.8;49.96845504;59.64153657;30.94309175;29.29938351;92.05836638;59.58491202;59.83093958;120.7894074;140.29182609999998
1151tommy_sem3_num36;5.7;49.01331051;66.61908718;30.01782184;33.52401051;105.6647582;66.55637573;65.79438985;117.17420829999999;142.9869984
1153tommy_sem3_num37;5.8;57.39851656;70.83060787;30.60737373;29.68007487;109.29349270000002;70.80498454;71.19520563;118.39727749999999;144.6814999
1155tommy_sem3_num38;6.1;53.77149351;59.70122716;32.99946688;25.32134462;87.31458231;62.92471537;60.88077416;122.57615590000002;139.49827280000002
1157tommy_sem3_num39;6.2;46.09734213;54.41001668;32.2030635;28.84177249;76.27071757;54.87871169;54.43437449;122.2245723;137.2717955
1159tommy_sem3_num40;5.8;49.83913781;58.78452615;30.00468684;27.64278235;93.2521877;59.49658662;58.99113202;121.2434778;140.2467429
1265tommy_sem4_num33;6.6;52.34956242;52.33523533;27.80393783;22.55268987;102.66396040000001;58.25272175;53.99595325;124.99115220000002;139.7789895
1267tommy_sem4_num34;6.6;56.78857358;64.86265563;29.41843254;26.73614159;107.11882320000001;65.58107498;65.73017542;120.73171359999999;143.3592416
1269tommy_sem4_num35;5.8;49.11311691;53.69837144;27.53960398;27.82440212;104.2546167;56.55555439;54.19445482;122.8858361;140.38134580000002
1271tommy_sem4_num36;5.8;57.19671828;73.00456696;28.64717031;32.11478082;122.86713710000001;72.95209114;72.97835656;116.60905459999998;147.0874843
1273tommy_sem4_num37;6.2;46.66678189;45.84774134;28.30858158;25.31647877;87.85394752;49.85313484;46.71815123;125.8580581;136.8437846
1275tommy_sem4_num38;6.6;45.87362897;57.62164724;27.20303046;30.10863033;101.05986209999999;57.68628497;57.00855771;119.92406470000002;140.91652539999995
1277tommy_sem4_num39;6.8;49.41489201;58.64549567;27.63631273;28.82840052;102.87807690000001;58.85565655;58.62351688;120.67129979999999;141.57388280000004
1279tommy_sem4_num40;6.8;51.48438328;56.3087177;27.65155986;25.7203495;107.75573130000001;59.62540175;57.04754422;122.428506;141.5627561
1385tommy_sem5_num33;6.0;51.50221384;49.34647409;28.44065184;28.84876743;98.41650117;55.31540686;51.14448931;126.0460649;138.69477880000002
1387tommy_sem5_num34;6.2;48.54335206;44.43518945;26.26884621;46.24389597;100.91613709999999;54.43982065;46.28912069;127.7170155;136.9765829
1389tommy_sem5_num35;6.6;45.84907692;41.54385299;26.42187518;31.81934818;95.2470321;48.38836541;42.78381315;127.61278999999999;136.26850149999999
1391tommy_sem5_num36;6.0;50.27289384;61.38688177;25.68251079;28.95382924;113.6433007;62.02940046;61.03088789;119.58161969999999;143.30573619999996
1393tommy_sem5_num37;5.8;45.84378356;48.72979727;25.85430627;28.85483556;100.5170181;52.53068144;49.01280357;124.14176499999999;138.5260676
1395tommy_sem5_num38;6.0;48.75363209;51.50334004;27.47087324;35.61951493;102.43422340000001;55.43126909;52.29947499;123.8675092;139.4708497
1397tommy_sem5_num39;6.4;45.07563651;48.17206876;26.10408691;26.43170951;95.09084265;50.39002691;48.27494565;123.979525;138.1288483
1399tommy_sem5_num40;6.0;44.11339398;47.76002941;25.86016351;27.45439523;96.61870072;48.09651245;47.61559909;123.42554299999999;138.55996059999998
1505tommy_sem6_num33;6.1;48.05176412;35.3872869;25.97237476;81.43689336;101.8186168;49.27916547;38.39078608;131.790706;134.53491110000002
1507tommy_sem6_num34;6.7;47.99223831;45.68253198;25.62342418;24.10560732;100.7812313;50.14821206;46.89061425;126.1062311;138.4750585
1509tommy_sem6_num35;5.4;42.48642326;35.62796945;23.36688131;72.36617287;103.4089418;45.23480519;36.94416394;128.9043704;134.918262
1511tommy_sem6_num36;6.1;45.95192729;41.3449692;23.70195702;39.98880812;111.58912609999999;50.66041517;42.74375091;127.57986470000002;137.5647519
1513tommy_sem6_num37;6.0;46.03710462;41.08999755;23.23694332;52.0984321;110.57749790000001;51.04040623;42.66507408;127.8737707;137.19067619999998
1515tommy_sem6_num38;6.1;43.72760348;52.65358902;24.48713426;30.19579982;106.45805870000001;53.14526754;51.84216245;120.90273570000001;140.719869
1517tommy_sem6_num39;6.3;43.687644399999996;40.45557952;23.82472655;62.39186368;103.3023444;48.76103217;41.24633924;127.26098759999999;136.3843749
1519tommy_sem6_num40;6.0;40.84581405;37.95316134;21.98173191;30.77563655;100.50011440000002;43.22041721;37.8616896;126.98668229999998;136.1252168
1625tommy_sem7_num33;6.4;40.95221710000001;32.12403566;21.94661029;28.18003279;100.9429948;41.86213542;33.20511681;130.00196770000002;134.39299599999998
1627tommy_sem7_num34;6.6;44.329010499999995;36.94426168;21.76479009;41.35773159;110.5315405;47.14440732;38.45749824;128.9489103;136.1991505
1629tommy_sem7_num35;6.8;47.48255392;36.88592571;21.86603356;27.27343017;112.29787639999999;47.92362868;39.10498314;130.1489038;136.829819
1631tommy_sem7_num36;6.6;47.17838556;35.56135375;23.47342303;20.31216554;101.5131715;47.11673496;37.81971117;130.8865371;135.49434480000002
1633tommy_sem7_num37;6.6;42.92377376;36.85553046;20.46473535;28.98980388;112.27514140000001;45.32071788;37.78105857;128.1638837;136.8624551
1635tommy_sem7_num38;6.4;41.49483638;36.1672572;22.09955361;36.17047154;106.82954779999999;44.3331563;36.74376709;128.1522219;135.7800009
1637tommy_sem7_num39;6.8;43.98604787;39.58948574;21.01044489;40.93526671;113.4213669;48.85900529999999;40.53147992;127.30809029999999;137.4728217
1639tommy_sem7_num40;6.8;46.55378337;34.39207344;21.73341512;26.59045146;111.28193970000001;46.88316536;36.96014568;130.93673529999998;135.9621371
0921tommy_sem1_num41;5.8;47.14882109;53.35229535;38.07445685;28.87937447;60.2188671;53.62544518;53.52917037;123.49774359999999;134.9223711
0923tommy_sem1_num42;6.4;44.596160999999995;52.50880212;36.94315446;33.88562645;64.66744726;52.13152873;52.16111137;122.61961540000001;135.0705817
0925tommy_sem1_num43;5.5;47.65835904;55.75992163;37.16123192;32.67155935;72.40927085;55.47765178;55.74091632;122.0921064;136.6169999
0927tommy_sem1_num44;6.4;48.23119989;54.10029555;38.47840314;32.33441251;59.73213165;54.21361451;54.37325221;123.3524352;135.4158358
0929tommy_sem1_num45;5.8;54.06001089;63.35524346;37.21424014;31.58374319;89.82966334;63.05449724;63.96051149;120.58088229999998;140.23724119999997
0931tommy_sem1_num46;6.0;47.4353831;53.53196418;38.23706662;28.85941543;62.06455355;54.06536174;53.92389835;123.39498400000001;135.1348476
0933tommy_sem1_num47;5.4;51.93811624;56.15185648;37.44981946;29.85688419;70.03431947;57.32984404;57.03461084;124.025819;136.52251950000002
0935tommy_sem1_num48;5.8;54.29027028;64.77219075;37.41261613;31.59039407;90.12433081;64.52847092;65.28007309;120.1490065;140.433846
1041tommy_sem2_num41;6.5;50.57670915;60.62511349;37.75802095;32.66829835;74.48160911;60.87589627;60.98200424;121.2976495;137.6877801
1043tommy_sem2_num42;6.7;48.18580581;56.88982001;36.40773573;31.40169489;68.58470255;56.89810039;57.20326615;122.1323915;136.6616928
1045tommy_sem2_num43;5.7;64.70710795;63.34019341;36.5170745;22.84340261;92.14978520000001;68.38375099;66.57422738;125.10880449999999;140.6417105
1047tommy_sem2_num44;5.5;52.31946485;66.82168259;32.66082228;31.96333616;99.55914476;66.77332777;66.48005299;118.68812140000001;141.9525851
1049tommy_sem2_num45;5.6;49.7123923;56.34414361;34.49818801;28.64283707;77.26889884;56.94768188;56.76837915;122.8216241;137.43875069999999
1051tommy_sem2_num46;5.7;45.52411872;53.59903927;33.12267191;30.94775763;76.82622055;53.80266316;53.39770279999999;122.41637800000001;136.978261
1053tommy_sem2_num47;5.7;53.47112418;62.09758405;34.90363397;29.37997152;85.93018164;62.51819192;62.64009596;121.46971299999998;139.59142549999999
1055tommy_sem2_num48;5.6;51.81250506;55.61994113;34.70435645;28.44030009;82.17921377;56.77020497;56.64137358;123.5574192;137.9054052
1161tommy_sem3_num41;6.0;51.67592622;58.14822496;32.10961247;26.85913043;89.7845468;59.87119761;59.00952493;122.26698689999999;139.540593
1163tommy_sem3_num42;5.9;53.07914718;60.67886114;30.87826692;27.12323418;99.20824629;62.22492855;61.45008283;121.408901;141.2637983
1165tommy_sem3_num43;6.0;55.65694768;59.77701763;31.47305013;25.08541027;98.55501217;63.12708727;61.33589250000001;122.91294950000001;140.9404516
1167tommy_sem3_num44;6.6;50.89696708;54.37675649;33.39783939;25.5068458;76.35607811;55.75848137;55.44650073;124.03914840000002;137.39886409999997
1169tommy_sem3_num45;6.8;52.62142286;65.71235488;32.27236535;31.19857213;98.15156075;65.71858394;65.81501091;119.0866004;142.04454280000004
1171tommy_sem3_num46;6.0;54.20531773;49.89467161;33.45345868;23.71961978;78.84076133;56.81392981;52.61920840000001;127.3939117;136.2904195
1173tommy_sem3_num47;6.4;50.53031741;59.38637554;33.65917701;29.93826571;83.54534009;59.86042479;59.76930621;121.4753145;139.1144274
1175tommy_sem3_num48;5.4;54.79756212;71.97213308;30.25303128;30.50800201;108.4341469;71.87959443;71.67852945;117.27062520000001;144.4887
1281tommy_sem4_num41;5.8;49.63657076;44.80679908;30.31029394;27.44692213;86.86219437;52.06917434;46.81960128;127.8135308;135.9732285
1283tommy_sem4_num42;6.6;47.03932841;44.81665406;28.10389232;26.51025713;91.38620743;50.69314663;45.86090361;126.6144004;136.6813055
1285tommy_sem4_num43;6.0;57.95174237;60.54101484;29.207021299999997;23.83133058;111.6211164;66.98136018;62.43788876;123.47363610000001;142.5019263
1287tommy_sem4_num44;6.2;50.18310515;53.01554948;28.23390744;24.38158164;96.59935987;55.28054151;53.77424934;123.7424758;139.5259019
1289tommy_sem4_num45;5.8;49.43520745;55.67914798;27.89562495;28.99293812;103.77037709999999;59.02191678;56.10719226;122.12261219999999;140.71630580000001
1291tommy_sem4_num46;6.8;50.90726763;53.17095524;27.40542003;26.31680731;102.0066676;58.80303433;54.24365998;124.2469406;139.80415190000002
1293tommy_sem4_num47;5.8;51.47751612;56.31635581;29.43936589;24.85142723;95.79019688;60.48319115;57.13694416;123.24842220000001;139.7415929
1295tommy_sem4_num48;6.2;49.83333185;62.77331663;27.53003964;30.11708384;108.9822517;63.12298245;62.34349691;118.92118159999998;142.96714730000005
1401tommy_sem5_num41;5.8;48.43771373;48.27024754;28.70184535;24.66050505;94.75954540000001;54.14634427;49.54599762;125.38038700000001;137.93847230000003
1403tommy_sem5_num42;6.8;41.28899954;38.96958923;26.44385635;37.80159975;86.43255888;44.77248592;39.28737867;127.0566636;134.7530164
1405tommy_sem5_num43;6.0;46.6454321;45.18416261;26.33197034;33.233678600000005;93.74546426;51.91534397;46.18883464;126.40904850000001;136.9389182
1407tommy_sem5_num44;5.8;47.58111471;47.00425294;26.15807825;25.08388956;100.9855344;51.20465749;47.88568106;125.4498656;138.4510362
1409tommy_sem5_num45;5.8;51.67190767;68.11380598;27.24004075;32.64028127;119.33585740000001;68.07591037;67.50354001;116.88010159999999;145.2617969
1411tommy_sem5_num46;5.6;45.4326859;52.79743337;26.05339626;29.52184046;104.12864990000001;53.26997148;52.45013555;121.549761;140.3000823
1413tommy_sem5_num47;5.4;47.72777101;54.98701995;26.15280064;28.07471991;107.7188123;56.40554054;54.97146551;121.534568;141.0974485
1415tommy_sem5_num48;5.6;44.41193917;45.40802087;25.80829632;34.81629623;96.98667837;49.20414822;45.59761892;125.01422749999999;137.5505776
1521tommy_sem6_num41;6.2;40.04729551;36.58613436;23.31460149;42.67439259;94.74533570000001;43.36691731;36.71666429;127.5863711;134.9385798
1523tommy_sem6_num42;7.0;40.325072999999996;26.53352471;23.402935100000004;56.98148927;95.02345782;40.28089547;28.4042644;132.9375984;131.678827
1525tommy_sem6_num43;6.1;44.7884088;33.91025208;23.70096554;41.51733161;103.88310209999999;45.42283075;35.94401383;130.879304;134.8789368
1527tommy_sem6_num44;6.1;49.04689116;51.66810173;25.26619878;29.52319263;109.4346034;55.28488532;52.40826797;123.60680790000002;140.5547862
1529tommy_sem6_num45;6.3;46.99625469;44.68546833;23.55374502;28.69548445;107.20616580000001;52.04372909;45.76827577;126.3130135;138.4828216
1531tommy_sem6_num46;4.9;45.62436851;36.41623401;23.36049159;42.06179046;107.65347179999999;47.33858972;38.44185443;129.8629578;136.0346882
1533tommy_sem6_num47;6.2;40.46742082;34.27483318;24.38853037;48.51877162;89.01829881;41.77739579;34.84366863;128.97007240000002;133.7915341
1535tommy_sem6_num48;6.0;44.377026;54.39589851;22.06573238;29.54238831;120.13881470000001;54.88300501;53.51941193;119.89165679999999;142.60956969999995
1641tommy_sem7_num41;7.4;45.48592697;29.69335107;20.3705608;68.4836482;116.3734379;46.58428062;33.56665118;132.8362741;135.1042476
1643tommy_sem7_num42;7.2;43.55548451;30.84046486;21.152046;53.17381431;110.91483899999999;43.98304789;33.38343014;131.528317;134.62631240000002
1645tommy_sem7_num43;6.6;42.57325344;41.174836799999994;20.71640985;28.75477161;111.4549003;45.84293589;41.34801984;125.7634354;138.1302261
1647tommy_sem7_num44;7.0;46.57080405;31.38641721;21.88673962;26.84605174;107.8366696;46.63666941;34.46582453;132.62117659999998;134.91024209999998
1649tommy_sem7_num45;6.2;39.34646127;27.66640624;19.90259676;32.37957373;103.5832354;39.32940155;28.91650152;131.30739309999998;133.33875
1651tommy_sem7_num46;6.2;40.90869582;40.6943908;20.47271942;25.79342699;107.12745290000001;45.70198995;40.17489262;125.5689935;137.5124864
1653tommy_sem7_num47;6.4;56.43952012;34.00940785;22.28140971;20.34989266;119.99906809999999;56.32904065;40.51480175;135.06249430000003;137.6016947
1655tommy_sem7_num48;6.6;41.09236358;34.11061813;20.26061392;24.8564846;107.14387749999999;42.31054743;34.74145182;128.81211629999999;135.6229728
0937tommy_sem1_num49;5.1;54.97021834;66.44123512;39.37040062;30.10430898;81.11016771;66.26184281;66.84560593;120.4861102;139.1980216
0939tommy_sem1_num50;6.1;43.41847949;45.7831109;37.96665394;40.2558698;38.12600998;46.06331286;45.44052715;126.26713740000001;131.31480249999998
0941tommy_sem1_num51;6.0;45.02967759;46.13982531;39.43159448;37.36049427;36.76331091;46.886759999999995;46.38459372;126.6097345;131.06671409999998
0943tommy_sem1_num52;6.1;52.68058086;62.74601378;37.62199997;30.21276954;80.05463856;62.7363044;63.10763704;121.221548;138.50387609999999
0945tommy_sem1_num53;6.3;56.97376553;68.55502627;36.88362595;28.02452864;86.1415059;68.61880025;69.07346492;120.4165623;140.379989
0947tommy_sem1_num54;5.2;60.63913497;72.77318756;38.98175021;29.0676648;91.14652811;72.60572877;73.57093587;119.7103642;141.76815969999996
0949tommy_sem1_num55;5.4;55.94530827;69.59900712;37.10798439;30.64562908;91.92614629;69.36486285;69.74983916;119.1920051;141.28459709999996
0951tommy_sem1_num56;6.6;54.78908113;66.93176187;38.57253898;30.17192445;82.16435359;66.88232585;67.20428309999998;120.3485068;139.39234340000002
0953tommy_sem1_num57;4.8;46.71731162;47.89123164;36.958931899999996;51.95524539;55.18975664;50.41569913;48.26882174;126.13399509999999;133.0870868
0955tommy_sem1_num58;6.0;59.23105932;73.29177920000002;39.06972164;29.31936835;90.30853166;72.93664248;73.72566632;119.09028799999999;141.64456040000005
0957tommy_sem1_num59;5.1;52.75156809;64.06318462;38.53800906;30.61749458;78.35572718;64.06494769;64.28627879;120.8593578;138.3706167
0959tommy_sem1_num60;6.2;50.88831166;62.2369878;37.53034339;32.09113936;77.29347908;62.00604709;62.21896494;120.96083270000001;137.98977539999998
1057tommy_sem2_num49;6.2;51.01708939;62.24582191;34.84234777;30.56821718;84.16455882;62.40157321;62.28628333;120.6513605;139.23310569999998
1059tommy_sem2_num50;5.5;47.64415962;62.16305844;33.08671359;33.78013905;88.91063079;62.1325415;61.58631956;119.2499682;139.71455519999998
1061tommy_sem2_num51;6.4;45.93649437;51.06901025;33.22961005;30.88065608;74.63522734;51.17777986;51.23852544;123.3761308;136.4595068
1063tommy_sem2_num52;5.6;60.97394873;78.40073744;31.83515014;30.83177271;116.84545659999999;78.39417555;78.46161395;116.3942193;146.84629119999997
1065tommy_sem2_num53;5.8;52.16563776;57.01422286;34.17514783;27.29517429;86.15244637;58.90254272;57.94227189;123.24400320000001;138.48166750000001
1067tommy_sem2_num54;6.5;51.7250289;61.77977326;33.75070524;29.83745187;89.20932593;62.01101926;62.11752843;120.71980159999998;140.02917480000002
1069tommy_sem2_num55;5.9;54.32606033;70.97749163;34.12564611;32.98369477;104.8853788;71.04206628;70.74463646;117.39730109999999;143.2462953
1071tommy_sem2_num56;5.6;52.58443047;60.62283174;33.39267412;29.05587858;92.31028417;61.71213829999999;61.25400329;121.2192861;140.36541110000002
1073tommy_sem2_num57;5.6;49.98061197;55.00422415;34.96323324;29.23084657;76.90594849;55.84381727;55.60036582;123.36450690000001;137.21805319999999
1075tommy_sem2_num58;6.5;52.62924396;64.33650764;33.3231982;29.53989725;90.13046966;64.30585711;64.42480957;120.23876059999999;140.5172384
1077tommy_sem2_num59;6.4;52.73637916;59.80479447;34.03371901;28.59529118;87.56648023;61.25345179999999;60.51446246;122.301901;139.24177319999998
1079tommy_sem2_num60;5.8;52.72004388;66.75206476;33.6921661;32.00884166;100.1616548;66.71744907;66.65129232;118.6014239;142.07296200000005
1177tommy_sem3_num49;6.7;53.12126786;71.44337781;29.31118899;32.11358171;113.59049040000001;71.48688209;70.89124147;116.51320459999998;145.0685604
1179tommy_sem3_num50;5.0;58.75169103;74.88256176;29.16977574;30.41349596;118.53198390000001;74.82407276;74.99160346;116.8533183;146.837955
1181tommy_sem3_num51;5.7;55.42790442;54.71771546;31.14532635;22.68600837;97.17576071;58.90458256;56.81386875;125.1096092;139.8311399
1183tommy_sem3_num52;5.8;51.11715877;61.79349316;30.20878692;29.02018675;94.94198663;61.84936656;61.85767956;120.3788919;141.07179299999999
1185tommy_sem3_num53;5.7;51.33403054;57.73841027;32.68862456;25.78423914;86.98150428;60.69554656;58.56613856;122.47127990000001;139.1343651
1187tommy_sem3_num54;5.6;52.19493009;58.70539615;30.43882257;27.49596233;98.5771718;60.24251364;59.49294139;121.9184305;140.82727230000003
1189tommy_sem3_num55;5.2;51.79071957;63.03930972;30.29754799;29.94858847;100.0905816;63.02684960000001;63.19674512;119.7992722;141.9282927
1191tommy_sem3_num56;6.3;58.86189921;75.7244928;32.97987029;31.87453706;110.5495908;75.67409708;75.81093876;116.7380629;145.7049368
1193tommy_sem3_num57;6.3;56.05401839;56.39366773;32.73460194;23.34325883;92.00263458;62.76943154;58.50851807;124.94573009999999;139.1750352
1195tommy_sem3_num58;6.1;57.21126218;57.32962688;35.32664999;23.67695616;80.4623142;59.31064882;59.65380644;124.90049340000002;138.5286965
1197tommy_sem3_num59;5.7;51.95645417;59.88381675;29.27092979;26.52210918;96.27639635;60.96817637;60.22033342;121.4248372;141.1884019
1199tommy_sem3_num60;5.8;53.56315727;64.93603119;31.41558293;27.58466762;92.57786490000001;65.20407591;65.26942523;120.32802179999999;141.2191706
1297tommy_sem4_num49;6.6;52.09707311;44.86724909;28.30693346;22.90481362;98.04276655;53.53403379;47.40545083;128.52051310000002;137.39046480000002
1299tommy_sem4_num50;6.6;50.76539187;61.02702447;28.09222243;29.12392805;105.803205;61.74827173;61.03767487;120.1407868;142.3006265
1301tommy_sem4_num51;6.0;53.18628297;51.49714425;28.30845471;27.84912626;103.963774;58.19892998;53.52004375;125.6901347;139.6623493
1303tommy_sem4_num52;6.2;56.260532;53.84239670000001;28.58622574;22.57651913;108.9230382;62.41384016;56.47503749;125.69482579999999;140.86553700000005
1305tommy_sem4_num53;5.8;55.08468766;69.33320079;28.32985755;30.24320083;116.13279270000001;69.99262481;69.27794483;117.89694569999999;145.294611
1307tommy_sem4_num54;5.8;52.9345094;68.63516078;26.68656867;31.95949053;122.46208999999999;68.6513688;68.25945686;116.98768419999999;145.94998080000005
1309tommy_sem4_num55;6.0;55.36261812;62.24397273;27.87848037;27.23172359;111.279678;64.13515127;63.18737431;121.2038577;143.3707113
1311tommy_sem4_num56;6.4;49.14053203;62.27230023;26.74905551;30.65436899;110.9200156;62.38457738;61.71669327;118.7052752;143.2915572
1313tommy_sem4_num57;6.0;52.22308042;52.98091359;28.49272572;29.20929528;101.7100631;57.35694326;54.36325596;124.56581010000001;139.9130483
1315tommy_sem4_num58;6.2;59.6239581;63.7563885;29.37059821;24.64887971;115.16338710000001;68.37179366;65.43972441;122.3255916;143.8958871
1317tommy_sem4_num59;6.2;49.04118386;48.88751416;27.7700988;22.29380626;99.17952395;55.96014158;50.12492284;125.6005393;138.2690757
1319tommy_sem4_num60;6.0;57.17355464;71.79278317;28.17281848;30.54419684;120.8948308;72.06404419;71.70780604;117.3796527;146.6044455
1417tommy_sem5_num49;6.4;56.19558918;75.64437453;26.04942005;31.98414329;128.73628490000002;75.63334578;75.02340233;115.2614976;148.2124385
1419tommy_sem5_num50;6.2;49.12510075;37.33517155;29.29646342;47.59786579;87.70780186;49.5686409;40.39814992;131.533973;133.7640002
1421tommy_sem5_num51;6.0;52.34056034;58.92513679;25.84085645;26.10428895;112.61338880000001;60.77114841;59.290686;121.57158270000001;142.8026069
1423tommy_sem5_num52;6.6;48.92247721;44.94876098;26.56336817;27.81185299;99.55019658;51.71447076;46.56103647;127.0136666;137.8184725
1425tommy_sem5_num53;5.8;49.17139034;64.31466195;25.59362613;32.5844857;121.038606;64.27520051;63.64232116;117.358725;144.85672490000005
1427tommy_sem5_num54;5.4;49.27993603;58.10319377;25.34858798;27.47558675;112.7756686;59.87777247;58.1001688;120.67885520000002;142.49444069999996
1429tommy_sem5_num55;6.6;51.45569003;53.62766273;24.89741402;24.09045107;111.6530178;58.09676292;54.90209701;123.5673043;141.4269522
1431tommy_sem5_num56;6.4;51.76665985;52.46884151;25.98212643;26.25614617;113.3809112;59.2832086;53.81694685;124.6230395;140.78648859999996
1433tommy_sem5_num57;6.4;51.05825116;48.98639063;26.67473157;35.52334443;110.23420449999999;57.84125989999999;50.95688445;126.0326588;139.64922980000003
1435tommy_sem5_num58;6.0;48.85993943;45.63472678;25.53150585;31.88579345;99.72830713;54.35774727;47.21089094;127.31747340000001;137.4473981
1437tommy_sem5_num59;5.8;48.09742443;45.04751847;26.51618052;33.79573365;102.4872927;52.19818479;46.49833389;126.77026770000002;137.9097741
1439tommy_sem5_num60;6.0;46.48193284;46.4366752;26.44388689;25.94393639;95.64758776;49.34923734;47.00780045;125.25836909999998;138.08666200000002
1537tommy_sem6_num49;5.8;48.31710397;55.93354307;23.81638171;26.25268782;115.5430455;58.74136137;55.88041996;121.15619790000001;142.4201233
1539tommy_sem6_num50;5.9;46.37872229;49.99386444;23.71507509;26.63502528;114.2571166;55.27056054;50.14615773;123.3722134;140.4628084
1541tommy_sem6_num51;5.9;44.04508454;40.57963849;24.29078717;26.7463064;96.81111239;45.60184857;41.23621177;127.0687415;136.71772119999997
1543tommy_sem6_num52;6.1;50.00020486;58.54062863;24.82930115;28.16391091;116.59559569999999;60.10425106;58.60903731;120.4554754;143.26779969999996
1545tommy_sem6_num53;6.5;47.63900214;55.68914451;24.39955404;27.00283476;114.2669737;58.33563579;55.58114884;120.9708497;142.2115488
1547tommy_sem6_num54;5.3;53.90330747;60.71754350000001;26.05831457;27.32007727;115.7282815;62.73617088;61.36954132;121.18788359999999;143.6840167
1549tommy_sem6_num55;5.9;46.09158278;37.96384673;26.66699251;47.33450468;95.98631833;48.03775024;40.00901489;129.6293097;135.1162855
1551tommy_sem6_num56;6.0;49.27739769;52.48438023;24.87330562;27.90893251;107.6308524;55.40310202;53.06629722;123.3653193;140.70172230000003
1553tommy_sem6_num57;6.1;45.82437306;49.18944617;23.71938143;30.04722694;110.1912548;55.02123621;49.35147405;123.9831959;139.6092863
1555tommy_sem6_num58;5.6;48.93923702;55.71351481;23.08418701;29.07045837;120.95117900000001;56.75932294;55.71354918;121.1265655;143.1778988
1557tommy_sem6_num59;5.9;52.99606476;45.81946593;24.48917321;67.20876286;121.7028065;58.96576981;48.93049312;128.4090247;139.2612131
1559tommy_sem6_num60;6.1;41.47690538;36.74622469;24.39638984;31.73515012;88.25575494;43.52429578;37.08319578;128.2494781;134.82750180000002
1657tommy_sem7_num49;6.6;52.03763764;41.28235442;22.34852284;26.29122229;115.8508429;54.80233907;44.78792623;129.8726973;138.6269092
1659tommy_sem7_num50;6.6;45.16926351;42.28924236;21.4245541;29.08069988;112.07040740000001;49.22945771;42.97665689;126.5493784;138.4905779
1661tommy_sem7_num51;6.0;47.42537827;50.74898653;22.08059419;23.19018941;114.93060990000002;55.17524545;51.02908222;123.33569609999999;140.9373846
1663tommy_sem7_num52;6.0;44.98594908;49.1599972;19.59075145;28.13930618;126.20881999999999;52.51109261;48.95088562;122.67331580000001;141.6058031
1665tommy_sem7_num53;11.6;52.68298835;38.08642468;21.2942127;16.61387415;120.52886059999999;52.73574096;41.62977166;131.6347269;138.3040911
1667tommy_sem7_num54;6.0;45.84762994;48.80384618;22.217371399999998;24.78640675;113.2722492;51.36523876;48.85583022;123.46208429999999;140.3320001
1669tommy_sem7_num55;6.2;41.76980266;28.95197755;20.35156888;40.12601079;109.6428176;41.96577402;31.10563372;131.6167672;134.25010600000002
1671tommy_sem7_num56;6.6;46.84590220000001;25.9624922;22.55148189;61.67813099;111.41431159999999;46.65905871;30.905402000000002;135.5592674;133.1671398
1673tommy_sem7_num57;6.0;45.43966292;44.49690894;20.83575072;29.96760456;115.2966598;50.12563;44.972012299999996;125.49937949999999;139.35579909999998
1675tommy_sem7_num58;7.0;48.69744752;42.16447702;21.59341015;21.56993874;115.5420811;52.71804770000001;44.18795499;127.9498395;138.7035868
1677tommy_sem7_num59;6.4;50.30589793;34.67977261;21.33701537;16.62386221;116.8003577;50.46013819;38.33031583;132.376063;136.96761919999997
1679tommy_sem7_num60;9.4;48.4420217;40.33991805;21.9237763;33.75571907;116.1192545;51.07903238;42.65636048;128.8611624;138.0110133
