ind;sst;mean_R_full;mean_G_full;mean_B_full
0001palmer_sem1_num1;6.2;50.40964476962442;54.09238816452466;30.61146375095705
0003palmer_sem1_num2;4.5;52.10687853008279;60.121814359072324;32.09442592467926
0005palmer_sem1_num3;5.3;45.9477215799559;56.568129272488136;29.8552829306032
0007palmer_sem1_num4;4.4;46.4220814446991;50.5123882915897;31.468817782213502
0009palmer_sem1_num5;5.5;56.51294953636806;71.01477237384073;30.40425376838851
0011palmer_sem1_num6;3.9;58.87329232363967;72.59650929089705;32.27199212319983
0013palmer_sem1_num7;5.2;45.03709767620555;55.68461753010434;31.316704276261078
0015palmer_sem1_num8;4.3;48.703109381263246;61.31006291842948;30.85022838710575
0017palmer_sem1_num9;5.1;51.93859813348321;57.729669262667144;31.49373204344243
0019palmer_sem1_num10;4.3;49.1866288612197;59.6871263164629;31.262219628633623
0021palmer_sem1_num11;4.9;48.80372327822931;58.770829397740755;31.51026808425135
0023palmer_sem1_num12;4.2;48.291522723323624;57.230459653220755;32.11718196803801
0025palmer_sem1_num13;4.5;49.27790491747881;59.987914763741685;31.95438051993527
0027palmer_sem1_num14;4.2;55.37032632290844;66.35450307053371;33.344377024819345
0029palmer_sem1_num15;6.0;51.40756772500659;64.81508398156222;31.924629009855085
0031palmer_sem1_num16;4.2;57.86577172848132;67.84979226548919;32.57185399914293
0033palmer_sem1_num17;5.2;46.37402899941283;56.40493769671101;30.84586305020305
0035palmer_sem1_num18;5.2;45.998192429295166;53.398273324410546;31.95986267682275
0037palmer_sem1_num19;6.2;49.46164083960346;57.290289290862894;32.460621390702315
0039palmer_sem1_num20;4.5;53.73122806606258;62.40861910600475;32.027397068943685
0041palmer_sem1_num21;5.4;47.3232786854918;54.69495692107483;31.58728368431889
0043palmer_sem1_num22;3.9;54.382594307714044;63.01126261879792;31.883353689641265
0045palmer_sem1_num23;5.0;50.74101411572855;62.48923826238553;30.21715825398601
0047palmer_sem1_num24;4.3;46.577574638834;54.492521150464675;30.227820458336293
0049palmer_sem1_num25;4.3;55.46114536044297;67.533887067486;31.607923733155587
0051palmer_sem1_num26;4.2;45.64846031038965;51.588758710313044;30.74776384299717
0053palmer_sem1_num27;5.0;58.53270081459612;64.09653875405525;34.061446982863075
0055palmer_sem1_num28;4.4;59.92236052415212;67.63452429456704;33.70032657437277
0057palmer_sem1_num29;5.6;48.86141172923001;60.946721089014034;31.10822242327186
0059palmer_sem1_num30;4.5;47.77945039782129;53.55146247812668;31.42102505101296
0061palmer_sem1_num31;5.7;45.68001475461729;57.699896805884286;31.693719908378785
0063palmer_sem1_num32;4.2;47.45531781665789;56.79156971881256;31.04800734016708
0065palmer_sem1_num33;5.1;54.964172230245715;61.69083751472708;31.233069223291487
0067palmer_sem1_num34;4.3;51.86211500630181;62.93061711534543;31.938851286935982
0069palmer_sem1_num35;6.0;48.173194516133;57.96583096720045;31.366726211808075
0071palmer_sem1_num36;4.3;49.25159009097693;64.41940274724757;30.476737322808727
0073palmer_sem1_num37;6.0;50.63089174798956;57.516851325066966;30.6492944406424
0075palmer_sem1_num38;4.5;52.055346749621755;64.20352468279135;30.639932798782077
0077palmer_sem1_num39;4.4;53.38605856054661;58.4728277862887;31.92225997889825
0079palmer_sem1_num40;3.8;49.120284612347575;59.03486897629386;31.29724992334893
0081palmer_sem1_num41;5.9;48.85037646285093;57.65409128863014;32.711080378746864
0083palmer_sem1_num42;4.0;55.052594736364355;65.29066704026812;31.845958360088712
0085palmer_sem1_num43;5.7;48.34066900172093;60.17262956502661;30.78901183656411
0087palmer_sem1_num44;4.2;49.30256943055791;60.47127381638043;29.88429847909075
0089palmer_sem1_num45;4.4;58.44043292428295;71.34867242627556;31.574601691292443
0091palmer_sem1_num46;4.1;49.93754639358837;59.661417643454115;31.325696542662698
0093palmer_sem1_num47;5.0;42.914055634137625;53.9414725349438;29.80143285612394
0095palmer_sem1_num48;4.5;54.06237868155545;64.20887721915412;31.957460186254917
0097palmer_sem1_num49;4.3;49.194797680714856;53.69250504511543;30.09111075551666
0099palmer_sem1_num50;5.6;53.97457675834198;62.733507277650006;31.735129561743804
0101palmer_sem1_num51;4.2;48.14339549748746;57.21214250075364;31.366662785671572
0103palmer_sem1_num52;4.2;50.9893799162663;59.69655124995705;31.27454253603836
0105palmer_sem1_num53;5.2;46.136940277451146;53.89028470172984;32.367502166515486
0107palmer_sem1_num54;4.4;49.34297821891531;63.04922225723054;32.436557758041914
0109palmer_sem1_num55;5.3;51.06258473401736;56.83833254768586;30.859289523317127
0111palmer_sem1_num56;4.5;57.85028249556514;70.28680638606923;33.397306546370004
0113palmer_sem1_num57;4.4;48.95750586958268;58.9001000038115;30.95863633441993
0115palmer_sem1_num58;4.4;50.85612887079906;58.60341399514076;31.62248627136939
0117palmer_sem1_num59;4.2;50.17568578133789;59.18628272982816;31.043941748799785
0119palmer_sem1_num60;4.2;44.20595509212387;54.76902368798709;30.78443608912241
0121palmer_sem2_num1;6.2;53.07793275775146;63.26958928875679;31.838043010805396
0123palmer_sem2_num2;4.5;51.65679998260149;64.75843590557984;29.98681906328108
0125palmer_sem2_num3;5.9;49.681556897077655;61.36808621223608;31.135633544464806
0127palmer_sem2_num4;4.6;47.553926223674075;62.397003922555506;30.647907848680447
0129palmer_sem2_num5;6.0;48.224193113156225;59.22168250409403;28.72233515388616
0131palmer_sem2_num6;4.1;48.44522547141842;61.183598801600645;30.2152916172993
0133palmer_sem2_num7;5.3;55.340977852339925;68.09500463033214;33.124498366670196
0135palmer_sem2_num8;4.2;52.262268349591686;70.24708284464461;29.880004452946682
0137palmer_sem2_num9;5.9;49.93204918386465;59.13072386746726;32.346803690245544
0139palmer_sem2_num10;4.3;50.06436854252017;62.23962262300582;30.601340630210423
0141palmer_sem2_num11;6.1;50.63429656614645;58.178990664905825;32.02515545956778
0143palmer_sem2_num12;4.6;48.291931967973795;54.74316358426208;31.81326477337448
0145palmer_sem2_num13;6.0;46.87591604383378;51.585526039372425;28.941480886299328
0147palmer_sem2_num14;4.4;51.344468073413275;63.78759491731464;32.14500628180355
0149palmer_sem2_num15;6.3;49.57080940048994;60.763750391899535;31.144293749598088
0151palmer_sem2_num16;4.1;48.297051876350785;65.07707040381553;31.406104876768588
0153palmer_sem2_num17;6.9;48.68910709160684;61.88709596013749;30.293796815329532
0155palmer_sem2_num18;4.2;48.78862014705749;59.73164317664251;28.439629080289674
0157palmer_sem2_num19;6.3;50.862937000051105;57.51391676397034;31.32455744097085
0159palmer_sem2_num20;4.6;49.73636045415202;61.29343768399771;31.038068073277632
0161palmer_sem2_num21;6.1;48.29045299502906;55.17934190303847;31.70623925862247
0163palmer_sem2_num22;4.5;41.461260303627945;51.327671258500224;29.93862810773848
0165palmer_sem2_num23;6.1;47.5443386052312;55.60225737484903;30.15885724293773
0167palmer_sem2_num24;4.9;49.380309764838564;56.2049234679195;29.973354987664642
0169palmer_sem2_num25;5.0;48.44204560237816;53.90060645659692;30.009434273966345
0171palmer_sem2_num26;4.1;51.07854850446425;65.40986017015115;30.45070927609942
0173palmer_sem2_num27;6.2;53.75276005704782;60.45280514798468;32.579139470299786
0175palmer_sem2_num28;4.5;46.1137070943531;55.86867468167942;30.250451145025195
0177palmer_sem2_num29;5.9;46.62627995603586;55.47802392512769;32.659068168983325
0179palmer_sem2_num30;4.7;50.64024583870823;63.07648130776183;30.99706949487923
0181palmer_sem2_num31;4.8;50.90866891474808;68.16013710408083;30.604123497471303
0183palmer_sem2_num32;4.5;50.91433926422552;68.27965100579056;29.950130317421927
0185palmer_sem2_num33;4.4;49.62366163235198;61.607118824346415;31.24499181793128
0187palmer_sem2_num34;4.6;46.780767717475975;60.3763129792322;29.82394218724378
0189palmer_sem2_num35;6.0;47.531766629651024;60.5351004553109;31.00171812657718
0191palmer_sem2_num36;4.5;45.4219085808306;58.455005971246045;30.458741125057998
0193palmer_sem2_num37;5.6;50.326336999024896;60.192817009244926;31.172350270097986
0195palmer_sem2_num38;4.6;56.72420955509125;69.41877845512015;33.99754249750214
0197palmer_sem2_num39;4.6;49.93886804637759;62.011822812603036;30.188942523702888
0199palmer_sem2_num40;4.9;48.01984679966303;55.688158234411524;31.71816382486811
0201palmer_sem2_num41;5.4;55.33446457315858;63.02874525246089;33.57465499140536
0203palmer_sem2_num42;4.3;45.119464572046915;57.71457290202855;30.408835262211
0205palmer_sem2_num43;5.8;52.09197239649557;58.46783158372733;33.80453134739933
0207palmer_sem2_num44;5.1;50.38605354377327;65.83614804936595;31.402400423513733
0209palmer_sem2_num45;6.0;53.90729979390271;68.69356286010023;31.81971687063837
0211palmer_sem2_num46;5.0;49.848568197467316;54.44771185900194;32.82991992428287
0213palmer_sem2_num47;6.0;48.600905457944755;56.17822343978825;32.64566467721068
0215palmer_sem2_num48;4.6;45.76479779374604;59.99609159895813;30.217574045647012
0217palmer_sem2_num49;4.3;49.0292269013877;59.020173069033184;29.20597708188827
0219palmer_sem2_num50;4.1;47.51243404115622;51.780227395485674;32.281887435479376
0221palmer_sem2_num51;6.2;52.1095645393015;58.99080646021154;31.27110450443137
0223palmer_sem2_num52;4.5;52.137841112691916;66.8322113538624;33.48487061567975
0225palmer_sem2_num53;5.6;46.389032414849204;60.121966205511605;30.75292096220512
0227palmer_sem2_num54;4.2;55.54315718961237;73.42060506980886;32.662373280648126
0229palmer_sem2_num55;5.5;50.499930331731825;64.58523585119947;31.108113483663324
0231palmer_sem2_num56;4.7;47.449858367464564;59.70499480646975;30.442769050333858
0233palmer_sem2_num57;5.0;51.898768159879296;61.1787420968449;30.495634501886663
0235palmer_sem2_num58;4.6;49.329123928993035;60.91435907801397;31.17748925998561
0237palmer_sem2_num59;4.5;44.96790825579461;58.08364694133746;29.688468682029637
0239palmer_sem2_num60;4.5;56.63194814341471;71.90065771130233;31.36296824897184
0241palmer_sem3_num1;5.4;52.94632663845086;65.8778580921641;29.32833297724884
0243palmer_sem3_num2;5.1;42.51993109891276;53.94570709127054;29.350026322878442
0245palmer_sem3_num3;6.0;44.07751306215096;58.663656987368356;30.295318775321068
0247palmer_sem3_num4;5.6;49.73340176083167;63.37059550342314;32.641248811252574
0249palmer_sem3_num5;6.0;49.7261275248416;54.01072231543926;33.09399488360449
0251palmer_sem3_num6;5.0;45.40650322238531;54.72265289974368;31.31619744089157
0253palmer_sem3_num7;6.2;45.77714129652802;49.0555436076291;33.04095653299601
0255palmer_sem3_num8;4.6;46.07740320279835;56.74292592301586;31.283281084406845
0257palmer_sem3_num9;5.8;48.88726227060636;56.81575847023775;29.012308597805532
0259palmer_sem3_num10;5.2;46.31806513082868;56.061329817181985;30.25367479072972
0261palmer_sem3_num11;6.0;49.474994019588735;59.07375221719431;32.786175148619044
0263palmer_sem3_num12;4.7;42.86363978108261;52.59340643565477;32.02167208419717
0265palmer_sem3_num13;5.2;44.4771788848832;54.326212417032174;31.731192372393732
0267palmer_sem3_num14;5.1;46.46486356733337;59.51883013182625;32.02717070099451
0269palmer_sem3_num15;6.0;43.573175752375015;51.54153436951636;33.783658781145505
0271palmer_sem3_num16;4.5;48.52370597686361;60.966527888871184;31.028581024332446
0273palmer_sem3_num17;6.3;46.19469289541938;57.229696135953205;30.770907053714705
0275palmer_sem3_num18;4.5;52.27429884859705;59.1914889462364;32.18228519782108
0277palmer_sem3_num19;6.2;41.18629716376968;54.736696567866886;30.563136339089198
0279palmer_sem3_num20;4.4;44.77435992732895;56.17728400595289;32.3354305772216
0281palmer_sem3_num21;5.1;47.241649576520025;52.82612847462387;31.86769117243052
0283palmer_sem3_num22;4.4;50.7132867250094;55.677513998898746;33.58033885479486
0285palmer_sem3_num23;6.4;49.75369937403423;62.22079690419921;31.907584145353212
0287palmer_sem3_num24;4.5;47.61095453835002;62.54747434931803;30.20625704517835
0289palmer_sem3_num25;5.8;49.840796839939564;58.0336780117397;31.767502796469532
0291palmer_sem3_num26;4.3;43.156366637355156;50.51604248496624;29.432384087568998
0293palmer_sem3_num27;5.9;49.850495331576006;62.31024459127363;31.48941291789059
0295palmer_sem3_num28;4.4;47.039379618531115;63.77697504658421;28.52589771357789
0297palmer_sem3_num29;5.6;48.71710476678524;55.14149161668071;32.55206354527525
0299palmer_sem3_num30;4.4;41.701851785238816;50.31119247408633;31.54959551547325
0301palmer_sem3_num31;5.8;48.925209097738744;63.772137919657666;32.34306117641745
0303palmer_sem3_num32;4.0;42.33499005780719;54.337615145202754;31.40688903015061
0305palmer_sem3_num33;5.8;53.60925137703715;56.64766955743607;34.725530438171816
0307palmer_sem3_num34;4.8;51.40874588708864;61.03759978689077;31.82262783629281
0309palmer_sem3_num35;6.0;43.453871072244475;55.882962272262105;31.002701416688648
0311palmer_sem3_num36;5.0;52.990857644801046;58.63877146137627;32.90616845151598
0313palmer_sem3_num37;5.4;48.59913477576941;61.573313441247976;31.45286303131316
0315palmer_sem3_num38;4.3;48.36833522236489;61.42469659406518;31.44363828588
0317palmer_sem3_num39;6.0;53.92346163586768;65.07024718622839;32.93592795324919
0319palmer_sem3_num40;4.7;43.47277657549528;52.25032100254585;31.453162810119856
0321palmer_sem3_num41;6.0;54.03947376720532;61.55349037851508;29.96955079390358
0323palmer_sem3_num42;4.6;40.770753102642594;49.091906118729035;31.844178456934447
0325palmer_sem3_num43;5.4;47.67588567380884;56.44604453897284;32.48151118769073
0327palmer_sem3_num44;4.6;43.639022700039256;44.84061708509717;33.56687252007013
0329palmer_sem3_num45;5.8;48.28787397748201;64.57122284814142;29.315511275626612
0331palmer_sem3_num46;4.5;52.63899620017543;62.72218897824071;31.34747512670905
0333palmer_sem3_num47;6.0;48.56438154908845;59.19000649741329;30.455973032147842
0335palmer_sem3_num48;4.5;38.09022006027261;42.275701143419155;32.07950379070216
0337palmer_sem3_num49;5.2;42.081491983713185;49.35665779902804;32.428378744884704
0339palmer_sem3_num50;4.9;51.97965972898698;55.895484575424064;33.076519732913965
0341palmer_sem3_num51;5.8;47.94298609251352;64.95192049109116;30.646358321651373
0343palmer_sem3_num52;4.7;47.071425633795755;60.774249635987;30.90129989139989
0345palmer_sem3_num53;5.9;44.51285353156054;57.70925775148756;31.319902693665014
0347palmer_sem3_num54;4.5;49.25439371371181;56.91048218819908;34.19303343176591
0349palmer_sem3_num55;5.6;45.094245293363045;51.52901402411232;31.159978035867358
0351palmer_sem3_num56;4.6;48.322869093466814;59.364950227833134;32.132566991239656
0353palmer_sem3_num57;5.8;42.24143729666745;49.62098323136018;32.09500416179494
0355palmer_sem3_num58;5.3;57.565124192092725;66.160054670142;33.41856104093766
0357palmer_sem3_num59;5.8;39.75879417816712;47.63088607500245;31.133760444447088
0359palmer_sem3_num60;4.9;50.70104111544178;64.51752336969561;30.16836336366323
0361palmer_sem4_num1;6.0;42.76290142892364;51.50048464385778;25.799218546473213
0363palmer_sem4_num2;5.1;39.54882552369932;48.88576336008481;26.36089678815141
0365palmer_sem4_num3;6.2;41.27047138465343;45.54651417527951;27.8609592820378
0367palmer_sem4_num4;5.2;45.5090353634737;54.26663024872686;25.905059153474568
0369palmer_sem4_num5;5.1;41.80501146493128;48.53752841787915;27.008254765579835
0371palmer_sem4_num6;7.0;37.37120103531764;42.79404845384714;26.445413437850604
0373palmer_sem4_num7;6.4;40.31008244095722;46.390769408473844;27.51347265312119
0375palmer_sem4_num8;4.6;38.5768156653546;40.43220144645181;27.06857262813538
0377palmer_sem4_num9;5.8;40.89922010877397;44.17467870738877;26.337742448895177
0379palmer_sem4_num10;6.0;41.96077114937745;42.985372124118435;33.197992071283096
0381palmer_sem4_num11;6.8;40.80239997010878;45.123923378711204;26.02666249275947
0383palmer_sem4_num12;6.3;43.78327410251626;55.038637107382534;27.318603298088327
0385palmer_sem4_num13;6.8;39.32705490382778;42.920324842781184;28.309559635662087
0387palmer_sem4_num14;6.4;45.864130033223155;55.2265588929854;26.871357038278155
0389palmer_sem4_num15;6.0;39.31124379833871;45.12524876664492;26.710851795432305
0391palmer_sem4_num16;5.8;45.24376973062583;46.18071970575478;26.0004461502849
0393palmer_sem4_num17;5.8;43.54927297838978;53.25609259060562;27.99017227819891
0395palmer_sem4_num18;5.4;41.289687540383504;48.102597890886095;26.680982711923622
0397palmer_sem4_num19;5.5;38.26546920785752;37.02263321081138;27.586690441814408
0399palmer_sem4_num20;6.0;41.80942532078843;52.340633639068315;29.98155641931811
0401palmer_sem4_num21;5.8;42.39996333811179;46.769667934122744;26.88062680933953
0403palmer_sem4_num22;6.0;43.97289786846585;58.128306515973776;27.18791946331463
0405palmer_sem4_num23;6.0;40.79594574344948;48.865908105640926;27.67603426465312
0407palmer_sem4_num24;6.2;40.48025549710599;35.37245801273645;29.011436033156794
0409palmer_sem4_num25;6.2;42.537531110852726;41.38645577534604;29.199079854369877
0411palmer_sem4_num26;6.0;47.67885086834943;63.38563103836889;26.246659556195826
0413palmer_sem4_num27;5.4;47.02374101080003;52.1452976280039;28.377796766611727
0415palmer_sem4_num28;6.0;49.01981534248675;57.66430998487375;27.844248656600836
0417palmer_sem4_num29;5.0;44.433996645222656;48.53619396230296;29.50723585161304
0419palmer_sem4_num30;5.4;41.01690376948034;42.99800755385226;28.70115786576317
0421palmer_sem4_num31;5.2;43.714648064556826;52.17510378550281;29.51506255327291
0423palmer_sem4_num32;5.8;43.76285459447743;48.314673216854686;29.69022534533351
0425palmer_sem4_num33;5.0;42.79416838551126;51.21328274574642;27.40428210310639
0427palmer_sem4_num34;6.0;46.60924073686046;44.955700213387786;29.253699696701066
0429palmer_sem4_num35;5.8;42.518526630824134;36.50747868485421;28.923445773745822
0431palmer_sem4_num36;5.2;41.817600570410036;48.63640865237626;27.351648947362037
0433palmer_sem4_num37;5.6;38.85796991387514;43.840698513110226;29.26787117003652
0435palmer_sem4_num38;5.8;48.54078844796195;54.42455939668628;26.57589973108604
0437palmer_sem4_num39;5.8;41.7118938610311;43.02767712979067;29.27525108284204
0439palmer_sem4_num40;5.8;46.71356204165828;49.87217663532013;29.83285898063143
0441palmer_sem4_num41;5.9;42.83224509131567;53.98977974353197;26.723770794081375
0443palmer_sem4_num42;6.0;42.45931089004446;49.14315033147212;28.05767006806277
0445palmer_sem4_num43;5.6;46.27875183070999;46.96589473920634;28.185261093476953
0447palmer_sem4_num44;5.4;42.537592117167065;49.78730418288964;28.76767634435113
0449palmer_sem4_num45;5.8;46.52666816002611;54.160946280126026;26.75868279187018
0451palmer_sem4_num46;6.2;42.43301361047217;47.72565364105341;28.386140852717517
0453palmer_sem4_num47;5.8;39.380277318612855;39.03307346241688;28.37628451368915
0455palmer_sem4_num48;6.0;36.998766919964396;42.792041010010706;27.565791588191495
0457palmer_sem4_num49;6.0;39.25025714747233;43.87795650292023;26.905257410361944
0459palmer_sem4_num50;6.0;45.094956286726635;54.995830958728774;27.918004823849248
0461palmer_sem4_num51;5.4;40.19312307293065;48.78979904874788;27.355407320924286
0463palmer_sem4_num52;5.6;48.13630544105176;51.230850258286104;28.03019160536089
0465palmer_sem4_num53;6.0;43.548200769892894;52.828812463784104;27.25825850134161
0467palmer_sem4_num54;6.0;40.38930462806066;42.793398864690715;27.458610791500195
0469palmer_sem4_num55;5.4;41.77597086580885;47.48189771416442;27.47536466275515
0471palmer_sem4_num56;5.4;45.729284953266585;51.49908675695263;27.525765719650327
0473palmer_sem4_num57;5.6;48.74055031998265;59.0858596442673;27.754473890737767
0475palmer_sem4_num58;6.0;43.67772570406497;49.46800298698614;27.62666302284522
0477palmer_sem4_num59;5.8;45.29756176397417;46.94709115834709;27.531187628482485
0479palmer_sem4_num60;5.6;36.880808534597726;42.343369974469006;27.29020355455428
0481palmer_sem5_num1;5.0;41.449753255077965;45.03447965032933;26.30366889758282
0483palmer_sem5_num2;6.8;41.14026405083405;44.51135088360688;26.564879640106106
0485palmer_sem5_num3;5.0;43.057659839248416;43.2260514948444;29.413746590343337
0487palmer_sem5_num4;5.2;38.78805353632332;40.20825835102259;27.041719427236142
0489palmer_sem5_num5;5.0;39.21451147278839;37.956495248315186;27.540239232702433
0491palmer_sem5_num6;5.2;40.79915736836402;45.09821945657588;26.95630728260119
0493palmer_sem5_num7;5.4;38.24681200620333;38.861165734054936;27.33507014615038
0495palmer_sem5_num8;5.0;40.70215369421645;44.28310136121754;28.685616432495127
0497palmer_sem5_num9;5.2;40.32417888497305;38.52265724997926;28.706453011044868
0499palmer_sem5_num10;5.0;41.565586265428074;44.36809056423664;28.464282239446554
0501palmer_sem5_num11;5.4;37.96402753267017;42.67394959651317;26.864760782352466
0503palmer_sem5_num12;5.2;36.77229193470955;41.56923036317989;27.973739057821067
0505palmer_sem5_num13;5.4;39.24449775958277;40.40519989679088;28.60254984484633
0507palmer_sem5_num14;5.4;39.23720801542545;38.346302621714436;27.882787762702872
0509palmer_sem5_num15;6.0;44.58992359310307;40.95842956674096;31.324120654223552
0511palmer_sem5_num16;5.4;43.49536032514765;51.17455169508251;27.79080294879555
0513palmer_sem5_num17;5.8;43.23096562335733;43.619600270320255;27.708975107406157
0515palmer_sem5_num18;5.8;34.582790417495715;34.55306427143881;26.418110102690267
0517palmer_sem5_num19;5.4;41.72850091513515;40.349577470978815;28.501443231324266
0519palmer_sem5_num20;5.6;37.42712994380377;39.09887321105046;27.46486499831893
0521palmer_sem5_num21;5.2;32.43351770850314;26.753771192430182;27.83019525026287
0523palmer_sem5_num22;6.0;52.7683769686183;60.20867429269085;29.353500916174774
0525palmer_sem5_num23;5.8;38.868809444201844;37.76739126161951;27.92301586400464
0527palmer_sem5_num24;6.0;45.8597407910475;49.30950581688825;29.706603746068645
0529palmer_sem5_num25;5.4;45.59499001082778;49.336819508691825;28.880305596071377
0531palmer_sem5_num26;6.2;42.51226728380375;46.762283619749695;28.8938203060261
0533palmer_sem5_num27;6.0;41.384680750811036;43.53833139300136;27.963942325469368
0535palmer_sem5_num28;6.0;37.42271162697328;32.73814394212273;28.134361567801303
0537palmer_sem5_num29;5.4;46.71510632412238;44.22512078940096;29.67635468383773
0539palmer_sem5_num30;5.6;39.30518721738338;35.799187692586905;27.201423221752826
0541palmer_sem5_num31;5.4;38.56476602776746;42.51114664189201;30.205239651632404
0543palmer_sem5_num32;5.6;39.124877814982156;44.81888799143303;28.40722193207054
0545palmer_sem5_num33;5.6;46.178366480012464;40.90347479566395;29.938325331483803
0547palmer_sem5_num34;5.2;38.94726993810625;36.56229503499644;28.19271199704173
0549palmer_sem5_num35;5.8;36.68200339294751;36.26587283046022;28.542796700325926
0551palmer_sem5_num36;5.8;40.84777319432249;43.26286444802528;28.099715146810713
0553palmer_sem5_num37;5.4;45.96630599542747;53.88422713518792;28.22035491434616
0555palmer_sem5_num38;5.4;41.51225651826583;42.36708951307335;28.857499480125078
0557palmer_sem5_num39;5.8;40.691861969377634;38.72294916040389;31.17469341897411
0559palmer_sem5_num40;6.0;50.6619099888513;51.654753608348635;29.147491195527447
0561palmer_sem5_num41;5.4;37.18599484815453;38.20640753391781;27.660187736179534
0563palmer_sem5_num42;5.4;45.66364090410572;42.40507010203417;27.517758082552085
0565palmer_sem5_num43;5.2;45.00485625272349;53.378704468105276;28.983653260838967
0567palmer_sem5_num44;5.4;41.37372392365603;39.14436765212253;30.04555425529817
0569palmer_sem5_num45;5.0;43.00161707675663;48.86040137294613;28.473158106970512
0571palmer_sem5_num46;5.4;42.270368103139404;42.348216860779935;29.433935208238932
0573palmer_sem5_num47;5.0;41.383155333935754;42.39494190822568;29.485200038321565
0575palmer_sem5_num48;5.6;40.458195180306454;34.1583250917058;29.33619221031227
0577palmer_sem5_num49;5.2;40.715667609819306;42.92096924276254;28.55115123912479
0579palmer_sem5_num50;5.0;39.15709874767778;39.2677471216596;28.06086612842257
0581palmer_sem5_num51;5.6;47.80821960136207;47.14877191738049;29.29297134076233
0583palmer_sem5_num52;5.4;43.087275671879254;36.226062156070796;28.203655788418388
0585palmer_sem5_num53;5.0;40.45770134548076;45.02956059253648;28.07231557138134
0587palmer_sem5_num54;5.2;39.011168720667456;36.50596896458404;28.44097196191936
0589palmer_sem5_num55;5.2;37.26661313893115;33.63858372821065;28.722430811459173
0591palmer_sem5_num56;5.4;37.42857674768528;32.43869476690021;29.159906125899358
0593palmer_sem5_num57;5.0;40.18375291373889;43.32294017883426;28.38008679106688
0595palmer_sem5_num58;5.2;35.61086683887727;29.34372663012525;28.768419204971728
0597palmer_sem5_num59;5.0;41.200599294450015;43.80036428921292;28.727936466598635
0599palmer_sem5_num60;5.0;40.198377144456884;42.717127999676926;27.711637263572594
0601palmer_sem6_num1;5.9;36.673018134736665;37.11987297538556;26.70360533828498
0603palmer_sem6_num2;5.9;29.912620008159923;22.69246036379437;24.498393134339018
0605palmer_sem6_num3;6.0;38.68477888679127;38.80531014461664;25.829852747944003
0607palmer_sem6_num4;6.0;29.27248780874522;25.4979245834294;25.07290129031672
0609palmer_sem6_num5;6.0;35.24411238040869;34.35469054667747;27.23244515920854
0611palmer_sem6_num6;5.8;40.49762545470538;41.488701265443005;27.35806005912565
0613palmer_sem6_num7;6.0;43.21404180259732;41.67324669296215;28.66626277893845
0615palmer_sem6_num8;6.0;34.461019597898456;26.997469730084624;27.85334872188592
0617palmer_sem6_num9;5.8;37.131207898294505;37.1445449031646;29.001123064856767
0619palmer_sem6_num10;5.8;36.439969389770376;38.36612974567254;27.39037550487027
0621palmer_sem6_num11;5.8;36.12592722503911;32.306487423369326;30.040110203828178
0623palmer_sem6_num12;6.0;43.14493821204886;44.83381179146907;27.15578163768761
0625palmer_sem6_num13;6.2;39.8715651977976;38.56635442375822;27.59886325081911
0627palmer_sem6_num14;5.8;38.32754552277228;37.95340808352054;28.121896248747678
0629palmer_sem6_num15;5.8;36.81486856250238;36.52671533591482;24.605963178644718
0631palmer_sem6_num16;5.9;40.0599386891742;38.02769153951064;26.324664042118396
0633palmer_sem6_num17;5.8;33.21130020504796;34.740096439317114;26.185812367675037
0635palmer_sem6_num18;5.9;39.05619300018185;38.16859123890161;27.01841627255973
0637palmer_sem6_num19;5.8;36.49599139601604;30.191258101523623;29.02010958179081
0639palmer_sem6_num20;5.6;37.002228064536574;34.704639424618925;29.42909104999805
0641palmer_sem6_num21;5.8;33.975923678813075;29.90338256044546;29.19461135477012
0643palmer_sem6_num22;5.7;35.98032741386831;27.841605940495416;29.934844967375497
0645palmer_sem6_num23;5.4;35.69281028433578;34.223097794924676;31.5127552851678
0647palmer_sem6_num24;5.5;35.00588621130031;37.32364329009287;26.98618168035977
0649palmer_sem6_num25;5.7;33.347920536992184;32.7202889726964;28.98870301368743
0651palmer_sem6_num26;5.7;38.33936347740773;33.97723913171185;29.51454653887535
0653palmer_sem6_num27;5.8;40.44014938992503;39.430086808085946;29.413502148064946
0655palmer_sem6_num28;5.8;41.29382290176679;40.43069138886939;30.64114651530871
0657palmer_sem6_num29;5.8;48.67567650807045;46.918031856760514;29.89107446995787
0659palmer_sem6_num30;5.8;41.550178470448714;38.280696705565546;27.31057971709681
0661palmer_sem6_num31;6.1;37.54223768300251;30.2050453778272;28.84588387166184
0663palmer_sem6_num32;5.5;39.55344164300379;34.32534828701118;28.08491055842447
0665palmer_sem6_num33;6.4;37.97114449648686;33.267358848643944;30.162566768986515
0667palmer_sem6_num34;5.5;40.22783515954282;42.646851630343754;30.919264810006485
0669palmer_sem6_num35;5.7;34.50982119105675;32.474504230927565;25.62097650065451
0671palmer_sem6_num36;5.4;39.44059487665011;40.51964939592688;29.828076480922928
0673palmer_sem6_num37;5.9;51.30589356162111;46.22612382392765;33.247710104378264
0675palmer_sem6_num38;5.7;42.68686795159752;39.49757285617422;30.779602095419754
0677palmer_sem6_num39;6.1;34.74809272272664;28.55711319138232;27.622793075839915
0679palmer_sem6_num40;6.0;35.736405895821754;34.66635849055215;29.56108031759515
0681palmer_sem6_num41;5.7;34.914879535480985;32.835049455515396;26.74721193210597
0683palmer_sem6_num42;5.8;36.62036918279078;36.018327958088676;31.06573068253584
0685palmer_sem6_num43;5.7;37.82688978226162;36.78504161261015;29.940181007626823
0687palmer_sem6_num44;5.6;38.27277887200862;35.9388371010482;30.217273335072516
0689palmer_sem6_num45;5.8;39.17603005355251;35.74206129347222;28.739788663531126
0691palmer_sem6_num46;5.6;35.24434315601358;37.73018060236897;28.66586579820128
0693palmer_sem6_num47;5.8;34.61115982650226;28.034053261436505;27.7465671522516
0695palmer_sem6_num48;5.7;38.6292383089744;31.61707104493537;33.595748801107746
0697palmer_sem6_num49;5.7;38.128646598161545;37.911876397647006;30.47037189553004
0699palmer_sem6_num50;5.7;42.088598357499855;36.55180907388;28.676383943939953
0701palmer_sem6_num51;5.7;35.23117023521494;29.718595079701558;28.421305264499413
0703palmer_sem6_num52;5.7;44.32842853369289;35.475326750918185;31.23048182628868
0705palmer_sem6_num53;5.5;37.80720305777065;33.88328500100266;32.60973425229125
0707palmer_sem6_num54;5.5;40.17782232367826;35.815290943736855;30.87080293216504
0709palmer_sem6_num55;5.5;37.130521652946186;33.91715465282921;29.950586080903395
0711palmer_sem6_num56;5.5;40.79278387086699;37.74630014201921;29.996631836668385
0713palmer_sem6_num57;6.0;40.94844586070946;34.25276204485485;28.614740734050045
0715palmer_sem6_num58;5.6;42.98287818070146;36.0208053707281;31.322179360209628
0717palmer_sem6_num59;5.4;36.63368514258608;36.786970397191574;27.440684823264238
0719palmer_sem6_num60;5.6;34.93210250241461;29.626949012782887;28.941659169631947
0721palmer_sem7_num1;5.0;40.34426566279648;42.059465385701984;20.797484022158105
0723palmer_sem7_num2;5.3;39.38364820055703;40.97799053870165;20.70242222727552
0725palmer_sem7_num3;5.0;38.43860452606869;40.22622977726171;22.088021371846146
0727palmer_sem7_num4;5.6;31.30436551955714;29.187115915808487;21.427984152799358
0729palmer_sem7_num5;5.6;36.06208852936036;29.14929126200435;21.183925329164747
0731palmer_sem7_num6;5.8;29.120974627863887;25.75972510530229;21.466693387167627
0733palmer_sem7_num7;5.0;33.11800699932142;34.03763679544494;21.678778473040037
0735palmer_sem7_num8;5.2;31.964636442296644;27.056622323295198;23.543875853556266
0737palmer_sem7_num9;5.4;33.15912602213348;26.88782828350368;23.2322303618597
0739palmer_sem7_num10;5.4;30.24493253219206;23.279011516941303;20.696720383574647
0741palmer_sem7_num11;5.8;36.30451976670361;29.122594181868767;23.23102495498795
0743palmer_sem7_num12;5.4;47.652937141702786;52.669021055710715;23.04193021962454
0745palmer_sem7_num13;5.6;35.58995729782693;27.09442614493743;24.19653606590873
0747palmer_sem7_num14;5.4;30.587425717023287;30.215147372530236;23.911545528329604
0749palmer_sem7_num15;5.4;35.66804865807259;28.870401024231374;24.15463030828135
0751palmer_sem7_num16;5.4;33.0702947087374;28.032419785305013;25.28470571822632
0753palmer_sem7_num17;5.6;30.43456922608373;25.54312099071487;24.43525811374597
0755palmer_sem7_num18;5.6;35.9560427056455;28.05164511202877;24.812868914505003
0757palmer_sem7_num19;6.0;30.44950537583209;27.864003241855546;24.324222578453806
0759palmer_sem7_num20;6.0;32.9587977271717;27.984420656912285;24.982309515559173
0761palmer_sem7_num21;6.0;24.586362998705372;20.695255960090503;22.408287329850737
0763palmer_sem7_num22;6.0;33.06316610704792;24.857660785855327;23.38394969663545
0765palmer_sem7_num23;6.0;27.868652187837572;26.547201886860343;21.768583710301137
0767palmer_sem7_num24;6.0;34.71286007712131;29.959123883299235;22.719326458018607
0769palmer_sem7_num25;5.8;39.00569800725633;36.39820405761528;23.89156331497125
0771palmer_sem7_num26;6.0;35.938611955649094;27.620944235091898;22.87782651627352
0773palmer_sem7_num27;6.0;36.07589012799507;33.2443726992298;20.840342569106177
0775palmer_sem7_num28;6.0;37.395690353326756;32.289575057935835;23.27201736187771
0777palmer_sem7_num29;6.2;27.80985112136637;26.22358123251962;23.23024651669159
0779palmer_sem7_num30;5.8;27.860815247382213;22.59485166228809;22.09313346995419
0781palmer_sem7_num31;6.0;27.83179445319168;25.439087356345592;22.55318993946096
0783palmer_sem7_num32;5.8;34.54442761498494;23.07783229408968;23.41082786739242
0785palmer_sem7_num33;6.2;27.51705343752026;23.109612916452562;24.84577158699377
0787palmer_sem7_num34;6.2;30.806639300253448;24.878419678223487;24.037025643585935
0789palmer_sem7_num35;6.0;33.48695238669444;23.778275649535214;23.42445695545155
0791palmer_sem7_num36;6.0;33.5528432578636;29.77926568365016;23.20235619426423
0793palmer_sem7_num37;5.6;29.78580866831168;25.058554808834227;23.659068782637128
0795palmer_sem7_num38;6.0;32.91809572148458;22.169827323070614;21.797968547132907
0797palmer_sem7_num39;6.0;43.374469311111405;31.851472885959648;22.637221310848734
0799palmer_sem7_num40;6.0;31.7785436241506;27.27863059269827;23.79246046931741
0801palmer_sem7_num41;5.8;42.18122811771325;46.66344041048277;21.23936624012213
0803palmer_sem7_num42;6.2;33.56764691047379;29.500640866660753;23.535416600000357
0805palmer_sem7_num43;6.0;33.94948506443269;27.57277644470114;24.16130686956376
0807palmer_sem7_num44;6.2;36.99977463202249;30.206578626858892;21.558912208149792
0809palmer_sem7_num45;6.0;31.964964618725535;26.04918701583876;22.183422830776053
0811palmer_sem7_num46;6.0;35.62034561918775;32.424295661695865;23.01791228317748
0813palmer_sem7_num47;6.0;42.13629570819568;39.03261728338785;23.584011143249874
0815palmer_sem7_num48;6.2;33.037171226562265;23.59691741437707;23.19206091143393
0817palmer_sem7_num49;6.4;33.17114840548509;26.880900548321662;24.119126063752475
0819palmer_sem7_num50;6.2;39.70205912953425;39.10074427381461;22.37089180011094
0821palmer_sem7_num51;6.0;30.20031009047412;25.02739666055356;22.042492383596937
0823palmer_sem7_num52;6.2;26.60088132437939;22.137756136297245;22.545415974899324
0825palmer_sem7_num53;6.4;31.88873675248518;28.44766829614008;24.08797820178501
0827palmer_sem7_num54;6.0;40.649539836573936;39.60332207614292;24.258169002059393
0829palmer_sem7_num55;6.0;29.146728073824573;25.993553910954603;23.515968167997883
0831palmer_sem7_num56;6.0;39.355534497298336;41.65824295920424;22.96621364631996
0833palmer_sem7_num57;5.8;31.2356384043368;25.507570154432344;21.16831787425856
0835palmer_sem7_num58;6.2;38.28631819293534;31.945957268056286;22.72809966901769
0837palmer_sem7_num59;6.0;32.60334414738371;23.351973681760946;21.65611812678725
0839palmer_sem7_num60;6.2;32.710223315670056;26.999167431927372;22.94970709308605
0841palmer_sem8_num1;6.2;38.13255407652346;26.96503766092297;25.252478763800305
0843palmer_sem8_num2;6.0;42.871834244854654;31.395543141521234;22.623588548854922
0845palmer_sem8_num3;5.8;38.519335399954365;28.44319012361693;23.37029096508329
0847palmer_sem8_num4;5.6;40.286315227477104;30.35954635976343;23.11693379358679
0849palmer_sem8_num5;5.6;41.0380509046257;31.62166071185245;24.994275977416724
0851palmer_sem8_num6;5.6;43.15446987961521;38.31979613573807;26.323811683088703
0853palmer_sem8_num7;5.4;33.699492870380226;30.77867337192767;25.94860480951061
0855palmer_sem8_num8;5.0;41.767073924733246;34.82595152105168;26.78583073740104
0857palmer_sem8_num9;5.6;32.86891017936753;29.562573978887514;26.547864482167352
0859palmer_sem8_num10;5.4;31.030100122697462;26.102849431774093;22.673459007433227
0861palmer_sem8_num11;5.6;40.627737500153906;28.689795611073823;23.187633997027522
0863palmer_sem8_num12;5.6;35.538053602363746;24.400899713056322;23.794867153880247
0865palmer_sem8_num13;5.4;41.367471391526905;28.51542196441916;22.277398758036327
0867palmer_sem8_num14;5.6;41.40642691243031;35.16829372430878;22.89013627784378
0869palmer_sem8_num15;6.0;37.04437704355222;26.881674287899266;24.77840072861697
0871palmer_sem8_num16;5.8;31.547652525960693;27.49601717946043;22.890994152967743
0873palmer_sem8_num17;5.4;29.873969835036746;23.24928295712705;23.30088434569097
0875palmer_sem8_num18;6.4;30.65070610115189;26.576100153308488;22.312200169903406
0877palmer_sem8_num19;5.6;39.01161849919789;27.701994047368665;23.77884635972385
0879palmer_sem8_num20;5.4;37.55947111241858;33.685542264812014;22.271764220293154
0881palmer_sem8_num21;5.2;36.76221139213979;29.81448654680645;24.22102276294341
0883palmer_sem8_num22;5.4;38.098597262934106;34.976219847014264;22.278284753554374
0885palmer_sem8_num23;5.2;35.96292944634521;27.696040092762146;22.308762312194638
0887palmer_sem8_num24;5.8;28.94076205245781;23.50537131086985;23.82958212040685
0889palmer_sem8_num25;7.0;31.405600871555173;24.306040656618386;22.62366940358644
0891palmer_sem8_num26;6.2;29.208660045021965;25.029600221321864;21.91413298952396
0893palmer_sem8_num27;6.0;33.41380940808784;27.442548003737674;23.494711055223853
0895palmer_sem8_num28;6.4;38.019294712800864;28.203255153635546;22.04701156170547
0897palmer_sem8_num29;6.0;40.06667000899992;27.635097676087703;24.071478413057147
0899palmer_sem8_num30;6.0;32.03685375075828;29.86496687947857;22.481447124720134
0901palmer_sem8_num31;6.8;36.65372038129236;30.824592289521245;25.338785576146652
0903palmer_sem8_num32;6.4;39.39778066665593;37.66807105143555;22.384228398438324
0905palmer_sem8_num33;6.0;37.53740183037763;27.71599980570589;23.823389706885656
0907palmer_sem8_num34;7.2;39.75152900225221;29.34322113717555;24.841944238740076
0909palmer_sem8_num35;6.8;37.04527701442567;25.613390682011214;22.374954045057937
0911palmer_sem8_num36;6.2;33.896027684889404;31.329671066029768;23.004067547811488
0913palmer_sem8_num37;7.0;38.46010944559409;34.66275003337509;23.010131990015683
0915palmer_sem8_num38;6.0;32.19760580154777;23.381234661028675;22.974123243383232
0917palmer_sem8_num39;6.0;34.77635431529604;27.60023916098341;23.71789276848691
0919palmer_sem8_num40;5.4;36.07229103921781;24.48596040318885;23.12941224547868
0921palmer_sem8_num41;5.6;36.13620422832313;30.225311355427152;22.45614608767764
0923palmer_sem8_num42;5.6;35.72118361179064;36.67195172254385;23.31576530885653
0925palmer_sem8_num43;5.8;30.68086814083588;26.507676893298665;22.18472321453145
0927palmer_sem8_num44;6.2;32.99759954962538;31.029219519782554;24.24665020106111
0929palmer_sem8_num45;7.0;38.74563245963728;27.176908930467626;24.46910233462665
0931palmer_sem8_num46;5.6;37.03220666319505;27.496287728578324;22.642103018168267
0933palmer_sem8_num47;5.4;48.15006118020332;34.384524793578905;26.444132642545448
0935palmer_sem8_num48;5.2;32.064588060649804;27.20906060793959;23.352446727030465
0937palmer_sem8_num49;6.0;36.590753110038726;25.89425250785562;23.997400071390352
0939palmer_sem8_num50;7.2;38.66482117446634;26.567626822614265;23.68653295067858
0941palmer_sem8_num51;5.8;32.282251546777594;21.479878410403533;20.659693408383614
0943palmer_sem8_num52;6.0;34.832454674887906;30.07475474065712;24.175932035572252
0945palmer_sem8_num53;5.6;43.46569883119376;41.106343116410436;26.378372168413662
0947palmer_sem8_num54;6.4;33.19902225286025;27.72959948214607;22.895463573799823
0949palmer_sem8_num55;6.4;35.78267083133131;24.82317710792708;23.733596316346286
0951palmer_sem8_num56;6.8;31.775838015797802;24.289903051264943;22.69846747774105
0953palmer_sem8_num57;6.0;34.84215053920533;23.633113570241324;22.731528843684558
0955palmer_sem8_num58;6.4;30.64661845679381;26.777517673943876;22.4928303998457
0957palmer_sem8_num59;7.0;45.63642283393241;41.374796395921386;25.406661917411018
0959palmer_sem8_num60;6.4;28.432526440624212;25.151938703430854;22.999450544315877
0961palmer_sem9_num1;6.6;38.13408231296864;26.793718456640896;22.10663133283819
0963palmer_sem9_num2;7.0;47.36797404917896;24.91489576772211;24.55801001067051
0965palmer_sem9_num3;6.8;38.69714116551987;26.0062552726544;25.013112901796237
0967palmer_sem9_num4;6.2;32.04931187311492;23.62694548998342;25.322767095838643
0969palmer_sem9_num5;6.0;39.186433367763684;25.326911649629988;24.979967958875473
0971palmer_sem9_num6;7.0;35.34450132430872;26.524518186895968;24.17586210574864
0973palmer_sem9_num7;6.0;40.482532755110725;30.41755368533713;23.489284667496015
0975palmer_sem9_num8;6.0;29.22999718541829;23.35840126683528;22.629468825103174
0977palmer_sem9_num9;6.2;36.51967783399881;26.076874995724765;23.877781973968712
0979palmer_sem9_num10;6.8;31.09536960809046;29.75034939250068;23.235342049331702
0981palmer_sem9_num11;5.6;36.54536458118777;26.342750840597372;24.143297067789394
0983palmer_sem9_num12;5.8;30.60896093670923;25.27444420287199;24.710413081073284
0985palmer_sem9_num13;6.4;40.905620276628476;27.25839638409268;24.982715892700945
0987palmer_sem9_num14;6.6;36.160256869524304;33.69776008564821;24.390077921173585
0989palmer_sem9_num15;6.4;32.888093729636594;25.222481032070533;22.934463662563143
0991palmer_sem9_num16;6.2;33.183444871613226;25.56803074918961;22.358716649222988
0993palmer_sem9_num17;7.4;30.953861925898327;29.478015911533927;24.55417577870193
0995palmer_sem9_num18;6.6;40.313651683680135;28.873036164231745;24.269685953985338
0997palmer_sem9_num19;6.4;35.710253431509905;30.178741279751392;24.265984626032967
0999palmer_sem9_num20;6.6;36.57702860671228;27.19953453879577;23.47478123430148
1001palmer_sem9_num21;6.8;33.616080651615015;25.25488002583916;23.78107307331593
1003palmer_sem9_num22;7.4;42.41658974874071;25.005676031885685;25.23429944779344
1005palmer_sem9_num23;6.0;34.85465695351728;27.24135601863873;25.01102505134708
1007palmer_sem9_num24;6.4;37.68036597654579;26.01722058703723;24.087395082461377
1009palmer_sem9_num25;7.0;43.566962316586704;28.96660146222199;23.75413799100803
1011palmer_sem9_num26;6.8;38.321603563180986;27.42743582063272;25.459080407735076
1013palmer_sem9_num27;7.4;39.06221601805244;24.84569423246788;23.875750878500448
1015palmer_sem9_num28;6.2;37.24276288813188;37.598037353595494;23.133995456880584
1017palmer_sem9_num29;6.6;39.56885794981764;34.498038091146604;21.25936196829276
1019palmer_sem9_num30;6.2;34.538622658560584;25.52490704149537;25.43322029184579
1021palmer_sem9_num31;6.4;39.85089162246955;26.34441733129993;26.22000563491457
1023palmer_sem9_num32;6.0;36.33456050832599;37.179588268960686;24.139927790877923
1025palmer_sem9_num33;6.2;30.47801095821525;28.726833956631122;23.006543485180273
1027palmer_sem9_num34;6.2;43.40495706618577;27.69840471800557;23.850297386035127
1029palmer_sem9_num35;7.0;44.3709481487813;29.793447444039092;25.05382415222187
1031palmer_sem9_num36;7.2;37.162961071952246;30.37484927349061;23.77747876367637
1033palmer_sem9_num37;6.2;36.20383725324207;33.86431501091373;25.75268539085112
1035palmer_sem9_num38;7.0;43.96696560289558;43.02900195389873;24.37906742829325
1037palmer_sem9_num39;8.0;36.24725255712982;26.719324638296342;22.75414863827221
1039palmer_sem9_num40;6.4;48.39263475940725;30.551459214333924;24.841956945123982
1041palmer_sem9_num41;6.0;37.87595689448165;37.68230416753248;24.70009715194571
1043palmer_sem9_num42;7.0;39.70537560432267;39.369887031596775;25.006204864010023
1045palmer_sem9_num43;7.0;33.48314805722619;25.935703534589553;22.870995343914647
1047palmer_sem9_num44;6.4;36.50549724922951;30.099486339217552;23.89194318533046
1049palmer_sem9_num45;6.4;33.88984795455774;32.640381426559486;22.99837474849821
1051palmer_sem9_num46;6.6;36.408105979474115;30.648139223947787;23.34530930048407
1053palmer_sem9_num47;6.2;36.39941542833776;28.299301421123037;24.016531828050795
1055palmer_sem9_num48;6.6;36.191732419627684;24.33052557647552;24.570812189908036
1057palmer_sem9_num49;6.4;33.96030287228505;27.35476849108809;26.488029670948833
1059palmer_sem9_num50;6.0;41.30210479835061;35.009884202448895;25.379582614660507
1061palmer_sem9_num51;6.0;35.958005126598245;29.288837751228872;26.006610756696357
1063palmer_sem9_num52;6.6;46.91452117559614;42.525941216081335;26.33036070078485
1065palmer_sem9_num53;6.6;44.73557326055148;36.358341620505705;27.22419761328707
1067palmer_sem9_num54;6.0;40.098103643521426;26.96076012873702;24.628217601339443
1069palmer_sem9_num55;6.4;44.39731105202621;31.99827494090022;25.160908141429143
1071palmer_sem9_num56;6.2;46.14614418913156;36.531037543601045;27.15982153695395
1073palmer_sem9_num57;6.2;48.821913949085065;26.84213770370223;26.384739667860465
1075palmer_sem9_num58;6.0;41.78941052141651;37.89328101210857;26.394421019077505
1077palmer_sem9_num59;6.2;39.683341775275366;37.744118549266865;25.808960415271226
1079palmer_sem9_num60;6.0;39.221158418135545;37.36250969879322;25.681713551884922
1081palmer_sem10_num1;6.3;34.39229074683236;23.86821804057807;19.19835825858666
1083palmer_sem10_num2;6.2;41.488093578547286;38.17634602204532;23.699683627228122
1085palmer_sem10_num3;5.9;35.60951367245754;28.92274471528476;24.037513469217743
1087palmer_sem10_num4;6.6;35.72332919492321;27.29048695017088;23.560072713755922
1089palmer_sem10_num5;6.3;37.14687356765585;27.70070054498237;24.934865367785697
1091palmer_sem10_num6;6.7;43.340379163202435;26.430598587445267;25.556090292889728
1093palmer_sem10_num7;7.5;33.44647254287823;28.203197218294374;22.83818763964313
1095palmer_sem10_num8;6.9;40.39183992091793;29.229107863083982;23.64411745013463
1097palmer_sem10_num9;6.1;35.15398104764644;25.4147201806135;24.73125532873593
1099palmer_sem10_num10;6.7;30.88050401698732;21.704691208800497;22.4336885884273
1101palmer_sem10_num11;6.3;36.95381018956961;29.176729005514012;25.350308872311274
1103palmer_sem10_num12;6.6;33.192273441549695;31.451910841576876;23.892120292996868
1105palmer_sem10_num13;7.2;39.47473585973874;26.729332762804603;25.750328629932078
1107palmer_sem10_num14;6.1;47.75756910181032;35.39596517141877;24.287066766767694
1109palmer_sem10_num15;6.8;47.6907761681564;32.1882202232466;24.80151444245765
1111palmer_sem10_num16;6.9;36.042768310923;28.00562975381427;23.38616819311361
1113palmer_sem10_num17;6.8;45.29296162081932;29.41925619085023;24.32140989559141
1115palmer_sem10_num18;6.2;38.90185683456287;25.47766779081625;23.87789801259977
1117palmer_sem10_num19;6.8;34.069841646415824;27.004307735131693;23.30318518540016
1119palmer_sem10_num20;6.8;36.65073001953892;30.118984424660216;23.394251616402425
1121palmer_sem10_num21;6.5;32.66154138120639;30.848595863726484;25.6770697382797
1123palmer_sem10_num22;6.6;36.43121930966456;26.183536915969054;24.654652256727058
1125palmer_sem10_num23;6.4;41.351101360792754;33.588294985506124;26.775563766034953
1127palmer_sem10_num24;6.5;37.08106323148697;34.51662838203758;23.94104557485919
1129palmer_sem10_num25;6.2;41.52959904017965;38.78640161987715;25.01692063411685
1131palmer_sem10_num26;6.7;49.07604480863552;38.858014049692784;23.049640542763786
1133palmer_sem10_num27;6.9;40.48257310562947;32.707833024280305;26.572177819920434
1135palmer_sem10_num28;6.4;40.69730770641309;32.75744652938217;24.782839454665552
1137palmer_sem10_num29;6.6;41.12776866622272;33.09929853678475;25.309283583845104
1139palmer_sem10_num30;6.2;36.21735849136286;32.73701695814075;24.869542116260014
1141palmer_sem10_num31;6.8;44.33329984948888;36.42690822836792;24.858111231633014
1143palmer_sem10_num32;6.3;44.19447097380146;32.36819693501145;26.33133778554725
1145palmer_sem10_num33;6.5;34.63130355106803;28.44470744216931;24.519434332295383
1147palmer_sem10_num34;6.3;36.78953349846517;27.902661509851818;25.066075863292827
1149palmer_sem10_num35;6.7;42.189925770849825;30.811375697917164;22.82387317905795
1151palmer_sem10_num36;6.5;37.57200462733249;27.78565055456754;26.974437440430822
1153palmer_sem10_num37;6.5;40.21973445683077;35.646924384069095;25.223500972867647
1155palmer_sem10_num38;6.0;39.22144514446815;31.098992463962954;25.480795062270648
1157palmer_sem10_num39;6.3;35.56498855313819;27.004370105621124;23.991155650518824
1159palmer_sem10_num40;6.5;38.92951658350064;28.083226706511574;23.61195168522441
1161palmer_sem10_num41;6.8;42.49147499411104;31.587958466721958;25.69692705451797
1163palmer_sem10_num42;6.6;32.03969060247163;25.10226955754519;24.87215195997702
1165palmer_sem10_num43;14.2;40.621394066333664;31.38924622974492;20.470989268142137
1167palmer_sem10_num44;7.1;37.36537503299035;29.915687143869604;25.54986865758879
1169palmer_sem10_num45;6.5;32.04235719054458;28.31907865154356;24.40835119504145
1171palmer_sem10_num46;6.8;46.623662499526176;30.56143551367909;24.89723376727013
1173palmer_sem10_num47;6.9;35.11244751658329;26.41929788867012;25.24111038437879
1175palmer_sem10_num48;7.0;33.153935441103286;27.15140445080911;25.34647219620994
1177palmer_sem10_num49;6.3;36.98310948519381;28.342017941653985;25.60651338811676
1179palmer_sem10_num50;6.4;43.38542178155201;26.20280832279447;24.353809132805228
1181palmer_sem10_num51;5.8;39.457895447691065;31.60865394333497;22.387037604418225
1183palmer_sem10_num52;6.2;36.48312112538115;31.690126513037704;25.323633698715405
1185palmer_sem10_num53;9.1;37.88763584510664;32.306326302622516;23.73026616856513
1187palmer_sem10_num54;6.1;35.128461788614615;30.04504536255168;24.609382949561528
1189palmer_sem10_num55;6.7;38.996108140422656;25.17596727485359;24.56716753414023
1191palmer_sem10_num56;6.6;44.48613115438694;33.76943484744451;25.239544542639432
1193palmer_sem10_num57;6.6;40.16380930980673;29.28236863392827;25.524433299970713
1195palmer_sem10_num58;6.8;43.12770387672841;32.095384516843936;24.554637805622892
1197palmer_sem10_num59;12.4;40.97163894482212;32.89347934724822;22.625846045179514
1199palmer_sem10_num60;6.6;41.507811463792564;31.78857268733959;29.190455250710826
1201palmer_sem11_num1;12.4;44.30569379725645;32.849170062704644;19.696282822151545
1203palmer_sem11_num2;13.5;48.336843545284346;28.78508360737511;18.19450306179332
1205palmer_sem11_num3;12.1;52.081215075336246;29.884520186122106;17.996371311980592
1207palmer_sem11_num4;13.0;44.37156384813553;23.626255156146158;20.198687052516373
1209palmer_sem11_num5;11.3;44.444446982729055;33.98470392740056;18.61159969706774
1211palmer_sem11_num6;11.1;41.600196700667574;27.271561649009985;20.076542837904345
1213palmer_sem11_num7;12.6;44.88612681842826;22.033228281534008;20.22415594349703
1215palmer_sem11_num8;11.8;48.42939985287518;28.469853398034765;19.967048272693784
1217palmer_sem11_num9;11.7;44.019370088106;32.66904667949788;19.75495847597812
1219palmer_sem11_num10;13.7;34.4001262210876;27.524646060885054;21.500488536505408
1221palmer_sem11_num11;13.1;32.37219387444847;30.38948244678707;19.47017370624144
1223palmer_sem11_num12;13.5;62.47872696978578;38.159510948586686;19.022351386413987
1225palmer_sem11_num13;11.9;43.62864046378394;28.56414871301593;19.070648992726788
1227palmer_sem11_num14;13.0;43.77840718237027;26.10055157951075;19.921833535394608
1229palmer_sem11_num15;14.4;44.355784739642154;36.51829505817183;20.242951663211716
1231palmer_sem11_num16;14.2;39.58910787808493;30.50878128055069;20.38085694236178
1233palmer_sem11_num17;13.2;40.01777882304192;35.00680757879653;20.27689472080559
1235palmer_sem11_num18;10.0;56.94539408001375;40.734040914085156;19.494987235392095
1237palmer_sem11_num19;12.9;40.046028891744214;26.961026106079725;20.443796929749006
1239palmer_sem11_num20;13.0;39.12254951168944;30.992026585858504;20.15570440136016
1241palmer_sem11_num21;12.3;49.02908401418091;31.559453569080148;17.866848304581517
1243palmer_sem11_num22;12.3;49.69232321259989;24.670494128895694;21.365087971509
1245palmer_sem11_num23;12.7;42.252797286983814;21.82148923026978;20.74747847929989
1247palmer_sem11_num24;12.5;45.28753692019285;32.27784002242143;22.693823422271233
1249palmer_sem11_num25;14.2;49.45410428948089;29.34931331556452;19.63119816264196
1251palmer_sem11_num26;13.7;29.865842635372186;22.599096252265625;19.024839377045733
1253palmer_sem11_num27;12.6;33.07683846214593;30.389020341779393;17.828221728963772
1255palmer_sem11_num28;14.6;29.56219561206277;26.56539895995192;19.598428849699054
1257palmer_sem11_num29;12.4;38.82284328564562;22.357823608322192;18.514300088820146
1259palmer_sem11_num30;13.0;39.20417183851229;23.01624659245077;15.177308736021278
1261palmer_sem12_num1;14.5;56.63629731598922;35.61706861283636;18.200076882579115
1263palmer_sem12_num2;14.4;62.08146375469158;32.09255858226126;16.91336195302301
1265palmer_sem12_num3;16.7;50.29099422992025;28.07833676574437;18.292442286503864
1267palmer_sem12_num4;13.4;71.11407421538226;53.61403661556696;19.37584343632813
1269palmer_sem12_num5;17.4;63.78464158480998;33.33766340170001;18.519607718377333
1271palmer_sem12_num6;14.3;58.772118168238784;34.593061886182106;17.753529395447416
1273palmer_sem12_num7;13.3;59.0868786381876;31.39890089606851;19.097064550220406
1275palmer_sem12_num8;16.8;60.541841021810704;26.93018988743135;19.225055044533264
1277palmer_sem12_num9;14.6;67.2532519499473;36.82261821929889;18.96792064518825
1279palmer_sem12_num10;14.7;62.027945451524275;32.310761547453744;18.612100825796485
1281palmer_sem12_num11;14.5;50.81951039310013;35.324215506977026;19.13663918806895
1283palmer_sem12_num12;13.9;57.63290257348338;35.26242095777236;19.935853963710173
1285palmer_sem12_num13;16.1;58.53140977901954;28.024862339674325;18.501922804868773
1287palmer_sem12_num14;13.7;64.1630002612879;32.45740926728013;19.316831464302247
1289palmer_sem12_num15;14.8;47.66356675661884;24.933534556018987;19.905332635312146
1291palmer_sem12_num16;15.4;67.46445998432212;38.8930060566569;18.39242621032469
1293palmer_sem12_num17;17.3;64.15654888878524;32.59747873354824;17.971563930688845
1295palmer_sem12_num18;14.3;60.42222371539847;35.34871861191663;21.23776450319128
1297palmer_sem12_num19;15.9;64.73703120121927;32.49099714333868;18.14469935689921
1299palmer_sem12_num20;14.4;56.10447684080707;35.24093462098082;19.18295725077532
1301palmer_sem12_num21;14.2;71.36386128712184;36.48532452830021;18.256199192542702
1303palmer_sem12_num22;15.1;61.95728702992328;34.874858357969856;17.772152990981567
1305palmer_sem12_num23;16.9;63.56649229550615;34.80299881354867;17.878368802462102
1307palmer_sem12_num24;12.8;57.864698841089954;25.46809957157177;20.63362249580245
1309palmer_sem12_num25;16.5;57.26194020709528;36.46354024289524;19.92295235167611
1311palmer_sem12_num26;12.9;64.79422735948677;40.03370665809594;18.943579821208747
1313palmer_sem12_num27;15.9;47.903405165046884;30.557952421226894;20.478847108948536
1315palmer_sem12_num28;15.8;59.511065605814466;37.43998797134999;19.019545018267845
1317palmer_sem12_num29;14.9;49.998866779021256;31.18806412377139;18.46114197349912
1319palmer_sem12_num30;14.4;54.10548370719153;37.673007890062024;19.23795276726953
