ind;time;bcd;cd;dd
0001palmer_sem1_num1;35;1.023254063;-0.025685087;-1.165113774
0003palmer_sem1_num2;35;1.022764602;-0.025744211;-1.211900836
0005palmer_sem1_num3;35;1.030829843;-0.025338046;-1.125395937
0007palmer_sem1_num4;35;1.03530964;-0.025465527;-1.230666454
0009palmer_sem1_num5;35;1.035545386;-0.025340808;-1.246281269
0011palmer_sem1_num6;35;1.065753421;-0.025674611;-1.113722601
0013palmer_sem1_num7;35;1.028402569;-0.02566135;-1.221583818
0015palmer_sem1_num8;35;1.023170679;-0.025625335;-1.269446395
0017palmer_sem1_num9;35;1.022948031;-0.025699345;-1.194609759
0019palmer_sem1_num10;35;1.024240602;-0.025672794;-1.308338658
0021palmer_sem1_num11;35;1.009544229;-0.025737532;-1.156882944
0023palmer_sem1_num12;35;1.039369572;-0.025366204;-1.108932623
0025palmer_sem1_num13;35;1.032720581;-0.025736576;-1.147783874
0027palmer_sem1_num14;35;1.065164618;-0.025857688;-1.154425066
0029palmer_sem1_num15;35;1.046897509;-0.025698113;-1.242066285
0031palmer_sem1_num16;35;1.017521709;-0.025690167;-1.228691886
0033palmer_sem1_num17;35;1.070787554;-0.025792653;-1.087616366
0035palmer_sem1_num18;35;1.043489205;-0.025696667;-1.113181014
0037palmer_sem1_num19;35;1.062889303;-0.025870754;-1.247416875
0039palmer_sem1_num20;35;1.035727486;-0.025467674;-1.178622723
0041palmer_sem1_num21;35;1.036795529;-0.025492975;-1.111077025
0043palmer_sem1_num22;35;1.025657619;-0.025503632;-1.248776694
0045palmer_sem1_num23;35;1.037344878;-0.025463946;-1.235858844
0047palmer_sem1_num24;35;1.048799099;-0.025303993;-1.112184498
0049palmer_sem1_num25;35;1.043239767;-0.025295916;-1.103550175
0051palmer_sem1_num26;35;1.051615887;-0.025319979;-1.247513172
0053palmer_sem1_num27;35;1.018814222;-0.025727308;-1.323075057
0055palmer_sem1_num28;35;1.063882654;-0.025757343;-1.18691795
0057palmer_sem1_num29;35;1.044790252;-0.025479025;-1.256615737
0059palmer_sem1_num30;35;1.040254793;-0.025496239;-1.19727641
0061palmer_sem1_num31;35;1.038595408;-0.02528342;-1.236940675
0063palmer_sem1_num32;35;1.036479518;-0.025463871;-1.242173751
0065palmer_sem1_num33;35;1.037428293;-0.025382058;-1.25255282
0067palmer_sem1_num34;35;1.032307197;-0.025655346;-1.280895406
0069palmer_sem1_num35;35;1.036441873;-0.025425697;-1.181011536
0071palmer_sem1_num36;35;1.032195696;-0.025315034;-1.101999875
0073palmer_sem1_num37;35;1.026596629;-0.025528079;-1.192894113
0075palmer_sem1_num38;35;1.035177301;-0.025492683;-1.223582658
0077palmer_sem1_num39;35;1.031663252;-0.025615737;-1.105589047
0079palmer_sem1_num40;35;1.014899198;-0.025846589;-1.272919193
0081palmer_sem1_num41;35;1.052762687;-0.025808321;-1.180326613
0083palmer_sem1_num42;35;1.027073305;-0.025619631;-1.218924626
0085palmer_sem1_num43;35;1.044424137;-0.025567641;-1.201818219
0087palmer_sem1_num44;35;1.02751222;-0.025190261;-1.084663495
0089palmer_sem1_num45;35;1.051285359;-0.025690856;-1.207614567
0091palmer_sem1_num46;35;1.045449249;-0.025764465;-1.165223602
0093palmer_sem1_num47;35;1.039295025;-0.025348439;-1.255951429
0095palmer_sem1_num48;35;1.029794538;-0.025605699;-1.15456025
0097palmer_sem1_num49;35;1.044514063;-0.025227799;-1.054221358
0099palmer_sem1_num50;35;1.046939484;-0.025342084;-1.152430375
0101palmer_sem1_num51;35;1.041148647;-0.025179233;-1.025963989
0103palmer_sem1_num52;35;1.0351954;-0.025526602;-1.073234305
0105palmer_sem1_num53;35;1.025784815;-0.025550755;-1.19597741
0107palmer_sem1_num54;35;1.039655012;-0.025375805;-1.211837498
0109palmer_sem1_num55;35;1.048686802;-0.025226455;-1.210214138
0111palmer_sem1_num56;35;1.048478731;-0.025711129;-1.237428652
0113palmer_sem1_num57;35;1.026275916;-0.025454247;-1.193537991
0115palmer_sem1_num58;35;1.050836316;-0.025725834;-1.160722739
0117palmer_sem1_num59;35;1.037606946;-0.025194693;-1.216251087
0119palmer_sem1_num60;35;1.045394079;-0.02540994;-1.156739101
0121palmer_sem2_num1;50;1.052252861;-0.024411787;-1.101333461
0123palmer_sem2_num2;50;1.046273986;-0.024161814;-1.033539595
0125palmer_sem2_num3;50;1.024940405;-0.024137251;-1.096175232
0127palmer_sem2_num4;50;1.038621342;-0.024315197;-1.081753232
0129palmer_sem2_num5;50;1.024494486;-0.023967778;-1.060307968
0131palmer_sem2_num6;50;1.049028767;-0.024183941;-1.079948469
0133palmer_sem2_num7;50;1.043998888;-0.024145569;-1.075369666
0135palmer_sem2_num8;50;1.051265181;-0.024119668;-1.043748723
0137palmer_sem2_num9;50;1.05179583;-0.024170153;-1.082426173
0139palmer_sem2_num10;50;1.043695457;-0.024282686;-1.047856347
0141palmer_sem2_num11;50;1.038145733;-0.024017298;-1.060228222
0143palmer_sem2_num12;50;1.050263653;-0.024192014;-1.097569754
0145palmer_sem2_num13;50;1.036457462;-0.024133571;-1.013194904
0147palmer_sem2_num14;50;1.037532694;-0.023884955;-1.059739826
0149palmer_sem2_num15;50;1.056284658;-0.024028467;-1.045162794
0151palmer_sem2_num16;50;1.051383691;-0.024219677;-1.041126703
0153palmer_sem2_num17;50;1.049726733;-0.024133054;-1.042036978
0155palmer_sem2_num18;50;1.060588438;-0.023991324;-1.102764982
0157palmer_sem2_num19;50;1.056268131;-0.024032596;-1.09148421
0159palmer_sem2_num20;50;1.051973062;-0.024119577;-1.038096103
0161palmer_sem2_num21;50;1.050692613;-0.024122814;-1.056724348
0163palmer_sem2_num22;50;1.027571807;-0.023874309;-1.067955145
0165palmer_sem2_num23;50;1.062459065;-0.023958132;-1.0421357
0167palmer_sem2_num24;50;1.053018154;-0.024010435;-1.102445794
0169palmer_sem2_num25;50;1.035222289;-0.02404835;-1.048464981
0171palmer_sem2_num26;50;1.046580111;-0.024067621;-1.040205882
0173palmer_sem2_num27;50;1.046444054;-0.024153715;-1.042171337
0175palmer_sem2_num28;50;1.042512684;-0.024175174;-1.060906514
0177palmer_sem2_num29;50;1.052746739;-0.024161806;-1.073012284
0179palmer_sem2_num30;50;1.045025916;-0.024010078;-1.033061981
0181palmer_sem2_num31;50;1.015520552;-0.023895342;-1.102490201
0183palmer_sem2_num32;50;1.050928386;-0.023927067;-1.067688822
0185palmer_sem2_num33;50;1.063175444;-0.023955292;-1.084542334
0187palmer_sem2_num34;50;1.034727986;-0.024059111;-1.068114965
0189palmer_sem2_num35;50;1.042158758;-0.023681568;-1.078834554
0191palmer_sem2_num36;50;1.048952823;-0.024035923;-1.107823976
0193palmer_sem2_num37;50;1.053868486;-0.02401932;-1.062672856
0195palmer_sem2_num38;50;1.050266667;-0.024294924;-1.074769803
0197palmer_sem2_num39;50;1.017873097;-0.024029745;-1.121403652
0199palmer_sem2_num40;50;1.027197958;-0.02409987;-1.001554034
0201palmer_sem2_num41;50;1.034951823;-0.023773849;-1.09864879
0203palmer_sem2_num42;50;1.040200382;-0.023974774;-1.012118384
0205palmer_sem2_num43;50;1.016587356;-0.023762074;-1.117090126
0207palmer_sem2_num44;50;1.058907131;-0.024024002;-1.039872546
0209palmer_sem2_num45;50;1.029752822;-0.024035033;-1.040104213
0211palmer_sem2_num46;50;1.036764886;-0.02372689;-1.104702672
0213palmer_sem2_num47;50;1.024938869;-0.023721217;-1.161964039
0215palmer_sem2_num48;50;1.054951018;-0.02416381;-1.080950793
0217palmer_sem2_num49;50;1.041256384;-0.02381418;-1.130611466
0219palmer_sem2_num50;50;1.057720326;-0.024107586;-1.081753469
0221palmer_sem2_num51;50;1.0328396;-0.024055503;-1.090268733
0223palmer_sem2_num52;50;1.052824678;-0.024230689;-0.991321255
0225palmer_sem2_num53;50;1.045117298;-0.024116219;-1.045094117
0227palmer_sem2_num54;50;1.041200868;-0.023949373;-1.053020011
0229palmer_sem2_num55;50;1.045627169;-0.023931302;-1.05731104
0231palmer_sem2_num56;50;1.04833208;-0.023919565;-1.09044395
0233palmer_sem2_num57;50;1.030453188;-0.023600414;-1.098436492
0235palmer_sem2_num58;50;1.047176778;-0.024051552;-1.069679331
0237palmer_sem2_num59;50;1.044485401;-0.023870578;-1.007988551
0239palmer_sem2_num60;50;1.046649996;-0.023745459;-1.048682296
0241palmer_sem3_num1;65;1.046417912;-0.023462891;-0.979896235
0243palmer_sem3_num2;65;1.036958515;-0.023494776;-1.027990019
0245palmer_sem3_num3;65;1.036510384;-0.023490639;-1.05774309
0247palmer_sem3_num4;65;1.076864143;-0.023383279;-0.991190401
0249palmer_sem3_num5;65;1.04044606;-0.023373899;-1.019049668
0251palmer_sem3_num6;65;1.04859947;-0.023371035;-0.97864698
0253palmer_sem3_num7;65;1.038505717;-0.023131606;-1.028069203
0255palmer_sem3_num8;65;1.034707516;-0.023278321;-1.019214709
0257palmer_sem3_num9;65;1.038755298;-0.023453473;-1.028129993
0259palmer_sem3_num10;65;1.047335492;-0.023450565;-1.025766546
0261palmer_sem3_num11;65;1.02576189;-0.023289752;-1.045575141
0263palmer_sem3_num12;65;1.039826316;-0.023280267;-1.027239855
0265palmer_sem3_num13;65;1.0395881;-0.023239188;-1.001284795
0267palmer_sem3_num14;65;1.03628936;-0.023395848;-1.079414981
0269palmer_sem3_num15;65;1.035089989;-0.02319948;-1.040894447
0271palmer_sem3_num16;65;1.062189919;-0.02331575;-1.021357884
0273palmer_sem3_num17;65;1.042523874;-0.02340732;-0.99344831
0275palmer_sem3_num18;65;1.04803889;-0.023304051;-0.980918981
0277palmer_sem3_num19;65;1.038388555;-0.023291994;-0.98641343
0279palmer_sem3_num20;65;1.044132256;-0.02346411;-1.028867046
0281palmer_sem3_num21;65;1.100306365;-0.023244365;-1.066641292
0283palmer_sem3_num22;65;1.081281323;-0.023260208;-1.02829076
0285palmer_sem3_num23;65;1.035983084;-0.023095329;-1.006194057
0287palmer_sem3_num24;65;1.050266711;-0.023097018;-1.012694905
0289palmer_sem3_num25;65;1.035878588;-0.023593793;-1.061266942
0291palmer_sem3_num26;65;1.0344203;-0.023226968;-1.014180918
0293palmer_sem3_num27;65;1.047615431;-0.023449633;-1.04302346
0295palmer_sem3_num28;65;1.055373974;-0.023348591;-0.999757456
0297palmer_sem3_num29;65;1.020369118;-0.023276395;-1.020676019
0299palmer_sem3_num30;65;1.040214909;-0.023392347;-0.995308133
0301palmer_sem3_num31;65;1.028209406;-0.023236818;-0.999260928
0303palmer_sem3_num32;65;1.036325232;-0.023444539;-0.98020997
0305palmer_sem3_num33;65;1.038110905;-0.023509723;-0.997480151
0307palmer_sem3_num34;65;1.028649944;-0.023230286;-0.996809213
0309palmer_sem3_num35;65;1.038142191;-0.023252954;-1.019807399
0311palmer_sem3_num36;65;1.038202618;-0.023373941;-1.00271707
0313palmer_sem3_num37;65;1.041653298;-0.023542741;-1.014339096
0315palmer_sem3_num38;65;1.037577483;-0.023603845;-1.017174447
0317palmer_sem3_num39;65;1.03146283;-0.023616215;-1.137858985
0319palmer_sem3_num40;65;1.053025225;-0.023354582;-1.029683353
0321palmer_sem3_num41;65;1.075593697;-0.023405764;-1.051518754
0323palmer_sem3_num42;65;1.041495662;-0.023429548;-1.033212012
0325palmer_sem3_num43;65;1.027838695;-0.023596697;-1.162400453
0327palmer_sem3_num44;65;1.032302122;-0.023345506;-1.053286051
0329palmer_sem3_num45;65;1.055098538;-0.023385347;-1.09753986
0331palmer_sem3_num46;65;1.034610054;-0.023441195;-1.011585597
0333palmer_sem3_num47;65;1.054957297;-0.02341626;-1.059470453
0335palmer_sem3_num48;65;1.04069868;-0.023453404;-0.988162756
0337palmer_sem3_num49;65;1.02563142;-0.023452876;-1.012112823
0339palmer_sem3_num50;65;1.025145907;-0.023658757;-1.126888351
0341palmer_sem3_num51;65;1.031845368;-0.023636292;-1.038513288
0343palmer_sem3_num52;65;1.03057999;-0.02329972;-1.062953219
0345palmer_sem3_num53;65;1.045134955;-0.023376368;-0.993864949
0347palmer_sem3_num54;65;1.076154624;-0.023439012;-1.05341128
0349palmer_sem3_num55;65;1.043563614;-0.023400122;-1.032771832
0351palmer_sem3_num56;65;1.083358206;-0.023403478;-1.010260575
0353palmer_sem3_num57;65;1.059343062;-0.02337476;-1.042065003
0355palmer_sem3_num58;65;1.032283223;-0.023482919;-1.003380444
0357palmer_sem3_num59;65;1.032601404;-0.023293347;-1.038676302
0359palmer_sem3_num60;65;1.035597012;-0.023421032;-1.027370994
0361palmer_sem4_num1;80;1.044450461;-0.022817776;-1.243297647
0363palmer_sem4_num2;80;1.048688033;-0.022958387;-1.053942162
0365palmer_sem4_num3;80;1.059351194;-0.022919377;-1.150193123
0367palmer_sem4_num4;80;1.058548414;-0.022907776;-1.127768418
0369palmer_sem4_num5;80;1.051642095;-0.022863118;-1.162877486
0371palmer_sem4_num6;80;1.061463051;-0.022922298;-1.120410704
0373palmer_sem4_num7;80;1.050796873;-0.022995031;-1.079317228
0375palmer_sem4_num8;80;1.051887469;-0.022895542;-1.130611473
0377palmer_sem4_num9;80;1.051115877;-0.022962029;-1.108983813
0379palmer_sem4_num10;80;1.036484789;-0.023028789;-1.112092129
0381palmer_sem4_num11;80;1.054259761;-0.022912449;-1.082849469
0383palmer_sem4_num12;80;1.042965818;-0.023111178;-1.023829781
0385palmer_sem4_num13;80;1.045669;-0.022972198;-1.071770291
0387palmer_sem4_num14;80;1.0415503;-0.023020801;-1.003501906
0389palmer_sem4_num15;80;1.053780701;-0.022980007;-1.08478922
0391palmer_sem4_num16;80;1.052326961;-0.023044748;-1.019999124
0393palmer_sem4_num17;80;1.045114384;-0.023099348;-1.002047174
0395palmer_sem4_num18;80;1.062040073;-0.02299737;-1.038255629
0397palmer_sem4_num19;80;1.042917755;-0.023063574;-1.000393782
0399palmer_sem4_num20;80;1.053755396;-0.022916028;-1.140293724
0401palmer_sem4_num21;80;1.056415339;-0.022834314;-1.05953678
0403palmer_sem4_num22;80;1.049489903;-0.022998664;-1.041946246
0405palmer_sem4_num23;80;1.042405447;-0.022787714;-1.19000816
0407palmer_sem4_num24;80;1.057946245;-0.022963206;-1.091978483
0409palmer_sem4_num25;80;1.044494437;-0.023048681;-1.064615027
0411palmer_sem4_num26;80;1.037704483;-0.023077554;-0.978989628
0413palmer_sem4_num27;80;1.02291709;-0.023269242;-0.995623733
0415palmer_sem4_num28;80;1.05750461;-0.022895534;-1.065384087
0417palmer_sem4_num29;80;1.038108035;-0.023092808;-1.023142168
0419palmer_sem4_num30;80;1.050202302;-0.022857242;-1.105832724
0421palmer_sem4_num31;80;1.027937354;-0.023202997;-1.006963564
0423palmer_sem4_num32;80;1.055680273;-0.023052775;-1.05506488
0425palmer_sem4_num33;80;1.039624046;-0.023103117;-1.009573877
0427palmer_sem4_num34;80;1.044337556;-0.023130171;-0.991307746
0429palmer_sem4_num35;80;1.056319245;-0.023008726;-1.010740118
0431palmer_sem4_num36;80;1.046588099;-0.022942859;-1.050622157
0433palmer_sem4_num37;80;1.041456736;-0.023132661;-0.987663416
0435palmer_sem4_num38;80;1.023677886;-0.02277437;-1.160893532
0437palmer_sem4_num39;80;1.042455439;-0.022981875;-1.086311925
0439palmer_sem4_num40;80;1.060178779;-0.022924213;-1.044007695
0441palmer_sem4_num41;80;1.05244389;-0.022964512;-1.058202441
0443palmer_sem4_num42;80;1.051548875;-0.023071739;-1.021710677
0445palmer_sem4_num43;80;1.047451542;-0.022969089;-1.046067986
0447palmer_sem4_num44;80;1.056900333;-0.0230472;-1.113706904
0449palmer_sem4_num45;80;1.061685659;-0.02295198;-1.070619164
0451palmer_sem4_num46;80;1.042810325;-0.022809724;-1.164668606
0453palmer_sem4_num47;80;1.062336734;-0.022991402;-1.138279887
0455palmer_sem4_num48;80;1.047297474;-0.023077528;-1.005335215
0457palmer_sem4_num49;80;1.038322862;-0.023058561;-1.024778848
0459palmer_sem4_num50;80;1.050306855;-0.023010235;-1.045011957
0461palmer_sem4_num51;80;1.044435469;-0.022999321;-1.015093616
0463palmer_sem4_num52;80;1.035035672;-0.022887774;-1.18614342
0465palmer_sem4_num53;80;1.021964816;-0.022893478;-1.197531097
0467palmer_sem4_num54;80;1.03943494;-0.023173052;-1.021934751
0469palmer_sem4_num55;80;1.043026264;-0.0230198;-1.028175754
0471palmer_sem4_num56;80;1.039148146;-0.02311923;-1.024581165
0473palmer_sem4_num57;80;1.049376141;-0.023024851;-1.006928856
0475palmer_sem4_num58;80;1.041353821;-0.022828684;-1.169364195
0477palmer_sem4_num59;80;1.024253859;-0.022833107;-1.176349117
0479palmer_sem4_num60;80;1.045364444;-0.02297412;-1.044406876
0481palmer_sem5_num1;95;1.029719323;-0.022686628;-1.144530999
0483palmer_sem5_num2;95;1.064096888;-0.022778293;-1.115097003
0485palmer_sem5_num3;95;1.040133954;-0.022916976;-1.218944945
0487palmer_sem5_num4;95;1.059592151;-0.022877301;-1.09856952
0489palmer_sem5_num5;95;1.050124894;-0.022727044;-1.167973468
0491palmer_sem5_num6;95;1.063310815;-0.02284011;-1.173922021
0493palmer_sem5_num7;95;1.020606791;-0.022841068;-1.206795473
0495palmer_sem5_num8;95;1.022942385;-0.022662191;-1.182489877
0497palmer_sem5_num9;95;1.05867407;-0.022816807;-1.152447608
0499palmer_sem5_num10;95;1.053524099;-0.022915309;-1.091919646
0501palmer_sem5_num11;95;1.034862254;-0.022759513;-1.22510698
0503palmer_sem5_num12;95;1.061701366;-0.022840914;-1.10702913
0505palmer_sem5_num13;95;1.027378319;-0.022893996;-1.202533799
0507palmer_sem5_num14;95;1.05661741;-0.022806974;-1.141554796
0509palmer_sem5_num15;95;1.022863036;-0.022730241;-1.200040498
0511palmer_sem5_num16;95;1.06122964;-0.022751881;-1.129144883
0513palmer_sem5_num17;95;1.029470262;-0.022616971;-1.050491407
0515palmer_sem5_num18;95;1.02532358;-0.022695404;-1.128762976
0517palmer_sem5_num19;95;1.046259881;-0.022862954;-1.030558075
0519palmer_sem5_num20;95;1.013923827;-0.022703546;-1.12216906
0521palmer_sem5_num21;95;1.049580194;-0.022931246;-1.116272737
0523palmer_sem5_num22;95;1.052894771;-0.022865258;-1.021394919
0525palmer_sem5_num23;95;1.055910295;-0.022811228;-1.191032804
0527palmer_sem5_num24;95;1.047440205;-0.022766974;-1.253138528
0529palmer_sem5_num25;95;1.041843713;-0.022808087;-1.219918405
0531palmer_sem5_num26;95;1.061208607;-0.022894361;-1.158216527
0533palmer_sem5_num27;95;1.067035865;-0.022780125;-1.136516117
0535palmer_sem5_num28;95;1.069702428;-0.022692143;-1.159274306
0537palmer_sem5_num29;95;1.043373523;-0.022736729;-1.204925663
0539palmer_sem5_num30;95;1.007447213;-0.022804086;-1.202898188
0541palmer_sem5_num31;95;1.064485278;-0.022954679;-1.097437172
0543palmer_sem5_num32;95;1.05756097;-0.022812647;-1.107734807
0545palmer_sem5_num33;95;1.061466248;-0.022823457;-1.088083987
0547palmer_sem5_num34;95;1.021465046;-0.022653233;-1.139769327
0549palmer_sem5_num35;95;1.060047772;-0.022863251;-1.160355085
0551palmer_sem5_num36;95;1.021826995;-0.022723214;-1.127553975
0553palmer_sem5_num37;95;1.020071907;-0.022727199;-1.194712649
0555palmer_sem5_num38;95;1.033645434;-0.022773459;-1.189014041
0557palmer_sem5_num39;95;1.043700074;-0.022787408;-1.234745433
0559palmer_sem5_num40;95;1.019110198;-0.022763159;-1.139669984
0561palmer_sem5_num41;95;1.055279022;-0.022821376;-1.145752359
0563palmer_sem5_num42;95;1.028530536;-0.022441401;-1.029302819
0565palmer_sem5_num43;95;1.055685397;-0.022795718;-1.179730203
0567palmer_sem5_num44;95;1.013511957;-0.022747911;-1.17660943
0569palmer_sem5_num45;95;1.037830937;-0.022759506;-1.17466387
0571palmer_sem5_num46;95;1.027139787;-0.022656356;-1.00854163
0573palmer_sem5_num47;95;1.061706987;-0.022868114;-1.193423724
0575palmer_sem5_num48;95;1.034931282;-0.022814442;-1.171024145
0577palmer_sem5_num49;95;1.03490512;-0.022823302;-1.209228742
0579palmer_sem5_num50;95;1.031502667;-0.022628317;-1.250077032
0581palmer_sem5_num51;95;1.054933028;-0.022895853;-1.117688855
0583palmer_sem5_num52;95;1.020806837;-0.022807158;-1.137465837
0585palmer_sem5_num53;95;1.020850956;-0.022665628;-1.16119666
0587palmer_sem5_num54;95;1.022310789;-0.022634449;-1.159123861
0589palmer_sem5_num55;95;1.027487544;-0.022849606;-1.153952867
0591palmer_sem5_num56;95;1.018734728;-0.022766732;-1.16711556
0593palmer_sem5_num57;95;1.051387171;-0.022792139;-1.164290481
0595palmer_sem5_num58;95;1.016573463;-0.022763372;-1.151248689
0597palmer_sem5_num59;95;1.051684755;-0.022911244;-1.140315126
0599palmer_sem5_num60;95;1.043933042;-0.022668155;-1.134171108
0601palmer_sem6_num1;110;1.05372978;-0.022889815;-1.085860436
0603palmer_sem6_num2;110;1.054523642;-0.022760634;-1.226367753
0605palmer_sem6_num3;110;1.060327254;-0.022816558;-1.158712936
0607palmer_sem6_num4;110;1.02791205;-0.022823124;-1.17680347
0609palmer_sem6_num5;110;1.060603149;-0.022719739;-1.191503913
0611palmer_sem6_num6;110;1.047687194;-0.022675853;-1.084862791
0613palmer_sem6_num7;110;1.033197514;-0.022669946;-1.23344123
0615palmer_sem6_num8;110;1.043147284;-0.022723193;-1.208543855
0617palmer_sem6_num9;110;1.05390472;-0.022818158;-1.145542335
0619palmer_sem6_num10;110;1.060091304;-0.022811131;-1.085016616
0621palmer_sem6_num11;110;1.039880783;-0.022812192;-1.186280408
0623palmer_sem6_num12;110;1.025813039;-0.02256153;-1.030341213
0625palmer_sem6_num13;110;1.021144918;-0.022533042;-1.086314605
0627palmer_sem6_num14;110;1.054676994;-0.022897571;-1.146137003
0629palmer_sem6_num15;110;1.027675601;-0.022653359;-1.146079795
0631palmer_sem6_num16;110;1.058565477;-0.02287681;-1.115049974
0633palmer_sem6_num17;110;1.049456052;-0.022890496;-1.018289948
0635palmer_sem6_num18;110;1.041912865;-0.022740605;-1.246370917
0637palmer_sem6_num19;110;1.052185543;-0.022822714;-1.064373061
0639palmer_sem6_num20;110;1.061785445;-0.023022256;-1.021852178
0641palmer_sem6_num21;110;1.058788777;-0.022831478;-1.184233816
0643palmer_sem6_num22;110;1.056547986;-0.022816215;-1.088891983
0645palmer_sem6_num23;110;1.020171753;-0.02279759;-1.175429029
0647palmer_sem6_num24;110;1.057429308;-0.022757407;-1.119436427
0649palmer_sem6_num25;110;1.031983929;-0.022642865;-1.184501307
0651palmer_sem6_num26;110;1.05080629;-0.023001712;-1.037007927
0653palmer_sem6_num27;110;1.026904249;-0.022527179;-1.163944715
0655palmer_sem6_num28;110;1.056320155;-0.022923228;-1.083494257
0657palmer_sem6_num29;110;1.026967127;-0.022697065;-1.191497197
0659palmer_sem6_num30;110;1.030039792;-0.022548923;-1.236258712
0661palmer_sem6_num31;110;1.052475826;-0.022846598;-1.060566055
0663palmer_sem6_num32;110;1.057637025;-0.022919208;-1.089257926
0665palmer_sem6_num33;110;1.029164091;-0.022656683;-1.160972545
0667palmer_sem6_num34;110;1.061600286;-0.022781536;-1.12163662
0669palmer_sem6_num35;110;1.022672743;-0.022786159;-1.193968721
0671palmer_sem6_num36;110;1.016186407;-0.022759405;-1.221022513
0673palmer_sem6_num37;110;1.048955284;-0.022633414;-1.145086087
0675palmer_sem6_num38;110;1.060797152;-0.022908873;-1.024380899
0677palmer_sem6_num39;110;1.021827767;-0.022700363;-1.196045528
0679palmer_sem6_num40;110;1.029827965;-0.022584432;-0.99740001
0681palmer_sem6_num41;110;1.025109126;-0.022636708;-1.254336898
0683palmer_sem6_num42;110;1.020484399;-0.022717637;-1.23924758
0685palmer_sem6_num43;110;1.047589042;-0.022954497;-1.02304128
0687palmer_sem6_num44;110;1.018053616;-0.022787886;-1.227815327
0689palmer_sem6_num45;110;1.037382653;-0.022635955;-1.068241281
0691palmer_sem6_num46;110;1.061983229;-0.022789125;-1.10877996
0693palmer_sem6_num47;110;1.018265167;-0.022637396;-1.051399288
0695palmer_sem6_num48;110;1.046817578;-0.023020994;-1.083724985
0697palmer_sem6_num49;110;1.046363891;-0.022802375;-1.148266993
0699palmer_sem6_num50;110;1.054501665;-0.0228684;-0.995065974
0701palmer_sem6_num51;110;1.024062499;-0.022767923;-1.225314333
0703palmer_sem6_num52;110;1.026028517;-0.022690795;-1.266906101
0705palmer_sem6_num53;110;1.060474456;-0.022946686;-1.097923342
0707palmer_sem6_num54;110;1.032570167;-0.022888642;-1.112219735
0709palmer_sem6_num55;110;1.020251637;-0.022765305;-1.184035606
0711palmer_sem6_num56;110;1.018554552;-0.022722838;-1.157017022
0713palmer_sem6_num57;110;1.043646472;-0.02276258;-1.080809473
0715palmer_sem6_num58;110;1.068488727;-0.023038083;-1.062865175
0717palmer_sem6_num59;110;1.047969817;-0.022896556;-1.0555803
0719palmer_sem6_num60;110;1.043769778;-0.022936743;-1.135325928
0721palmer_sem7_num1;125;1.018874918;-0.022552145;-1.155954483
0723palmer_sem7_num2;125;1.032559484;-0.022451012;-1.055795393
0725palmer_sem7_num3;125;1.024861154;-0.022584168;-1.119232872
0727palmer_sem7_num4;125;1.015963617;-0.022757251;-1.181919925
0729palmer_sem7_num5;125;1.027023246;-0.022605175;-1.123982776
0731palmer_sem7_num6;125;1.040694739;-0.022800941;-1.14025835
0733palmer_sem7_num7;125;1.033693876;-0.022633115;-1.103442196
0735palmer_sem7_num8;125;1.029054617;-0.022657848;-1.152087564
0737palmer_sem7_num9;125;1.054940393;-0.022895278;-1.158038979
0739palmer_sem7_num10;125;1.02409679;-0.022499854;-1.114681128
0741palmer_sem7_num11;125;1.022906423;-0.022761724;-1.168344083
0743palmer_sem7_num12;125;1.026947611;-0.022533203;-1.044839769
0745palmer_sem7_num13;125;1.06329537;-0.022818247;-1.100856202
0747palmer_sem7_num14;125;1.033701373;-0.022759031;-1.214739823
0749palmer_sem7_num15;125;1.018963105;-0.022804643;-1.173961715
0751palmer_sem7_num16;125;1.056858519;-0.02300166;-1.00210932
0753palmer_sem7_num17;125;1.020892996;-0.022708199;-1.179603391
0755palmer_sem7_num18;125;1.040496735;-0.02282554;-1.090585957
0757palmer_sem7_num19;125;1.058633963;-0.022863947;-1.101317521
0759palmer_sem7_num20;125;1.057073632;-0.022855342;-1.125164496
0761palmer_sem7_num21;125;1.064398313;-0.022722636;-1.143472599
0763palmer_sem7_num22;125;1.058292582;-0.022789541;-1.146617833
0765palmer_sem7_num23;125;1.067247495;-0.022763385;-1.202011962
0767palmer_sem7_num24;125;1.050869816;-0.022812587;-1.135069362
0769palmer_sem7_num25;125;1.057007058;-0.022943511;-1.099487888
0771palmer_sem7_num26;125;1.049904546;-0.022963606;-1.047150625
0773palmer_sem7_num27;125;1.053869164;-0.022756828;-1.162902972
0775palmer_sem7_num28;125;1.05936319;-0.022917045;-1.087253066
0777palmer_sem7_num29;125;1.055719499;-0.022872696;-1.119434709
0779palmer_sem7_num30;125;1.045883991;-0.023004738;-1.020116824
0781palmer_sem7_num31;125;1.066665943;-0.022713646;-1.138632583
0783palmer_sem7_num32;125;1.042085543;-0.022781101;-1.118729739
0785palmer_sem7_num33;125;1.043642446;-0.022953175;-1.027249879
0787palmer_sem7_num34;125;1.043638389;-0.022794362;-1.154794297
0789palmer_sem7_num35;125;1.022971974;-0.022648607;-1.180926114
0791palmer_sem7_num36;125;1.064942206;-0.022737898;-1.192005523
0793palmer_sem7_num37;125;1.020876106;-0.022753372;-1.200996925
0795palmer_sem7_num38;125;1.029383556;-0.022579604;-1.035618023
0797palmer_sem7_num39;125;1.037965162;-0.022669974;-1.153255556
0799palmer_sem7_num40;125;1.025217786;-0.022696406;-1.180305658
0801palmer_sem7_num41;125;1.02532902;-0.022598619;-1.147558888
0803palmer_sem7_num42;125;1.039667551;-0.022667039;-1.221011487
0805palmer_sem7_num43;125;1.049756466;-0.022632445;-1.171860224
0807palmer_sem7_num44;125;1.019719433;-0.022682321;-1.156505824
0809palmer_sem7_num45;125;1.019925316;-0.022758945;-1.202503507
0811palmer_sem7_num46;125;1.046284729;-0.022790832;-1.116727243
0813palmer_sem7_num47;125;1.045460373;-0.02269803;-1.208775801
0815palmer_sem7_num48;125;1.017184291;-0.022696829;-1.202399469
0817palmer_sem7_num49;125;1.065755759;-0.022764261;-1.067800768
0819palmer_sem7_num50;125;1.064353648;-0.022761937;-1.150119501
0821palmer_sem7_num51;125;1.043851302;-0.022677749;-1.216788523
0823palmer_sem7_num52;125;1.031489063;-0.022525277;-1.146046019
0825palmer_sem7_num53;125;1.048634296;-0.022991435;-1.047134933
0827palmer_sem7_num54;125;1.024248091;-0.022635055;-1.144437074
0829palmer_sem7_num55;125;1.043141483;-0.022708919;-1.138841081
0831palmer_sem7_num56;125;1.032591551;-0.02263715;-1.108556781
0833palmer_sem7_num57;125;1.060940689;-0.022739943;-1.189772943
0835palmer_sem7_num58;125;1.051656409;-0.022591431;-1.234370626
0837palmer_sem7_num59;125;1.027032306;-0.02266609;-1.257082842
0839palmer_sem7_num60;125;1.060367219;-0.022739985;-1.110109088
0841palmer_sem8_num1;140;1.043074805;-0.022730709;-1.164142066
0843palmer_sem8_num2;140;1.022430118;-0.022659946;-1.107449445
0845palmer_sem8_num3;140;1.028048109;-0.022542615;-1.025945044
0847palmer_sem8_num4;140;1.048005936;-0.022719529;-1.201147982
0849palmer_sem8_num5;140;1.027913487;-0.022718047;-1.043533444
0851palmer_sem8_num6;140;1.061471903;-0.022829237;-1.162919517
0853palmer_sem8_num7;140;1.016677923;-0.022699107;-1.181045232
0855palmer_sem8_num8;140;1.016780756;-0.022685604;-1.25513013
0857palmer_sem8_num9;140;1.066260364;-0.022779027;-1.216242838
0859palmer_sem8_num10;140;1.03457425;-0.022766539;-1.185249048
0861palmer_sem8_num11;140;1.062400027;-0.022657301;-1.189104468
0863palmer_sem8_num12;140;1.063683376;-0.022766198;-1.223161877
0865palmer_sem8_num13;140;1.029663484;-0.022635798;-1.242232485
0867palmer_sem8_num14;140;1.032095922;-0.022488239;-1.033351025
0869palmer_sem8_num15;140;1.039885849;-0.022668303;-1.166651459
0871palmer_sem8_num16;140;1.028675021;-0.022711362;-1.191351447
0873palmer_sem8_num17;140;1.032161259;-0.02256194;-1.016170488
0875palmer_sem8_num18;140;1.027763712;-0.022525908;-1.005012001
0877palmer_sem8_num19;140;1.060754411;-0.022686176;-1.099335553
0879palmer_sem8_num20;140;1.025722455;-0.022570894;-1.224984737
0881palmer_sem8_num21;140;1.060524456;-0.022834597;-1.116859721
0883palmer_sem8_num22;140;1.015092869;-0.022577979;-1.22865555
0885palmer_sem8_num23;140;1.068325787;-0.022743225;-1.10187341
0887palmer_sem8_num24;140;1.066530073;-0.022680403;-1.202311448
0889palmer_sem8_num25;140;1.026237437;-0.022590989;-1.232302143
0891palmer_sem8_num26;140;1.017807265;-0.022620015;-1.236612361
0893palmer_sem8_num27;140;1.026054936;-0.022667967;-1.198718172
0895palmer_sem8_num28;140;1.028176881;-0.022578503;-1.155252924
0897palmer_sem8_num29;140;1.069583013;-0.022750575;-1.126330595
0899palmer_sem8_num30;140;1.023995163;-0.022651462;-1.146801622
0901palmer_sem8_num31;140;1.016465566;-0.022758204;-1.171945906
0903palmer_sem8_num32;140;1.029834369;-0.022478128;-1.016741524
0905palmer_sem8_num33;140;1.044479113;-0.022739691;-1.206014664
0907palmer_sem8_num34;140;1.060236879;-0.022903648;-1.14708354
0909palmer_sem8_num35;140;1.033973574;-0.022606412;-1.076906816
0911palmer_sem8_num36;140;1.0674988;-0.022754904;-1.150376742
0913palmer_sem8_num37;140;1.043371344;-0.022640456;-1.19595153
0915palmer_sem8_num38;140;1.026733503;-0.022757779;-1.043793549
0917palmer_sem8_num39;140;1.040759043;-0.022652124;-1.211312907
0919palmer_sem8_num40;140;1.051024462;-0.022909493;-1.033879426
0921palmer_sem8_num41;140;1.019490602;-0.022679936;-1.123489413
0923palmer_sem8_num42;140;1.017040274;-0.022697217;-1.170367931
0925palmer_sem8_num43;140;1.033700809;-0.022563946;-1.060868728
0927palmer_sem8_num44;140;1.013595096;-0.022826279;-1.196346391
0929palmer_sem8_num45;140;1.018751496;-0.022620812;-1.173491361
0931palmer_sem8_num46;140;1.020553911;-0.022424269;-1.051759975
0933palmer_sem8_num47;140;1.017805455;-0.022678849;-1.158288376
0935palmer_sem8_num48;140;1.02999559;-0.0225462;-1.081014214
0937palmer_sem8_num49;140;1.057749496;-0.022912614;-1.062616892
0939palmer_sem8_num50;140;1.065662411;-0.022744486;-1.123802784
0941palmer_sem8_num51;140;1.026460777;-0.022379908;-1.005911052
0943palmer_sem8_num52;140;1.028494958;-0.022555973;-1.138370186
0945palmer_sem8_num53;140;1.057984438;-0.022712293;-1.137094308
0947palmer_sem8_num54;140;1.020967804;-0.022687533;-1.158451538
0949palmer_sem8_num55;140;1.057016507;-0.02287675;-1.071946324
0951palmer_sem8_num56;140;1.019881872;-0.022655615;-1.112711768
0953palmer_sem8_num57;140;1.036313487;-0.022395505;-1.020367844
0955palmer_sem8_num58;140;1.021300543;-0.022635736;-1.167025478
0957palmer_sem8_num59;140;1.032871744;-0.02264699;-1.05403484
0959palmer_sem8_num60;140;1.018713084;-0.022651964;-1.20705795
0961palmer_sem9_num1;155;1.012548882;-0.022461015;-0.994478029
0963palmer_sem9_num2;155;1.050198487;-0.022693312;-1.171173042
0965palmer_sem9_num3;155;1.058436778;-0.022787553;-1.188539717
0967palmer_sem9_num4;155;1.065259484;-0.022760223;-1.204175107
0969palmer_sem9_num5;155;1.060762929;-0.022774357;-1.140046628
0971palmer_sem9_num6;155;1.028401588;-0.022648697;-1.16640566
0973palmer_sem9_num7;155;1.027106455;-0.022506729;-1.029956351
0975palmer_sem9_num8;155;1.040803185;-0.022649236;-1.179753089
0977palmer_sem9_num9;155;1.02838937;-0.022608515;-1.194203134
0979palmer_sem9_num10;155;1.047629936;-0.022745022;-1.138671213
0981palmer_sem9_num11;155;1.049309817;-0.022771545;-1.0582956
0983palmer_sem9_num12;155;1.021134432;-0.022732487;-1.203634784
0985palmer_sem9_num13;155;1.066907799;-0.022703932;-1.094396367
0987palmer_sem9_num14;155;1.019514633;-0.022697893;-1.158196858
0989palmer_sem9_num15;155;1.04339815;-0.022401709;-1.027492831
0991palmer_sem9_num16;155;1.029816024;-0.022543833;-1.157488459
0993palmer_sem9_num17;155;1.062376605;-0.022607301;-1.117611434
0995palmer_sem9_num18;155;1.022205414;-0.022553644;-1.091738721
0997palmer_sem9_num19;155;1.022359786;-0.0225779;-1.121228369
0999palmer_sem9_num20;155;1.063043693;-0.022662799;-1.121532482
1001palmer_sem9_num21;155;1.058983824;-0.022732167;-1.22003207
1003palmer_sem9_num22;155;1.058502303;-0.022829945;-1.164044153
1005palmer_sem9_num23;155;1.041425179;-0.022649059;-1.229554383
1007palmer_sem9_num24;155;1.032102072;-0.022527283;-1.15691034
1009palmer_sem9_num25;155;1.014202655;-0.022352377;-1.012378484
1011palmer_sem9_num26;155;1.025781502;-0.022611395;-1.139279626
1013palmer_sem9_num27;155;1.066401413;-0.022742984;-1.15941319
1015palmer_sem9_num28;155;1.021178881;-0.022602634;-1.130873642
1017palmer_sem9_num29;155;1.018283597;-0.022595105;-1.171645797
1019palmer_sem9_num30;155;1.028829968;-0.022506208;-1.230906914
1021palmer_sem9_num31;155;1.042795969;-0.022794118;-1.14255155
1023palmer_sem9_num32;155;1.042798549;-0.022672064;-1.113441518
1025palmer_sem9_num33;155;1.053937737;-0.022656197;-1.093514644
1027palmer_sem9_num34;155;1.021568564;-0.022699941;-1.173708922
1029palmer_sem9_num35;155;1.023178121;-0.022754957;-1.150692125
1031palmer_sem9_num36;155;1.023626195;-0.022521104;-1.063137949
1033palmer_sem9_num37;155;1.032093692;-0.022502353;-1.073896093
1035palmer_sem9_num38;155;1.023893888;-0.022690701;-1.23076551
1037palmer_sem9_num39;155;1.028400852;-0.022427676;-0.998280865
1039palmer_sem9_num40;155;1.028422687;-0.022571203;-1.09427531
1041palmer_sem9_num41;155;1.020091374;-0.022673084;-1.211040875
1043palmer_sem9_num42;155;1.027531964;-0.022390791;-1.047454082
1045palmer_sem9_num43;155;1.032030059;-0.022609714;-1.161303429
1047palmer_sem9_num44;155;1.020680551;-0.02269162;-1.138906509
1049palmer_sem9_num45;155;1.023847007;-0.022609811;-1.225720014
1051palmer_sem9_num46;155;1.059914255;-0.02277397;-1.16760399
1053palmer_sem9_num47;155;1.027549104;-0.022546957;-1.096749742
1055palmer_sem9_num48;155;1.018346515;-0.022762179;-1.178277563
1057palmer_sem9_num49;155;1.048957707;-0.022645089;-1.197102068
1059palmer_sem9_num50;155;1.030995118;-0.022580476;-1.220534994
1061palmer_sem9_num51;155;1.016665762;-0.022649526;-1.174824153
1063palmer_sem9_num52;155;1.022322981;-0.022581587;-1.165301406
1065palmer_sem9_num53;155;1.018470222;-0.022566324;-1.166190819
1067palmer_sem9_num54;155;1.04377676;-0.022668231;-1.201176844
1069palmer_sem9_num55;155;1.034926176;-0.02272656;-1.02611874
1071palmer_sem9_num56;155;1.026177014;-0.022745471;-1.227766909
1073palmer_sem9_num57;155;1.056857992;-0.022813483;-1.102261964
1075palmer_sem9_num58;155;1.022973049;-0.022613869;-1.104759746
1077palmer_sem9_num59;155;1.018667772;-0.02260453;-1.142228433
1079palmer_sem9_num60;155;1.036132324;-0.022577509;-1.045866224
1081palmer_sem10_num1;170;1.020460976;-0.022675348;-1.203811576
1083palmer_sem10_num2;170;1.030848379;-0.022569159;-1.061500875
1085palmer_sem10_num3;170;1.050926427;-0.022669628;-1.222024138
1087palmer_sem10_num4;170;1.033219066;-0.022607302;-1.145325382
1089palmer_sem10_num5;170;1.061085048;-0.022738742;-1.109253085
1091palmer_sem10_num6;170;1.027066784;-0.022651694;-1.140521208
1093palmer_sem10_num7;170;1.008123126;-0.022408914;-1.019770143
1095palmer_sem10_num8;170;1.01461913;-0.022402922;-1.006937836
1097palmer_sem10_num9;170;1.032741072;-0.022562442;-1.234709462
1099palmer_sem10_num10;170;1.057418018;-0.0228089;-1.125347206
1101palmer_sem10_num11;170;1.065819589;-0.022657451;-1.143894825
1103palmer_sem10_num12;170;1.022648509;-0.022570815;-1.208358276
1105palmer_sem10_num13;170;1.013711302;-0.022474674;-1.033834883
1107palmer_sem10_num14;170;1.04636662;-0.022754249;-1.157116711
1109palmer_sem10_num15;170;1.053624813;-0.022774779;-1.037012674
1111palmer_sem10_num16;170;1.018356123;-0.022700331;-1.157670698
1113palmer_sem10_num17;170;1.028744515;-0.022649068;-1.209350955
1115palmer_sem10_num18;170;1.06355389;-0.022651861;-1.142646814
1117palmer_sem10_num19;170;1.065383129;-0.022662624;-1.163221041
1119palmer_sem10_num20;170;1.02197399;-0.022565253;-1.259174179
1121palmer_sem10_num21;170;1.057717431;-0.022742701;-1.134701953
1123palmer_sem10_num22;170;1.059761065;-0.022766335;-1.132129346
1125palmer_sem10_num23;170;1.060479959;-0.022671852;-1.151203297
1127palmer_sem10_num24;170;1.060337625;-0.022676193;-1.192042571
1129palmer_sem10_num25;170;1.065848664;-0.022742563;-1.137387796
1131palmer_sem10_num26;170;1.018703143;-0.022667227;-1.127312075
1133palmer_sem10_num27;170;1.061958483;-0.02276965;-1.157180731
1135palmer_sem10_num28;170;1.023836895;-0.022425462;-1.023267749
1137palmer_sem10_num29;170;1.053415969;-0.022627061;-1.140670609
1139palmer_sem10_num30;170;1.013296573;-0.022692395;-1.233605178
1141palmer_sem10_num31;170;1.05674215;-0.022784358;-1.095164174
1143palmer_sem10_num32;170;1.020822759;-0.022683423;-1.218350907
1145palmer_sem10_num33;170;1.022022765;-0.022604215;-1.046359033
1147palmer_sem10_num34;170;1.020583992;-0.022729168;-1.171239686
1149palmer_sem10_num35;170;1.021598921;-0.022483523;-1.068301656
1151palmer_sem10_num36;170;1.015258531;-0.022748638;-1.2482934
1153palmer_sem10_num37;170;1.033004601;-0.022757015;-1.222496575
1155palmer_sem10_num38;170;1.024648857;-0.022617096;-1.220438948
1157palmer_sem10_num39;170;1.016026037;-0.022659176;-1.226911675
1159palmer_sem10_num40;170;1.068010031;-0.02277772;-1.091844085
1161palmer_sem10_num41;170;1.050041709;-0.022774303;-1.204405528
1163palmer_sem10_num42;170;1.023187799;-0.022640333;-1.116025131
1165palmer_sem10_num43;170;1.029001767;-0.0225218;-1.196043838
1167palmer_sem10_num44;170;1.025431032;-0.022594376;-1.11018882
1169palmer_sem10_num45;170;1.031596856;-0.022580812;-1.230777785
1171palmer_sem10_num46;170;1.065958383;-0.022654704;-1.130284608
1173palmer_sem10_num47;170;1.066078735;-0.022704498;-1.195931027
1175palmer_sem10_num48;170;1.031196432;-0.022567735;-1.190614851
1177palmer_sem10_num49;170;1.032266965;-0.022603113;-1.082583118
1179palmer_sem10_num50;170;1.067760529;-0.022686759;-1.168295513
1181palmer_sem10_num51;170;1.057328415;-0.022652007;-1.122947606
1183palmer_sem10_num52;170;1.022227181;-0.022660229;-1.240900445
1185palmer_sem10_num53;170;1.06749877;-0.022692793;-1.129186411
1187palmer_sem10_num54;170;1.045994444;-0.022686504;-1.188754446
1189palmer_sem10_num55;170;1.029473308;-0.022563462;-1.160763589
1191palmer_sem10_num56;170;1.037018469;-0.022647026;-1.216235223
1193palmer_sem10_num57;170;1.033727751;-0.022527354;-1.233053234
1195palmer_sem10_num58;170;1.03499134;-0.022546495;-1.034664644
1197palmer_sem10_num59;170;1.0288238;-0.022561196;-1.130312987
1199palmer_sem10_num60;170;1.020524979;-0.022556278;-1.156884937
1201palmer_sem11_num1;180;1.020790981;-0.022786685;-1.163559717
1203palmer_sem11_num2;180;1.051776281;-0.022961396;-1.061114128
1205palmer_sem11_num3;180;1.055350327;-0.022827194;-1.018300518
1207palmer_sem11_num4;180;1.067933104;-0.022713658;-1.157992003
1209palmer_sem11_num5;180;1.054077267;-0.022784944;-1.248638927
1211palmer_sem11_num6;180;1.067355563;-0.022782018;-1.093987655
1213palmer_sem11_num7;180;1.047522065;-0.023011829;-1.016085081
1215palmer_sem11_num8;180;1.030224156;-0.022705525;-1.069884581
1217palmer_sem11_num9;180;1.054708743;-0.022895077;-1.052629864
1219palmer_sem11_num10;180;1.060359096;-0.022795689;-1.130547093
1221palmer_sem11_num11;180;1.025104742;-0.022656294;-1.217735548
1223palmer_sem11_num12;180;1.059449799;-0.022868423;-1.089598715
1225palmer_sem11_num13;180;1.057792032;-0.02286568;-1.046232538
1227palmer_sem11_num14;180;1.02503246;-0.022702325;-1.153795237
1229palmer_sem11_num15;180;1.024498474;-0.022776414;-1.212445852
1231palmer_sem11_num16;180;1.032429618;-0.022647992;-1.247168868
1233palmer_sem11_num17;180;1.064761444;-0.022873697;-1.090073055
1235palmer_sem11_num18;180;1.042948425;-0.02270596;-1.213342795
1237palmer_sem11_num19;180;1.024598435;-0.022839303;-1.235183163
1239palmer_sem11_num20;180;1.058490181;-0.022804509;-1.173313737
1241palmer_sem11_num21;180;1.060302555;-0.022725476;-1.176241554
1243palmer_sem11_num22;180;1.061805458;-0.022775703;-1.074787836
1245palmer_sem11_num23;180;1.023469268;-0.022780226;-1.18832319
1247palmer_sem11_num24;180;1.058283187;-0.022871688;-1.053430407
1249palmer_sem11_num25;180;1.056730619;-0.022898438;-1.139595098
1251palmer_sem11_num26;180;1.062081368;-0.022846502;-1.238229703
1253palmer_sem11_num27;180;1.01961031;-0.022712244;-1.272851567
1255palmer_sem11_num28;180;1.01966247;-0.022645738;-1.118578623
1257palmer_sem11_num29;180;1.056495032;-0.022831995;-1.091095633
1259palmer_sem11_num30;180;1.02586951;-0.022665232;-1.16389085
1261palmer_sem12_num1;190;1.059544886;-0.022834341;-1.133970444
1263palmer_sem12_num2;190;1.059519505;-0.022799191;-1.086823726
1265palmer_sem12_num3;190;1.043998264;-0.022804662;-1.211016449
1267palmer_sem12_num4;190;1.058633152;-0.022941288;-1.052839489
1269palmer_sem12_num5;190;1.039362137;-0.022769857;-1.191156664
1271palmer_sem12_num6;190;1.051452404;-0.022992986;-1.068134968
1273palmer_sem12_num7;190;1.04865602;-0.022995943;-1.016811238
1275palmer_sem12_num8;190;1.057865297;-0.022923369;-1.074725213
1277palmer_sem12_num9;190;1.048967005;-0.022979981;-1.026675007
1279palmer_sem12_num10;190;1.046200246;-0.022921449;-1.139256611
1281palmer_sem12_num11;190;1.024877095;-0.022710414;-1.157467221
1283palmer_sem12_num12;190;1.048674023;-0.022924773;-1.053427658
1285palmer_sem12_num13;190;1.051875133;-0.022981357;-1.094023702
1287palmer_sem12_num14;190;1.055518149;-0.023070678;-1.018836841
1289palmer_sem12_num15;190;1.063130631;-0.022872555;-1.085569157
1291palmer_sem12_num16;190;1.056063857;-0.022989594;-1.104917592
1293palmer_sem12_num17;190;1.075813588;-0.022797584;-1.128110775
1295palmer_sem12_num18;190;1.054895427;-0.023049072;-1.03926594
1297palmer_sem12_num19;190;1.055894287;-0.023018668;-1.042954667
1299palmer_sem12_num20;190;1.058826929;-0.022777828;-1.077202287
1301palmer_sem12_num21;190;1.060532999;-0.022885174;-1.163235915
1303palmer_sem12_num22;190;1.063381985;-0.022841248;-1.126397518
1305palmer_sem12_num23;190;1.072109018;-0.02286364;-1.146064631
1307palmer_sem12_num24;190;1.059296074;-0.022885768;-1.083733136
1309palmer_sem12_num25;190;1.041563664;-0.022923726;-1.193692695
1311palmer_sem12_num26;190;1.043568147;-0.022880739;-1.118295921
1313palmer_sem12_num27;190;1.050592188;-0.022976142;-1.140212396
1315palmer_sem12_num28;190;1.051627334;-0.022944142;-1.037893699
1317palmer_sem12_num29;190;1.057148129;-0.022935424;-1.040325556
1319palmer_sem12_num30;190;1.056679852;-0.022895757;-1.072951911
