;long_gradient
0001palmer_sem1_num1lado1;-0.03284186553733308
0002palmer_sem1_num1lado2;0.017019168868159566
0003palmer_sem1_num2lado1;0.007882298644432472
0004palmer_sem1_num2lado2;-0.03636459439829594
0005palmer_sem1_num3lado1;-0.07504694262397338
0006palmer_sem1_num3lado2;0.02352727774096603
0007palmer_sem1_num4lado1;-0.06715960172033976
0008palmer_sem1_num4lado2;0.008243991164856164
0009palmer_sem1_num5lado1;-0.03753274040327346
0010palmer_sem1_num5lado2;0.00563105719480875
0011palmer_sem1_num6lado1;-0.005942528576071343
0012palmer_sem1_num6lado2;0.0234549135461745
0013palmer_sem1_num7lado1;-0.058426997787154766
0014palmer_sem1_num7lado2;0.022583199395566318
0015palmer_sem1_num8lado1;-0.04842567846467513
0016palmer_sem1_num8lado2;0.0018798654624809234
0017palmer_sem1_num9lado1;0.014226604150377966
0018palmer_sem1_num9lado2;-0.033376112561448006
0019palmer_sem1_num10lado1;-0.0282686942034983
0020palmer_sem1_num10lado2;-0.048746379382485897
0021palmer_sem1_num11lado1;0.002039371386199853
0022palmer_sem1_num11lado2;-0.016934018225337036
0023palmer_sem1_num12lado1;0.000797663991609367
0024palmer_sem1_num12lado2;-0.014545112114697086
0025palmer_sem1_num13lado1;0.006208980185762893
0026palmer_sem1_num13lado2;0.020559380681297763
0027palmer_sem1_num14lado1;-0.0776722321386683
0028palmer_sem1_num14lado2;-0.022040381366968013
0029palmer_sem1_num15lado1;-0.04244091619619636
0030palmer_sem1_num15lado2;-0.008359748035989212
0031palmer_sem1_num16lado1;-0.05796837211017335
0032palmer_sem1_num16lado2;0.006419242240898394
0033palmer_sem1_num17lado1;-0.06393314133448293
0034palmer_sem1_num17lado2;-0.010387039244048596
0035palmer_sem1_num18lado1;-0.0398090252012319
0036palmer_sem1_num18lado2;0.006515725027361793
0037palmer_sem1_num19lado1;-0.005754470406582337
0038palmer_sem1_num19lado2;0.02469986351420309
0039palmer_sem1_num20lado1;0.0217270852145532
0040palmer_sem1_num20lado2;-0.02154266112876606
0041palmer_sem1_num21lado1;-0.06438348755723682
0042palmer_sem1_num21lado2;0.00427690257227011
0043palmer_sem1_num22lado1;-0.0026605019177449313
0044palmer_sem1_num22lado2;-0.02314657071390716
0045palmer_sem1_num23lado1;-0.011203753240111993
0046palmer_sem1_num23lado2;0.012682051478069925
0047palmer_sem1_num24lado1;-0.015433853256452619
0048palmer_sem1_num24lado2;-0.02856348514545137
0049palmer_sem1_num25lado1;-0.03386322368324168
0050palmer_sem1_num25lado2;-0.02025220475878975
0051palmer_sem1_num26lado1;-0.03312430236963132
0052palmer_sem1_num26lado2;0.004449996498251688
0053palmer_sem1_num27lado1;-0.048849867935900244
0054palmer_sem1_num27lado2;-0.024847234675303222
0055palmer_sem1_num28lado1;-0.06195704578346815
0056palmer_sem1_num28lado2;-0.014225757519002909
0057palmer_sem1_num29lado1;-0.05139910460909015
0058palmer_sem1_num29lado2;0.008238813339932257
0059palmer_sem1_num30lado1;-0.044997223927062124
0060palmer_sem1_num30lado2;0.005623967258122437
0061palmer_sem1_num31lado1;-0.004436099755124242
0062palmer_sem1_num31lado2;-0.022165111440980188
0063palmer_sem1_num32lado1;-0.047894008356193674
0064palmer_sem1_num32lado2;-0.007428517745814188
0065palmer_sem1_num33lado1;0.0029067788995402882
0066palmer_sem1_num33lado2;0.0025391329457079
0067palmer_sem1_num34lado1;-0.001980029368766482
0068palmer_sem1_num34lado2;-0.025093992471031046
0069palmer_sem1_num35lado1;0.0033360842443165444
0070palmer_sem1_num35lado2;-0.007289332631527105
0071palmer_sem1_num36lado1;-0.037324026539549617
0072palmer_sem1_num36lado2;0.0076625376255303615
0073palmer_sem1_num37lado1;-0.0662781193991094
0074palmer_sem1_num37lado2;0.02272554895393959
0075palmer_sem1_num38lado1;-0.011328765578082873
0076palmer_sem1_num38lado2;-0.015875366015326103
0077palmer_sem1_num39lado1;-0.06869135644599055
0078palmer_sem1_num39lado2;-0.00658534963341135
0079palmer_sem1_num40lado1;-0.09099414748833928
0080palmer_sem1_num40lado2;0.0199565172540503
0081palmer_sem1_num41lado1;-0.0634681394573949
0082palmer_sem1_num41lado2;0.00012449051666321454
0083palmer_sem1_num42lado1;-0.06634905353804588
0084palmer_sem1_num42lado2;-0.004139789165069574
0085palmer_sem1_num43lado1;-0.061732469648957795
0086palmer_sem1_num43lado2;0.009802273986003883
0087palmer_sem1_num44lado1;-0.054368676269703965
0088palmer_sem1_num44lado2;-0.005471419494768013
0089palmer_sem1_num45lado1;-0.05489106083597311
0090palmer_sem1_num45lado2;-0.012397586712478937
0091palmer_sem1_num46lado1;-0.04274869619052204
0092palmer_sem1_num46lado2;-0.008675181523216205
0093palmer_sem1_num47lado1;0.011028301785666363
0094palmer_sem1_num47lado2;-0.008604556608302217
0095palmer_sem1_num48lado1;-0.038058589058643906
0096palmer_sem1_num48lado2;-0.007543801770916789
0097palmer_sem1_num49lado1;0.00623405476784378
0098palmer_sem1_num49lado2;-0.0013803487580977992
0099palmer_sem1_num50lado1;-0.055178606341213216
0100palmer_sem1_num50lado2;0.017058368205533903
0101palmer_sem1_num51lado1;0.003389733535140031
0102palmer_sem1_num51lado2;-0.006980577662417353
0103palmer_sem1_num52lado1;-0.011266913060589528
0104palmer_sem1_num52lado2;-0.062243158823032385
0105palmer_sem1_num53lado1;-0.06692148569664651
0106palmer_sem1_num53lado2;-0.021936811317894225
0107palmer_sem1_num54lado1;-0.007315104230067254
0108palmer_sem1_num54lado2;0.03257182907016394
0109palmer_sem1_num55lado1;-0.023129177091349498
0110palmer_sem1_num55lado2;-0.015375096760616939
0111palmer_sem1_num56lado1;-0.03765969437425746
0112palmer_sem1_num56lado2;0.0019477886624219543
0113palmer_sem1_num57lado1;-0.05705370497611749
0114palmer_sem1_num57lado2;-0.0034540133318920548
0115palmer_sem1_num58lado1;-0.04386213290785676
0116palmer_sem1_num58lado2;-0.003398707353676559
0117palmer_sem1_num59lado1;-0.008877889080584435
0118palmer_sem1_num59lado2;0.024926727211805527
0119palmer_sem1_num60lado1;0.006006202634153268
0120palmer_sem1_num60lado2;-0.015724274854393795
0121palmer_sem2_num1lado1;-0.004804334475217175
0122palmer_sem2_num1lado2;-0.016138011238530675
0123palmer_sem2_num2lado1;-0.0018505690073561606
0124palmer_sem2_num2lado2;0.002607393215022015
0125palmer_sem2_num3lado1;0.0006278609082288414
0126palmer_sem2_num3lado2;-0.044732565496120875
0127palmer_sem2_num4lado1;-0.015020078850715038
0128palmer_sem2_num4lado2;-0.028566055533172693
0129palmer_sem2_num5lado1;0.002509453946884417
0130palmer_sem2_num5lado2;-0.008347222509322853
0131palmer_sem2_num6lado1;0.0008851321901812827
0132palmer_sem2_num6lado2;-0.021916414389180454
0133palmer_sem2_num7lado1;-0.021734031077645623
0134palmer_sem2_num7lado2;-0.0002877103905068881
0135palmer_sem2_num8lado1;-0.019722592509822546
0136palmer_sem2_num8lado2;0.0041947823877716145
0137palmer_sem2_num9lado1;-0.01354747203341227
0138palmer_sem2_num9lado2;0.0010558582835940695
0139palmer_sem2_num10lado1;-0.00949048150571763
0140palmer_sem2_num10lado2;0.011887703657240843
0141palmer_sem2_num11lado1;-0.01826659174025796
0142palmer_sem2_num11lado2;-0.0010611691676823984
0143palmer_sem2_num12lado1;-0.005866226936157711
0144palmer_sem2_num12lado2;-0.052447578417000235
0145palmer_sem2_num13lado1;-0.017687676859217055
0146palmer_sem2_num13lado2;-0.009483307128923825
0147palmer_sem2_num14lado1;-0.008147904487846089
0148palmer_sem2_num14lado2;-0.008182929549055758
0149palmer_sem2_num15lado1;0.010913385594281132
0150palmer_sem2_num15lado2;0.007101331879110604
0151palmer_sem2_num16lado1;-0.011408302980300263
0152palmer_sem2_num16lado2;-0.022522725279255924
0153palmer_sem2_num17lado1;-0.013759526061645792
0154palmer_sem2_num17lado2;0.0036902823208770385
0155palmer_sem2_num18lado1;-0.0074637924000742605
0156palmer_sem2_num18lado2;0.005221794923627178
0157palmer_sem2_num19lado1;-0.013353091673953134
0158palmer_sem2_num19lado2;-0.020633196420125316
0159palmer_sem2_num20lado1;-0.02392454298010701
0160palmer_sem2_num20lado2;-0.008568694135689003
0161palmer_sem2_num21lado1;-0.010442390279005297
0162palmer_sem2_num21lado2;-0.016752047061530353
0163palmer_sem2_num22lado1;0.005758778436090699
0164palmer_sem2_num22lado2;-0.0005025526696163088
0165palmer_sem2_num23lado1;0.011487196231811013
0166palmer_sem2_num23lado2;-0.00502108754615836
0167palmer_sem2_num24lado1;-0.024598770497666844
0168palmer_sem2_num24lado2;0.0009673824143789322
0169palmer_sem2_num25lado1;-0.01835791429083279
0170palmer_sem2_num25lado2;-0.006382916650165084
0171palmer_sem2_num26lado1;-0.002375981549295317
0172palmer_sem2_num26lado2;0.0036820439675619896
0173palmer_sem2_num27lado1;-0.039507751423272196
0174palmer_sem2_num27lado2;0.0032923065896558364
0175palmer_sem2_num28lado1;-0.04459401786234418
0176palmer_sem2_num28lado2;-0.015252113896946196
0177palmer_sem2_num29lado1;-0.013398178737627183
0178palmer_sem2_num29lado2;-0.00014448007971138192
0179palmer_sem2_num30lado1;-0.013030158548314297
0180palmer_sem2_num30lado2;-0.007382647600823858
0181palmer_sem2_num31lado1;-0.0023814550532116926
0182palmer_sem2_num31lado2;-0.027243000493462823
0183palmer_sem2_num32lado1;-0.0019003728045511178
0184palmer_sem2_num32lado2;0.003911611306106636
0185palmer_sem2_num33lado1;-0.026254108182379225
0186palmer_sem2_num33lado2;-0.034331913458651345
0187palmer_sem2_num34lado1;-0.03284824154862367
0188palmer_sem2_num34lado2;-0.006169196861089793
0189palmer_sem2_num35lado1;0.0010764050728553029
0190palmer_sem2_num35lado2;-0.009515773292091294
0191palmer_sem2_num36lado1;-0.017911059909872486
0192palmer_sem2_num36lado2;-0.003798034247685119
0193palmer_sem2_num37lado1;-0.003269331419908409
0194palmer_sem2_num37lado2;-0.003222725836666302
0195palmer_sem2_num38lado1;-0.030157823140981404
0196palmer_sem2_num38lado2;-0.008931848694918818
0197palmer_sem2_num39lado1;-0.015594381432645764
0198palmer_sem2_num39lado2;-0.010135135965723626
0199palmer_sem2_num40lado1;-0.0047612048329497125
0200palmer_sem2_num40lado2;-0.0046382406816292045
0201palmer_sem2_num41lado1;-0.02327328526307513
0202palmer_sem2_num41lado2;0.0002326746004541234
0203palmer_sem2_num42lado1;0.0024379503581978363
0204palmer_sem2_num42lado2;-0.005762054523172401
0205palmer_sem2_num43lado1;-0.003951376345724193
0206palmer_sem2_num43lado2;-0.010504916149565122
0207palmer_sem2_num44lado1;0.002818424129798421
0208palmer_sem2_num44lado2;-0.002793808636121158
0209palmer_sem2_num45lado1;-0.002639167384075817
0210palmer_sem2_num45lado2;-0.002254403093257963
0211palmer_sem2_num46lado1;0.0025198290968489506
0212palmer_sem2_num46lado2;0.0005956052379555458
0213palmer_sem2_num47lado1;-0.008265995778049163
0214palmer_sem2_num47lado2;-0.010007604402449764
0215palmer_sem2_num48lado1;-0.024634425557042167
0216palmer_sem2_num48lado2;0.006049584703862997
0217palmer_sem2_num49lado1;-0.033767134878624844
0218palmer_sem2_num49lado2;0.01012679508906591
0219palmer_sem2_num50lado1;-0.002759368261572788
0220palmer_sem2_num50lado2;0.013256521573778171
0221palmer_sem2_num51lado1;-0.056541764724860936
0222palmer_sem2_num51lado2;0.003419866757954216
0223palmer_sem2_num52lado1;-0.03504512475619842
0224palmer_sem2_num52lado2;-0.0120860916244532
0225palmer_sem2_num53lado1;-0.005529793581070111
0226palmer_sem2_num53lado2;-0.007846990516154792
0227palmer_sem2_num54lado1;-0.00340757882028116
0228palmer_sem2_num54lado2;-0.0213597479941418
0229palmer_sem2_num55lado1;0.004588993385133369
0230palmer_sem2_num55lado2;-0.005016293969477123
0231palmer_sem2_num56lado1;-0.010987698476680767
0232palmer_sem2_num56lado2;0.00940391508004901
0233palmer_sem2_num57lado1;-0.0021280343927907604
0234palmer_sem2_num57lado2;-0.020274404940118264
0235palmer_sem2_num58lado1;-0.00893618189099268
0236palmer_sem2_num58lado2;-0.00912295382471319
0237palmer_sem2_num59lado1;-0.016700474750629978
0238palmer_sem2_num59lado2;-0.00010890058593194288
0239palmer_sem2_num60lado1;-0.0016155635078989505
0240palmer_sem2_num60lado2;-0.0022006802270555016
0241palmer_sem3_num1lado1;-0.02427809309582597
0242palmer_sem3_num1lado2;0.015897368016363607
0243palmer_sem3_num2lado1;-0.0466041677030032
0244palmer_sem3_num2lado2;-0.009158391866679261
0245palmer_sem3_num3lado1;-0.03102897859805135
0246palmer_sem3_num3lado2;-0.01346632748141919
0247palmer_sem3_num4lado1;-0.013478171614837416
0248palmer_sem3_num4lado2;-0.012144116564084468
0249palmer_sem3_num5lado1;-0.027687572830674353
0250palmer_sem3_num5lado2;0.002981383650529958
0251palmer_sem3_num6lado1;-0.022428008699902427
0252palmer_sem3_num6lado2;-0.00014135031624723727
0253palmer_sem3_num7lado1;-0.041171849568966204
0254palmer_sem3_num7lado2;-0.025034945763557217
0255palmer_sem3_num8lado1;-0.019095187566965575
0256palmer_sem3_num8lado2;-0.00224680586257262
0257palmer_sem3_num9lado1;-0.032796496871825696
0258palmer_sem3_num9lado2;-0.019157140411091813
0259palmer_sem3_num10lado1;-0.023805550272147192
0260palmer_sem3_num10lado2;0.004790421812721751
0261palmer_sem3_num11lado1;-0.03207567270137036
0262palmer_sem3_num11lado2;0.009463438696587808
0263palmer_sem3_num12lado1;-0.036743139683131996
0264palmer_sem3_num12lado2;0.0016847030626790961
0265palmer_sem3_num13lado1;-0.024772856438531762
0266palmer_sem3_num13lado2;-0.0013345359981608716
0267palmer_sem3_num14lado1;-0.03164648302889876
0268palmer_sem3_num14lado2;0.010438447367279663
0269palmer_sem3_num15lado1;-0.0369487499940605
0270palmer_sem3_num15lado2;-0.0008418019036278463
0271palmer_sem3_num16lado1;-0.008925751657397096
0272palmer_sem3_num16lado2;-0.006712213593269037
0273palmer_sem3_num17lado1;-0.034267733635476354
0274palmer_sem3_num17lado2;0.006196068077303376
0275palmer_sem3_num18lado1;-0.025950025961649734
0276palmer_sem3_num18lado2;-0.00787320920699533
0277palmer_sem3_num19lado1;-0.0244014408880466
0278palmer_sem3_num19lado2;0.00356572703265679
0279palmer_sem3_num20lado1;-0.03254206352005625
0280palmer_sem3_num20lado2;0.013193366881425512
0281palmer_sem3_num21lado1;-0.023102427577081606
0282palmer_sem3_num21lado2;-0.03223558059043234
0283palmer_sem3_num22lado1;-0.01267018132785077
0284palmer_sem3_num22lado2;-0.025654509476585128
0285palmer_sem3_num23lado1;-0.025654612864866522
0286palmer_sem3_num23lado2;0.009880886496209074
0287palmer_sem3_num24lado1;-0.02679105296973263
0288palmer_sem3_num24lado2;-0.0018056882811112614
0289palmer_sem3_num25lado1;-0.02637724876794109
0290palmer_sem3_num25lado2;-0.0013522525972496369
0291palmer_sem3_num26lado1;-0.037230818276585635
0292palmer_sem3_num26lado2;-0.003278775586625512
0293palmer_sem3_num27lado1;-0.03324447263047488
0294palmer_sem3_num27lado2;0.007543751229375357
0295palmer_sem3_num28lado1;-0.024973295509444174
0296palmer_sem3_num28lado2;0.006565542612844743
0297palmer_sem3_num29lado1;-0.030808200951488954
0298palmer_sem3_num29lado2;-0.01810983369716541
0299palmer_sem3_num30lado1;-0.008074518942448036
0300palmer_sem3_num30lado2;0.0035195100689862442
0301palmer_sem3_num31lado1;-0.024093241338802373
0302palmer_sem3_num31lado2;0.0013964442073322845
0303palmer_sem3_num32lado1;-0.02059558704892797
0304palmer_sem3_num32lado2;-0.004914839581070165
0305palmer_sem3_num33lado1;-0.025993503872366493
0306palmer_sem3_num33lado2;-0.0044375384681373834
0307palmer_sem3_num34lado1;-0.033319338479266825
0308palmer_sem3_num34lado2;2.768768384735675e-06
0309palmer_sem3_num35lado1;-0.005254601989662901
0310palmer_sem3_num35lado2;-0.018226004744660518
0311palmer_sem3_num36lado1;-0.015990053417328398
0312palmer_sem3_num36lado2;-0.006457783100537024
0313palmer_sem3_num37lado1;-0.021242140394406635
0314palmer_sem3_num37lado2;0.006950850706645168
0315palmer_sem3_num38lado1;-0.02411474307905014
0316palmer_sem3_num38lado2;0.015583343033537084
0317palmer_sem3_num39lado1;-0.017230877205379063
0318palmer_sem3_num39lado2;0.0019425037777775433
0319palmer_sem3_num40lado1;-0.016378248956789274
0320palmer_sem3_num40lado2;0.003831220141792181
0321palmer_sem3_num41lado1;-0.02923174576485675
0322palmer_sem3_num41lado2;0.006511256075461744
0323palmer_sem3_num42lado1;-0.027956931431815348
0324palmer_sem3_num42lado2;-0.01391889346165032
0325palmer_sem3_num43lado1;-0.04011787862652311
0326palmer_sem3_num43lado2;0.0018611801535996554
0327palmer_sem3_num44lado1;-0.025276238402597764
0328palmer_sem3_num44lado2;0.00011523891144103801
0329palmer_sem3_num45lado1;-0.029584364123126688
0330palmer_sem3_num45lado2;0.0008779503702407771
0331palmer_sem3_num46lado1;-0.01357206541723197
0332palmer_sem3_num46lado2;-0.01036415358857252
0333palmer_sem3_num47lado1;-0.035761951387353344
0334palmer_sem3_num47lado2;-0.0009511284743787
0335palmer_sem3_num48lado1;-0.0246621426357696
0336palmer_sem3_num48lado2;-0.002566087109512015
0337palmer_sem3_num49lado1;-0.020017640126497132
0338palmer_sem3_num49lado2;-0.009775957922276587
0339palmer_sem3_num50lado1;-0.023283196606567507
0340palmer_sem3_num50lado2;-0.02023118777850068
0341palmer_sem3_num51lado1;-0.03381697844621026
0342palmer_sem3_num51lado2;-0.0034969628466713157
0343palmer_sem3_num52lado1;-0.024567760243017572
0344palmer_sem3_num52lado2;-0.0002776433532633836
0345palmer_sem3_num53lado1;-0.0025230850122408815
0346palmer_sem3_num53lado2;-0.02124530424704154
0347palmer_sem3_num54lado1;-0.014208557363525748
0348palmer_sem3_num54lado2;-0.0009850612545571564
0349palmer_sem3_num55lado1;-0.030144988993113006
0350palmer_sem3_num55lado2;-0.0015629537018687159
0351palmer_sem3_num56lado1;-0.0039736776086034915
0352palmer_sem3_num56lado2;-0.0011996661295280218
0353palmer_sem3_num57lado1;-0.012475830476394941
0354palmer_sem3_num57lado2;-0.0008035666941973359
0355palmer_sem3_num58lado1;-0.025595444263947283
0356palmer_sem3_num58lado2;-0.010790332413615709
0357palmer_sem3_num59lado1;-0.02354609370502959
0358palmer_sem3_num59lado2;-0.004283803721333267
0359palmer_sem3_num60lado1;-0.02268238389960836
0360palmer_sem3_num60lado2;-0.01573268512436369
0361palmer_sem4_num1lado1;-0.005667210419598248
0362palmer_sem4_num1lado2;0.007553100070934419
0363palmer_sem4_num2lado1;-0.02086408436700106
0364palmer_sem4_num2lado2;-0.008765790026763585
0365palmer_sem4_num3lado1;-0.004465605569517931
0366palmer_sem4_num3lado2;-0.013058514572149
0367palmer_sem4_num4lado1;-0.003473761976372699
0368palmer_sem4_num4lado2;0.0028563941979133276
0369palmer_sem4_num5lado1;-0.01966400089679988
0370palmer_sem4_num5lado2;-0.00497272333158979
0371palmer_sem4_num6lado1;-0.021293053420648227
0372palmer_sem4_num6lado2;-0.006607055128761384
0373palmer_sem4_num7lado1;-0.00615299897310091
0374palmer_sem4_num7lado2;0.006373763043572174
0375palmer_sem4_num8lado1;-0.021942464673525525
0376palmer_sem4_num8lado2;-0.011374054482114655
0377palmer_sem4_num9lado1;-0.006384553733375691
0378palmer_sem4_num9lado2;-0.0012548223510360213
0379palmer_sem4_num10lado1;-0.029443939508674553
0380palmer_sem4_num10lado2;-0.003532372948272101
0381palmer_sem4_num11lado1;-0.026306484744026776
0382palmer_sem4_num11lado2;0.004301315714867669
0383palmer_sem4_num12lado1;-0.013860853991354862
0384palmer_sem4_num12lado2;-0.005716943594472638
0385palmer_sem4_num13lado1;-0.023832832841208445
0386palmer_sem4_num13lado2;0.007750501881105267
0387palmer_sem4_num14lado1;-0.015211174826519342
0388palmer_sem4_num14lado2;0.004508098818957481
0389palmer_sem4_num15lado1;-0.031621685308113
0390palmer_sem4_num15lado2;-0.011607176055279337
0391palmer_sem4_num16lado1;-0.02306792698093958
0392palmer_sem4_num16lado2;-0.003747665191548498
0393palmer_sem4_num17lado1;-0.01748457707808857
0394palmer_sem4_num17lado2;0.0017014418984722278
0395palmer_sem4_num18lado1;-0.007876056123280179
0396palmer_sem4_num18lado2;-0.0028131414743185028
0397palmer_sem4_num19lado1;-0.017988401534928256
0398palmer_sem4_num19lado2;0.004191552791961093
0399palmer_sem4_num20lado1;-0.006227869029237514
0400palmer_sem4_num20lado2;-0.0019572463927698936
0401palmer_sem4_num21lado1;-0.008725670545652037
0402palmer_sem4_num21lado2;0.006711826467168337
0403palmer_sem4_num22lado1;-0.013633375601086618
0404palmer_sem4_num22lado2;-0.005105349122228131
0405palmer_sem4_num23lado1;-0.016825632578209807
0406palmer_sem4_num23lado2;-0.019491330581618223
0407palmer_sem4_num24lado1;-0.015235962209113028
0408palmer_sem4_num24lado2;-0.03322350814478467
0409palmer_sem4_num25lado1;-0.029774957080895902
0410palmer_sem4_num25lado2;-0.004110883143506118
0411palmer_sem4_num26lado1;-0.018759304691954547
0412palmer_sem4_num26lado2;0.00927929652856499
0413palmer_sem4_num27lado1;-0.022149090714220263
0414palmer_sem4_num27lado2;0.04571093085455823
0415palmer_sem4_num28lado1;-0.023605656019226037
0416palmer_sem4_num28lado2;-0.011892734517778494
0417palmer_sem4_num29lado1;-0.01649830171056071
0418palmer_sem4_num29lado2;-0.002995317661764962
0419palmer_sem4_num30lado1;-0.029926391523901266
0420palmer_sem4_num30lado2;0.007927602733177696
0421palmer_sem4_num31lado1;-0.025467361788111605
0422palmer_sem4_num31lado2;-0.01306704671023702
0423palmer_sem4_num32lado1;-0.021789215579027212
0424palmer_sem4_num32lado2;-0.0033932741291117525
0425palmer_sem4_num33lado1;-0.01004718544822056
0426palmer_sem4_num33lado2;0.0029320281618063727
0427palmer_sem4_num34lado1;0.008195203032124534
0428palmer_sem4_num34lado2;0.0027714779475771665
0429palmer_sem4_num35lado1;-0.02188700014113999
0430palmer_sem4_num35lado2;0.005948272942449358
0431palmer_sem4_num36lado1;0.004356542558561331
0432palmer_sem4_num36lado2;0.016095182161573886
0433palmer_sem4_num37lado1;-0.022159577393884956
0434palmer_sem4_num37lado2;-0.016055739288380676
0435palmer_sem4_num38lado1;-0.020661154742753225
0436palmer_sem4_num38lado2;-0.004357053910471824
0437palmer_sem4_num39lado1;-0.021957314689512005
0438palmer_sem4_num39lado2;0.0007753301879697643
0439palmer_sem4_num40lado1;-0.0002134841139380009
0440palmer_sem4_num40lado2;0.005005918177287084
0441palmer_sem4_num41lado1;-0.009399163525697054
0442palmer_sem4_num41lado2;-0.004056834520410734
0443palmer_sem4_num42lado1;-0.02063067003557986
0444palmer_sem4_num42lado2;-0.0013090779712912526
0445palmer_sem4_num43lado1;-0.01530225418919653
0446palmer_sem4_num43lado2;-0.011540775985070088
0447palmer_sem4_num44lado1;-0.022587435484083478
0448palmer_sem4_num44lado2;-0.009970259411136734
0449palmer_sem4_num45lado1;-0.026229874864868608
0450palmer_sem4_num45lado2;-6.344241993542525e-05
0451palmer_sem4_num46lado1;-0.01735089404109689
0452palmer_sem4_num46lado2;-0.010544368837636485
0453palmer_sem4_num47lado1;-0.012501691934405314
0454palmer_sem4_num47lado2;-0.010715223893181918
0455palmer_sem4_num48lado1;-0.020829465816036664
0456palmer_sem4_num48lado2;-0.003936067376389337
0457palmer_sem4_num49lado1;-0.01758855349110559
0458palmer_sem4_num49lado2;0.015965587057602686
0459palmer_sem4_num50lado1;-0.0285734402394515
0460palmer_sem4_num50lado2;0.008586248689910748
0461palmer_sem4_num51lado1;-0.004677755884679541
0462palmer_sem4_num51lado2;0.006374468254066136
0463palmer_sem4_num52lado1;-0.02874196299755938
0464palmer_sem4_num52lado2;0.003686707028260988
0465palmer_sem4_num53lado1;-0.021680170987560966
0466palmer_sem4_num53lado2;0.0023640530413702684
0467palmer_sem4_num54lado1;-0.026298810292663486
0468palmer_sem4_num54lado2;0.003602675812383243
0469palmer_sem4_num55lado1;-0.01520199362365246
0470palmer_sem4_num55lado2;-0.008681342727373687
0471palmer_sem4_num56lado1;-0.017391791438601926
0472palmer_sem4_num56lado2;0.0028424472603452242
0473palmer_sem4_num57lado1;-0.024414384179689087
0474palmer_sem4_num57lado2;0.011221928082453989
0475palmer_sem4_num58lado1;-0.007490990968014747
0476palmer_sem4_num58lado2;0.0098073818116002
0477palmer_sem4_num59lado1;-0.01542553909313871
0478palmer_sem4_num59lado2;-0.0012288824123784187
0479palmer_sem4_num60lado1;-0.028489618181550148
0480palmer_sem4_num60lado2;-0.0058624442188315706
0481palmer_sem5_num1lado1;-0.007808633248144693
0482palmer_sem5_num1lado2;0.0008711053500061423
0483palmer_sem5_num2lado1;-0.024953261764513592
0484palmer_sem5_num2lado2;-0.012465746776018718
0485palmer_sem5_num3lado1;-0.0187106843302568
0486palmer_sem5_num3lado2;0.0038488224356993
0487palmer_sem5_num4lado1;-0.008958362882100248
0488palmer_sem5_num4lado2;-0.0019335758889759142
0489palmer_sem5_num5lado1;-0.024979198754135984
0490palmer_sem5_num5lado2;-0.01124268031711611
0491palmer_sem5_num6lado1;-0.027502767189072637
0492palmer_sem5_num6lado2;-0.007151317225859818
0493palmer_sem5_num7lado1;-0.018856263551629067
0494palmer_sem5_num7lado2;-0.008805642868570615
0495palmer_sem5_num8lado1;-0.01606678372338997
0496palmer_sem5_num8lado2;0.012798767382520155
0497palmer_sem5_num9lado1;-0.025594410413023204
0498palmer_sem5_num9lado2;0.016632999411860527
0499palmer_sem5_num10lado1;-0.015051457596273217
0500palmer_sem5_num10lado2;0.0026831653330846917
0501palmer_sem5_num11lado1;-0.01035293150777641
0502palmer_sem5_num11lado2;0.001415499937980514
0503palmer_sem5_num12lado1;-0.006410930692117366
0504palmer_sem5_num12lado2;-0.005887635775181238
0505palmer_sem5_num13lado1;-0.01758659332533768
0506palmer_sem5_num13lado2;-0.02019879710709635
0507palmer_sem5_num14lado1;-0.016496242652371308
0508palmer_sem5_num14lado2;0.0030168746155414257
0509palmer_sem5_num15lado1;-0.02449555603170384
0510palmer_sem5_num15lado2;-0.00845656820784084
0511palmer_sem5_num16lado1;-0.023780900699612178
0512palmer_sem5_num16lado2;-0.00841212499890463
0513palmer_sem5_num17lado1;-0.021578185926129173
0514palmer_sem5_num17lado2;0.0062552995074163665
0515palmer_sem5_num18lado1;-0.020085173353140806
0516palmer_sem5_num18lado2;-0.008095103267305824
0517palmer_sem5_num19lado1;-0.02422189573735556
0518palmer_sem5_num19lado2;-0.0028603031633656134
0519palmer_sem5_num20lado1;-0.028815103989718358
0520palmer_sem5_num20lado2;-0.0027974837334684755
0521palmer_sem5_num21lado1;-0.025372557170311633
0522palmer_sem5_num21lado2;0.0007457108390366205
0523palmer_sem5_num22lado1;-0.0124256290910441
0524palmer_sem5_num22lado2;0.0020135226017670167
0525palmer_sem5_num23lado1;-0.00411185095291363
0526palmer_sem5_num23lado2;-0.001414682130724812
0527palmer_sem5_num24lado1;-0.011656419191902223
0528palmer_sem5_num24lado2;-0.010486959790569426
0529palmer_sem5_num25lado1;-0.015494186738426223
0530palmer_sem5_num25lado2;0.0019866331675549684
0531palmer_sem5_num26lado1;-0.006043937142771315
0532palmer_sem5_num26lado2;0.012316407941028423
0533palmer_sem5_num27lado1;-0.02414193909674396
0534palmer_sem5_num27lado2;-0.00903752112474987
0535palmer_sem5_num28lado1;-0.022306210717548666
0536palmer_sem5_num28lado2;-0.011555169623454509
0537palmer_sem5_num29lado1;-0.03405361878561278
0538palmer_sem5_num29lado2;0.022947115716669714
0539palmer_sem5_num30lado1;-0.031503724058671086
0540palmer_sem5_num30lado2;-0.004639158712680457
0541palmer_sem5_num31lado1;-0.01700565751947319
0542palmer_sem5_num31lado2;-0.001489723127165992
0543palmer_sem5_num32lado1;-0.023637971411080608
0544palmer_sem5_num32lado2;-0.006470149521691782
0545palmer_sem5_num33lado1;-0.01995161530862038
0546palmer_sem5_num33lado2;0.009069181516209588
0547palmer_sem5_num34lado1;-0.020978371699026683
0548palmer_sem5_num34lado2;-0.02029012189565343
0549palmer_sem5_num35lado1;-0.014039398995482136
0550palmer_sem5_num35lado2;-0.017846592779812608
0551palmer_sem5_num36lado1;-0.018400431231078842
0552palmer_sem5_num36lado2;-0.010752733174286998
0553palmer_sem5_num37lado1;-0.021568959789255993
0554palmer_sem5_num37lado2;-0.009939000136774798
0555palmer_sem5_num38lado1;-0.018153595809331784
0556palmer_sem5_num38lado2;-0.008125126879360643
0557palmer_sem5_num39lado1;-0.014633048984663404
0558palmer_sem5_num39lado2;-0.008500985955168136
0559palmer_sem5_num40lado1;-0.021393706958438116
0560palmer_sem5_num40lado2;-0.005074793023204753
0561palmer_sem5_num41lado1;-0.02671568907904839
0562palmer_sem5_num41lado2;-0.0032761527254914634
0563palmer_sem5_num42lado1;-0.01064463673833054
0564palmer_sem5_num42lado2;-0.001277376481685837
0565palmer_sem5_num43lado1;-0.027398230547418526
0566palmer_sem5_num43lado2;-0.0017632316767406699
0567palmer_sem5_num44lado1;-0.02104902441566739
0568palmer_sem5_num44lado2;0.001731499159744823
0569palmer_sem5_num45lado1;-0.014942249401284293
0570palmer_sem5_num45lado2;-0.008029900106873386
0571palmer_sem5_num46lado1;-0.024958287849826007
0572palmer_sem5_num46lado2;-0.02707779273156908
0573palmer_sem5_num47lado1;-0.01459028324114244
0574palmer_sem5_num47lado2;-0.005076624443560205
0575palmer_sem5_num48lado1;-0.031133873628969813
0576palmer_sem5_num48lado2;-0.01732807504902007
0577palmer_sem5_num49lado1;-0.013422305203798682
0578palmer_sem5_num49lado2;-0.000813185481129953
0579palmer_sem5_num50lado1;-0.021437566462209626
0580palmer_sem5_num50lado2;0.005909147363246756
0581palmer_sem5_num51lado1;-0.022873959153829573
0582palmer_sem5_num51lado2;0.008207844971892355
0583palmer_sem5_num52lado1;-0.025669447038007113
0584palmer_sem5_num52lado2;-0.007016469616619169
0585palmer_sem5_num53lado1;-0.022765448151248344
0586palmer_sem5_num53lado2;-0.00882889573221611
0587palmer_sem5_num54lado1;-0.019081169039318134
0588palmer_sem5_num54lado2;-0.0029605512307734213
0589palmer_sem5_num55lado1;-0.021307644470837144
0590palmer_sem5_num55lado2;0.0019918032783601274
0591palmer_sem5_num56lado1;-0.031736164222773214
0592palmer_sem5_num56lado2;0.0001755725763083882
0593palmer_sem5_num57lado1;-0.025768617390762714
0594palmer_sem5_num57lado2;-0.0060059257119314926
0595palmer_sem5_num58lado1;-0.028893097606489816
0596palmer_sem5_num58lado2;-0.002273909737552013
0597palmer_sem5_num59lado1;-0.02208809924428968
0598palmer_sem5_num59lado2;0.0004070771156339972
0599palmer_sem5_num60lado1;-0.009678299114726865
0600palmer_sem5_num60lado2;-0.002856470276328735
0601palmer_sem6_num1lado1;-0.022695035358742927
0602palmer_sem6_num1lado2;-0.00788381237392251
0603palmer_sem6_num2lado1;-0.011970444003931664
0604palmer_sem6_num2lado2;0.0009957089368008163
0605palmer_sem6_num3lado1;-0.007672126053907808
0606palmer_sem6_num3lado2;0.0027617694365027257
0607palmer_sem6_num4lado1;-0.01997977860402037
0608palmer_sem6_num4lado2;-0.022464235415216555
0609palmer_sem6_num5lado1;-0.00937991437562244
0610palmer_sem6_num5lado2;0.007337525105338555
0611palmer_sem6_num6lado1;-0.016518998809310625
0612palmer_sem6_num6lado2;0.005819600867677447
0613palmer_sem6_num7lado1;-0.02031577844868864
0614palmer_sem6_num7lado2;0.002311876448711408
0615palmer_sem6_num8lado1;-0.009050558402530056
0616palmer_sem6_num8lado2;-0.011547529647322098
0617palmer_sem6_num9lado1;-0.019792195263607523
0618palmer_sem6_num9lado2;-0.0177977068630469
0619palmer_sem6_num10lado1;-0.009908932587622557
0620palmer_sem6_num10lado2;-0.013537048715156865
0621palmer_sem6_num11lado1;-0.015936033345099458
0622palmer_sem6_num11lado2;-0.002373440391727164
0623palmer_sem6_num12lado1;-0.0022564302524525587
0624palmer_sem6_num12lado2;-0.01281021660228178
0625palmer_sem6_num13lado1;-0.030828886246215357
0626palmer_sem6_num13lado2;-0.026306107232325654
0627palmer_sem6_num14lado1;-0.018253957632317738
0628palmer_sem6_num14lado2;-0.005715275629488675
0629palmer_sem6_num15lado1;-0.016218402735100255
0630palmer_sem6_num15lado2;-0.007130786994090931
0631palmer_sem6_num16lado1;-0.025205227680242283
0632palmer_sem6_num16lado2;-0.009294654360073162
0633palmer_sem6_num17lado1;-0.011192144942662708
0634palmer_sem6_num17lado2;0.005590714794511402
0635palmer_sem6_num18lado1;-0.008483739070078322
0636palmer_sem6_num18lado2;0.010056626342708227
0637palmer_sem6_num19lado1;-0.027040934493804937
0638palmer_sem6_num19lado2;-0.009626420139717439
0639palmer_sem6_num20lado1;-0.0029571833117808975
0640palmer_sem6_num20lado2;-0.005170779844652383
0641palmer_sem6_num21lado1;-0.01621893041941686
0642palmer_sem6_num21lado2;-0.008030100438241988
0643palmer_sem6_num22lado1;-0.010511044946169865
0644palmer_sem6_num22lado2;-0.01370197727586296
0645palmer_sem6_num23lado1;-0.025038776031324827
0646palmer_sem6_num23lado2;-0.029388083604025533
0647palmer_sem6_num24lado1;-0.016155930395217778
0648palmer_sem6_num24lado2;-0.011280656684054455
0649palmer_sem6_num25lado1;-0.01617546469513916
0650palmer_sem6_num25lado2;-0.013052872895278159
0651palmer_sem6_num26lado1;-0.010430341145082522
0652palmer_sem6_num26lado2;-0.008085129529924965
0653palmer_sem6_num27lado1;-0.0045835434394223065
0654palmer_sem6_num27lado2;0.007140223831790324
0655palmer_sem6_num28lado1;-0.01245728243213581
0656palmer_sem6_num28lado2;0.009259241621741975
0657palmer_sem6_num29lado1;-0.019071981055114543
0658palmer_sem6_num29lado2;-0.014170418426232944
0659palmer_sem6_num30lado1;-0.02149302406988036
0660palmer_sem6_num30lado2;0.006954356472874809
0661palmer_sem6_num31lado1;-0.006275802553401758
0662palmer_sem6_num31lado2;0.02250070400424568
0663palmer_sem6_num32lado1;-0.003565015777798539
0664palmer_sem6_num32lado2;0.009952731460941956
0665palmer_sem6_num33lado1;-0.006347156229038817
0666palmer_sem6_num33lado2;0.0015331859101780786
0667palmer_sem6_num34lado1;-0.010200083930802658
0668palmer_sem6_num34lado2;0.009406092733701835
0669palmer_sem6_num35lado1;-0.011475179059071841
0670palmer_sem6_num35lado2;0.007277959473817651
0671palmer_sem6_num36lado1;-0.009167151218591092
0672palmer_sem6_num36lado2;-0.008022569102317826
0673palmer_sem6_num37lado1;-0.01900621116168087
0674palmer_sem6_num37lado2;0.005055883829339808
0675palmer_sem6_num38lado1;-0.006313818160746724
0676palmer_sem6_num38lado2;-0.01422149487915517
0677palmer_sem6_num39lado1;-0.013826191180838538
0678palmer_sem6_num39lado2;-0.02725203814571497
0679palmer_sem6_num40lado1;-0.015130470685706686
0680palmer_sem6_num40lado2;-0.012426717143142169
0681palmer_sem6_num41lado1;-0.009823714469379108
0682palmer_sem6_num41lado2;-0.020985125865666403
0683palmer_sem6_num42lado1;-0.006943817661785554
0684palmer_sem6_num42lado2;-0.009498726588323302
0685palmer_sem6_num43lado1;-0.008851473173109126
0686palmer_sem6_num43lado2;-0.006405152378191506
0687palmer_sem6_num44lado1;-0.020598946926793583
0688palmer_sem6_num44lado2;-0.008833414485775511
0689palmer_sem6_num45lado1;-0.017919345505358227
0690palmer_sem6_num45lado2;-0.010592192656693623
0691palmer_sem6_num46lado1;-0.013411304480046952
0692palmer_sem6_num46lado2;0.008091563373466407
0693palmer_sem6_num47lado1;-0.01588594234508879
0694palmer_sem6_num47lado2;-0.014227434749485995
0695palmer_sem6_num48lado1;-0.02304502415156158
0696palmer_sem6_num48lado2;-0.018708451510523163
0697palmer_sem6_num49lado1;-0.015870930167249893
0698palmer_sem6_num49lado2;0.0018196333237489757
0699palmer_sem6_num50lado1;-0.005482966360428859
0700palmer_sem6_num50lado2;-0.005700990208222721
0701palmer_sem6_num51lado1;-0.0042636060548747285
0702palmer_sem6_num51lado2;-0.0018738134403015899
0703palmer_sem6_num52lado1;-0.015274637401226454
0704palmer_sem6_num52lado2;-0.006320487939732344
0705palmer_sem6_num53lado1;-0.0017643331968285147
0706palmer_sem6_num53lado2;-0.02034228977903747
0707palmer_sem6_num54lado1;-0.005818163448895243
0708palmer_sem6_num54lado2;-0.016986715339340937
0709palmer_sem6_num55lado1;-0.01858818026677464
0710palmer_sem6_num55lado2;-0.005304635013887193
0711palmer_sem6_num56lado1;-0.02646934779186848
0712palmer_sem6_num56lado2;0.002679715069953352
0713palmer_sem6_num57lado1;-0.005737166408919613
0714palmer_sem6_num57lado2;-0.0028847749527832274
0715palmer_sem6_num58lado1;-0.00019320999996513908
0716palmer_sem6_num58lado2;0.018806983070636583
0717palmer_sem6_num59lado1;-0.018201181603535267
0718palmer_sem6_num59lado2;0.004490267953069437
0719palmer_sem6_num60lado1;-0.011763095242649261
0720palmer_sem6_num60lado2;-0.0059929159520637175
0721palmer_sem7_num1lado1;-0.016171263212789964
0722palmer_sem7_num1lado2;-0.0021475400015099066
0723palmer_sem7_num2lado1;-0.017281784098964977
0724palmer_sem7_num2lado2;0.014778513001684934
0725palmer_sem7_num3lado1;-0.01258012249916539
0726palmer_sem7_num3lado2;-0.02078273633418641
0727palmer_sem7_num4lado1;-0.024574883374877027
0728palmer_sem7_num4lado2;-0.004763069273822042
0729palmer_sem7_num5lado1;-0.015338640955551893
0730palmer_sem7_num5lado2;-0.02072318003711407
0731palmer_sem7_num6lado1;-0.0076890835323143855
0732palmer_sem7_num6lado2;-0.011276086734898402
0733palmer_sem7_num7lado1;-0.008738953679208218
0734palmer_sem7_num7lado2;0.010008609772648119
0735palmer_sem7_num8lado1;-0.0007662131754480916
0736palmer_sem7_num8lado2;-0.021174230083049903
0737palmer_sem7_num9lado1;-0.020357821266061338
0738palmer_sem7_num9lado2;-0.0030938636260352584
0739palmer_sem7_num10lado1;-0.0002212493874515975
0740palmer_sem7_num10lado2;-0.01776171119345052
0741palmer_sem7_num11lado1;-0.01505691180141112
0742palmer_sem7_num11lado2;0.001218754167739104
0743palmer_sem7_num12lado1;-0.015855389996557993
0744palmer_sem7_num12lado2;0.0003173360056491171
0745palmer_sem7_num13lado1;-0.01335031438876257
0746palmer_sem7_num13lado2;0.000634371333781148
0747palmer_sem7_num14lado1;-0.02290431365199802
0748palmer_sem7_num14lado2;0.007946136821646054
0749palmer_sem7_num15lado1;-0.004312031870502635
0750palmer_sem7_num15lado2;-0.004454928072137289
0751palmer_sem7_num16lado1;-0.023680175865857325
0752palmer_sem7_num16lado2;-0.003908641473586951
0753palmer_sem7_num17lado1;-0.017557229061296267
0754palmer_sem7_num17lado2;-0.004579986227638525
0755palmer_sem7_num18lado1;-0.02282124052568721
0756palmer_sem7_num18lado2;0.0042213328159180245
0757palmer_sem7_num19lado1;0.004709157599097903
0758palmer_sem7_num19lado2;-0.020776298642905876
0759palmer_sem7_num20lado1;-0.009726256731184766
0760palmer_sem7_num20lado2;-0.020558034592393446
0761palmer_sem7_num21lado1;-0.003587078918997626
0762palmer_sem7_num21lado2;0.00920226384127359
0763palmer_sem7_num22lado1;-0.017586141106938902
0764palmer_sem7_num22lado2;-0.016066109390219904
0765palmer_sem7_num23lado1;-0.01357262820150344
0766palmer_sem7_num23lado2;-0.0025808424406949036
0767palmer_sem7_num24lado1;-0.021196258263473766
0768palmer_sem7_num24lado2;-0.006276372995724132
0769palmer_sem7_num25lado1;-0.016413472222273705
0770palmer_sem7_num25lado2;-0.003564926687982407
0771palmer_sem7_num26lado1;-0.02491113495251304
0772palmer_sem7_num26lado2;-0.009282288986044003
0773palmer_sem7_num27lado1;-0.008667283334677905
0774palmer_sem7_num27lado2;0.00017919332742925555
0775palmer_sem7_num28lado1;-0.02257289981272348
0776palmer_sem7_num28lado2;-0.015875646108583708
0777palmer_sem7_num29lado1;-0.029189151932011402
0778palmer_sem7_num29lado2;-0.01876094917232705
0779palmer_sem7_num30lado1;-0.015572700232085623
0780palmer_sem7_num30lado2;0.004070693517641229
0781palmer_sem7_num31lado1;-0.01759765194090333
0782palmer_sem7_num31lado2;-0.0011239815264072446
0783palmer_sem7_num32lado1;-0.023221933418915902
0784palmer_sem7_num32lado2;-0.006582564863017975
0785palmer_sem7_num33lado1;-0.026123439815177736
0786palmer_sem7_num33lado2;-0.015147723012733729
0787palmer_sem7_num34lado1;-0.015320481018160517
0788palmer_sem7_num34lado2;-0.009679079005546916
0789palmer_sem7_num35lado1;-0.01090288805441289
0790palmer_sem7_num35lado2;0.010478501741713359
0791palmer_sem7_num36lado1;-0.016230861950176166
0792palmer_sem7_num36lado2;0.027730155531273348
0793palmer_sem7_num37lado1;-0.02374885521952547
0794palmer_sem7_num37lado2;0.004171150540981262
0795palmer_sem7_num38lado1;-0.01729651569220617
0796palmer_sem7_num38lado2;-0.02721918724753998
0797palmer_sem7_num39lado1;-0.028130558886281472
0798palmer_sem7_num39lado2;-0.0077140899332940075
0799palmer_sem7_num40lado1;-0.00388752840064784
0800palmer_sem7_num40lado2;-0.014374207478811176
0801palmer_sem7_num41lado1;-0.019158638507573832
0802palmer_sem7_num41lado2;-0.002740496241398379
0803palmer_sem7_num42lado1;-0.02530841035753845
0804palmer_sem7_num42lado2;0.012756926812607492
0805palmer_sem7_num43lado1;-0.026749852665600628
0806palmer_sem7_num43lado2;-0.01593151827933489
0807palmer_sem7_num44lado1;-0.002437115041133506
0808palmer_sem7_num44lado2;-0.02883829976419586
0809palmer_sem7_num45lado1;-0.01579715251311817
0810palmer_sem7_num45lado2;0.004709063293268289
0811palmer_sem7_num46lado1;-0.037958282795903964
0812palmer_sem7_num46lado2;-0.004971334314612165
0813palmer_sem7_num47lado1;-0.02362989667259315
0814palmer_sem7_num47lado2;0.007195813971410244
0815palmer_sem7_num48lado1;-0.030893746581336444
0816palmer_sem7_num48lado2;0.0035142917524693725
0817palmer_sem7_num49lado1;-0.02313131390831555
0818palmer_sem7_num49lado2;-0.007906108078459376
0819palmer_sem7_num50lado1;-0.01933989469582964
0820palmer_sem7_num50lado2;-0.019249137978125913
0821palmer_sem7_num51lado1;-0.021819601385560605
0822palmer_sem7_num51lado2;0.017387564598690747
0823palmer_sem7_num52lado1;-0.004152128326051279
0824palmer_sem7_num52lado2;0.00010098226502110115
0825palmer_sem7_num53lado1;-0.018894926276417544
0826palmer_sem7_num53lado2;0.0054429814580454665
0827palmer_sem7_num54lado1;0.000536657445269659
0828palmer_sem7_num54lado2;-0.016113088820828174
0829palmer_sem7_num55lado1;-0.0018705849738090874
0830palmer_sem7_num55lado2;-0.018588493371146052
0831palmer_sem7_num56lado1;-0.02407117651676825
0832palmer_sem7_num56lado2;0.002574574385880628
0833palmer_sem7_num57lado1;-0.010887302139187746
0834palmer_sem7_num57lado2;-0.0009736573830147309
0835palmer_sem7_num58lado1;-0.010525247520965016
0836palmer_sem7_num58lado2;0.007410044126107558
0837palmer_sem7_num59lado1;-0.017352553155171563
0838palmer_sem7_num59lado2;0.0012252127570040975
0839palmer_sem7_num60lado1;-0.01301410271408548
0840palmer_sem7_num60lado2;0.006358755503557929
0841palmer_sem8_num1lado1;-0.029964608945416946
0842palmer_sem8_num1lado2;-0.014721787900629852
0843palmer_sem8_num2lado1;-0.025599400027663328
0844palmer_sem8_num2lado2;0.000873680816131002
0845palmer_sem8_num3lado1;-0.028159498840258205
0846palmer_sem8_num3lado2;-0.022516977161615603
0847palmer_sem8_num4lado1;-0.014941053143126227
0848palmer_sem8_num4lado2;-0.0025289730368889193
0849palmer_sem8_num5lado1;-0.014818038557364235
0850palmer_sem8_num5lado2;0.005570658421146308
0851palmer_sem8_num6lado1;-0.02091437146518954
0852palmer_sem8_num6lado2;-0.013458473050735087
0853palmer_sem8_num7lado1;-0.022989066140441675
0854palmer_sem8_num7lado2;-0.013363241516250733
0855palmer_sem8_num8lado1;-0.018955410991384314
0856palmer_sem8_num8lado2;-0.0047449208913147006
0857palmer_sem8_num9lado1;-0.011016035910593145
0858palmer_sem8_num9lado2;0.00392582846224066
0859palmer_sem8_num10lado1;-0.004457988383027377
0860palmer_sem8_num10lado2;0.003463745959220898
0861palmer_sem8_num11lado1;-0.023872974953877305
0862palmer_sem8_num11lado2;-0.012903250103068668
0863palmer_sem8_num12lado1;-0.013927819314122418
0864palmer_sem8_num12lado2;-0.009719670420144013
0865palmer_sem8_num13lado1;-0.020206862230864268
0866palmer_sem8_num13lado2;-0.010608533095364598
0867palmer_sem8_num14lado1;-0.021744456416643503
0868palmer_sem8_num14lado2;0.004807326450409039
0869palmer_sem8_num15lado1;-0.02045581656642159
0870palmer_sem8_num15lado2;-0.015086038160029461
0871palmer_sem8_num16lado1;-0.027953527626003092
0872palmer_sem8_num16lado2;-0.01832249860673606
0873palmer_sem8_num17lado1;-0.01247439981666914
0874palmer_sem8_num17lado2;-0.0076058662417252286
0875palmer_sem8_num18lado1;-0.02297944193524302
0876palmer_sem8_num18lado2;0.00042484856695334974
0877palmer_sem8_num19lado1;-0.021422179843993753
0878palmer_sem8_num19lado2;-0.015028968426815104
0879palmer_sem8_num20lado1;-0.021137715442231295
0880palmer_sem8_num20lado2;0.007011060672167861
0881palmer_sem8_num21lado1;-0.01961131451030611
0882palmer_sem8_num21lado2;-0.007704184354775381
0883palmer_sem8_num22lado1;-0.026049948183617326
0884palmer_sem8_num22lado2;-0.0033074295439200303
0885palmer_sem8_num23lado1;-0.027277181305129572
0886palmer_sem8_num23lado2;-0.006736267412486019
0887palmer_sem8_num24lado1;-0.015557738304392157
0888palmer_sem8_num24lado2;0.000541265317000098
0889palmer_sem8_num25lado1;-0.020038423732771135
0890palmer_sem8_num25lado2;-0.009080618918322932
0891palmer_sem8_num26lado1;-0.019521400969868354
0892palmer_sem8_num26lado2;0.015085978223554293
0893palmer_sem8_num27lado1;-0.028793728910850476
0894palmer_sem8_num27lado2;-0.011682150666343035
0895palmer_sem8_num28lado1;-0.02718149452241233
0896palmer_sem8_num28lado2;-0.007976516926194653
0897palmer_sem8_num29lado1;-0.024746455744245437
0898palmer_sem8_num29lado2;-0.015589430534760924
0899palmer_sem8_num30lado1;-0.0008842176590928032
0900palmer_sem8_num30lado2;-0.007584312520927849
0901palmer_sem8_num31lado1;-0.03327007523023616
0902palmer_sem8_num31lado2;-0.015035179317456519
0903palmer_sem8_num32lado1;-0.01698013068683473
0904palmer_sem8_num32lado2;-0.0028876410087992858
0905palmer_sem8_num33lado1;-0.02225558398869248
0906palmer_sem8_num33lado2;-0.016250890470152837
0907palmer_sem8_num34lado1;-0.02804771448602025
0908palmer_sem8_num34lado2;-0.0003832123622347693
0909palmer_sem8_num35lado1;-0.02290502280976809
0910palmer_sem8_num35lado2;-0.0012017426723256485
0911palmer_sem8_num36lado1;-0.008084119114588792
0912palmer_sem8_num36lado2;-0.001824443140128033
0913palmer_sem8_num37lado1;-0.025652249022711505
0914palmer_sem8_num37lado2;0.0068909826161734945
0915palmer_sem8_num38lado1;-0.03011179150738734
0916palmer_sem8_num38lado2;-0.014829173993784384
0917palmer_sem8_num39lado1;-0.017235324829763275
0918palmer_sem8_num39lado2;0.0031106145834361052
0919palmer_sem8_num40lado1;-0.032396722623621636
0920palmer_sem8_num40lado2;-0.006054110403036319
0921palmer_sem8_num41lado1;-0.005207810763240479
0922palmer_sem8_num41lado2;-0.013263664939859136
0923palmer_sem8_num42lado1;-0.002916705190475506
0924palmer_sem8_num42lado2;-0.002802498029035982
0925palmer_sem8_num43lado1;-0.025280455716427442
0926palmer_sem8_num43lado2;-0.0009783596643541134
0927palmer_sem8_num44lado1;-0.016776202216156205
0928palmer_sem8_num44lado2;-0.03651678624721985
0929palmer_sem8_num45lado1;-0.029180351778522177
0930palmer_sem8_num45lado2;-0.00039722411960701386
0931palmer_sem8_num46lado1;-0.019857531074167278
0932palmer_sem8_num46lado2;-0.017953195008264124
0933palmer_sem8_num47lado1;-0.025956461240603808
0934palmer_sem8_num47lado2;-0.02094790608674572
0935palmer_sem8_num48lado1;-0.014965618422543143
0936palmer_sem8_num48lado2;0.013982344205699741
0937palmer_sem8_num49lado1;-0.01086482435658727
0938palmer_sem8_num49lado2;-0.003570229564569625
0939palmer_sem8_num50lado1;-0.01836570215460545
0940palmer_sem8_num50lado2;-0.005901618774180287
0941palmer_sem8_num51lado1;-0.018375994469256373
0942palmer_sem8_num51lado2;-0.0011739689386281898
0943palmer_sem8_num52lado1;-0.029038413258396022
0944palmer_sem8_num52lado2;-0.002033337419011153
0945palmer_sem8_num53lado1;-0.009703919918292947
0946palmer_sem8_num53lado2;-0.013819150575010186
0947palmer_sem8_num54lado1;-0.019873823285657673
0948palmer_sem8_num54lado2;-0.0001529925477271992
0949palmer_sem8_num55lado1;-0.031002379170116758
0950palmer_sem8_num55lado2;0.010508210819564262
0951palmer_sem8_num56lado1;-0.018037887422854258
0952palmer_sem8_num56lado2;-0.005512441995390043
0953palmer_sem8_num57lado1;-0.016381414985687653
0954palmer_sem8_num57lado2;-0.006271759520702421
0955palmer_sem8_num58lado1;-0.01906077044715225
0956palmer_sem8_num58lado2;0.011467138972919302
0957palmer_sem8_num59lado1;-0.023993811037932092
0958palmer_sem8_num59lado2;-0.0005889033850779946
0959palmer_sem8_num60lado1;-0.018723768720574237
0960palmer_sem8_num60lado2;-0.008155877418921532
0961palmer_sem9_num1lado1;-0.018666248699286923
0962palmer_sem9_num1lado2;-0.011662625717464466
0963palmer_sem9_num2lado1;-0.029991939971399567
0964palmer_sem9_num2lado2;-0.006779101235463774
0965palmer_sem9_num3lado1;-0.022093560844203233
0966palmer_sem9_num3lado2;-0.0010654904797712174
0967palmer_sem9_num4lado1;-0.018194306009648137
0968palmer_sem9_num4lado2;-0.001300572429911095
0969palmer_sem9_num5lado1;-0.021178579730498276
0970palmer_sem9_num5lado2;0.0021617035604975248
0971palmer_sem9_num6lado1;-0.038218882679757836
0972palmer_sem9_num6lado2;-0.0041835189219231305
0973palmer_sem9_num7lado1;-0.026623764576447963
0974palmer_sem9_num7lado2;0.0013724133378574652
0975palmer_sem9_num8lado1;-0.029738018617093187
0976palmer_sem9_num8lado2;0.014536814889947085
0977palmer_sem9_num9lado1;-0.030910186308368753
0978palmer_sem9_num9lado2;-0.01161353456080236
0979palmer_sem9_num10lado1;-0.013141374248200886
0980palmer_sem9_num10lado2;-0.0005800546841108455
0981palmer_sem9_num11lado1;-0.025471802853405324
0982palmer_sem9_num11lado2;-0.01120407184359611
0983palmer_sem9_num12lado1;-0.02575550175109524
0984palmer_sem9_num12lado2;0.002424507042255461
0985palmer_sem9_num13lado1;-0.02711330061025078
0986palmer_sem9_num13lado2;0.008271803737453978
0987palmer_sem9_num14lado1;-0.022173457777333823
0988palmer_sem9_num14lado2;-0.0033729997944274594
0989palmer_sem9_num15lado1;-0.012312703781775463
0990palmer_sem9_num15lado2;0.00022456961117286954
0991palmer_sem9_num16lado1;-0.017392120930329012
0992palmer_sem9_num16lado2;0.004434865201733289
0993palmer_sem9_num17lado1;-0.0201962729332467
0994palmer_sem9_num17lado2;0.0020247557300927
0995palmer_sem9_num18lado1;-0.02059117694500875
0996palmer_sem9_num18lado2;-0.02067314378609879
0997palmer_sem9_num19lado1;-0.006726818164679005
0998palmer_sem9_num19lado2;-0.0033580456131752355
0999palmer_sem9_num20lado1;-0.003960972873612636
1000palmer_sem9_num20lado2;0.012490814176399136
1001palmer_sem9_num21lado1;-0.015980368967663906
1002palmer_sem9_num21lado2;0.005313724971978815
1003palmer_sem9_num22lado1;-0.013556317265534697
1004palmer_sem9_num22lado2;0.0009506403925019112
1005palmer_sem9_num23lado1;-0.013199160778467998
1006palmer_sem9_num23lado2;0.012745709814921458
1007palmer_sem9_num24lado1;-0.023334395296078937
1008palmer_sem9_num24lado2;-0.006680583972851144
1009palmer_sem9_num25lado1;-0.019339544597897322
1010palmer_sem9_num25lado2;-0.0058737858246501445
1011palmer_sem9_num26lado1;-0.02030060726326309
1012palmer_sem9_num26lado2;-0.022666561460836714
1013palmer_sem9_num27lado1;-0.023672190656350903
1014palmer_sem9_num27lado2;0.0005974469416598361
1015palmer_sem9_num28lado1;-0.001639812985029001
1016palmer_sem9_num28lado2;-0.004272685307779373
1017palmer_sem9_num29lado1;-0.015610937273031384
1018palmer_sem9_num29lado2;-0.004783111521955057
1019palmer_sem9_num30lado1;-0.028620927122681942
1020palmer_sem9_num30lado2;-0.0027351765838852676
1021palmer_sem9_num31lado1;-0.029465047160007633
1022palmer_sem9_num31lado2;-0.013968362002125024
1023palmer_sem9_num32lado1;-0.014185192641840635
1024palmer_sem9_num32lado2;0.004248585307479338
1025palmer_sem9_num33lado1;-0.01646902820147561
1026palmer_sem9_num33lado2;0.002461491845416781
1027palmer_sem9_num34lado1;-0.027095714200336723
1028palmer_sem9_num34lado2;-0.01906147607287649
1029palmer_sem9_num35lado1;-0.017204814399250565
1030palmer_sem9_num35lado2;-0.01604446409600133
1031palmer_sem9_num36lado1;-0.00035746585029066845
1032palmer_sem9_num36lado2;-0.009316972251160224
1033palmer_sem9_num37lado1;-0.01672226769177753
1034palmer_sem9_num37lado2;-0.0064394627209214085
1035palmer_sem9_num38lado1;-0.014784759022514965
1036palmer_sem9_num38lado2;0.0001506905888948969
1037palmer_sem9_num39lado1;-0.017617376529474014
1038palmer_sem9_num39lado2;0.012456656934548036
1039palmer_sem9_num40lado1;-0.03621269003919658
1040palmer_sem9_num40lado2;-0.0037236799561270063
1041palmer_sem9_num41lado1;-0.019823650698870536
1042palmer_sem9_num41lado2;-0.004895180405655145
1043palmer_sem9_num42lado1;-0.014012938717372346
1044palmer_sem9_num42lado2;0.014973855945671946
1045palmer_sem9_num43lado1;-0.016386083467101506
1046palmer_sem9_num43lado2;-0.010545409154469965
1047palmer_sem9_num44lado1;-0.03989173610363709
1048palmer_sem9_num44lado2;0.0050774955425652215
1049palmer_sem9_num45lado1;-0.027098484820065886
1050palmer_sem9_num45lado2;0.007901596420305029
1051palmer_sem9_num46lado1;-0.021484943164315103
1052palmer_sem9_num46lado2;0.005004846986432118
1053palmer_sem9_num47lado1;-0.022558936263777873
1054palmer_sem9_num47lado2;-0.007522264141913703
1055palmer_sem9_num48lado1;-0.01763416062818136
1056palmer_sem9_num48lado2;0.003268856361358003
1057palmer_sem9_num49lado1;-0.01743662666166926
1058palmer_sem9_num49lado2;0.009282272728658766
1059palmer_sem9_num50lado1;-0.010865726688244046
1060palmer_sem9_num50lado2;0.014920695725273582
1061palmer_sem9_num51lado1;-0.025382858625831343
1062palmer_sem9_num51lado2;0.0017926714311779623
1063palmer_sem9_num52lado1;-0.03499268611844343
1064palmer_sem9_num52lado2;-0.016262144893047923
1065palmer_sem9_num53lado1;-0.027482458629452568
1066palmer_sem9_num53lado2;-0.00414949154142611
1067palmer_sem9_num54lado1;-0.021892774463505914
1068palmer_sem9_num54lado2;0.010314072768202918
1069palmer_sem9_num55lado1;-0.01662481514601962
1070palmer_sem9_num55lado2;-0.00582465325887544
1071palmer_sem9_num56lado1;-0.015810113391525386
1072palmer_sem9_num56lado2;-0.017035866756250274
1073palmer_sem9_num57lado1;-0.002126309476734229
1074palmer_sem9_num57lado2;-0.010346594628434685
1075palmer_sem9_num58lado1;-0.018860203531528365
1076palmer_sem9_num58lado2;0.00839598915375836
1077palmer_sem9_num59lado1;-0.01640632965851301
1078palmer_sem9_num59lado2;-0.018339572460211832
1079palmer_sem9_num60lado1;-0.036939376306398035
1080palmer_sem9_num60lado2;0.003350600323514869
1081palmer_sem10_num1lado1;-0.01661212748559759
1082palmer_sem10_num1lado2;-0.021097257815191065
1083palmer_sem10_num2lado1;-0.012380506183286651
1084palmer_sem10_num2lado2;-0.026452181190919435
1085palmer_sem10_num3lado1;-0.00889640221232817
1086palmer_sem10_num3lado2;0.006124870426947204
1087palmer_sem10_num4lado1;-0.017183974731461715
1088palmer_sem10_num4lado2;0.010211444591975925
1089palmer_sem10_num5lado1;-0.01860391521938029
1090palmer_sem10_num5lado2;-0.014321723538971983
1091palmer_sem10_num6lado1;-0.01942860508187292
1092palmer_sem10_num6lado2;-0.018412531101295444
1093palmer_sem10_num7lado1;-0.017178799187832973
1094palmer_sem10_num7lado2;-0.015256933253341577
1095palmer_sem10_num8lado1;-0.009405416373151423
1096palmer_sem10_num8lado2;-0.018855036304227753
1097palmer_sem10_num9lado1;-0.01520474176271643
1098palmer_sem10_num9lado2;-0.012425905377729564
1099palmer_sem10_num10lado1;-0.0072994885156880025
1100palmer_sem10_num10lado2;-0.013337496900159283
1101palmer_sem10_num11lado1;-0.0193096993615207
1102palmer_sem10_num11lado2;-0.005793011242913685
1103palmer_sem10_num12lado1;-0.02326349480179263
1104palmer_sem10_num12lado2;0.003280358363489608
1105palmer_sem10_num13lado1;-0.021762014963624166
1106palmer_sem10_num13lado2;-0.009499654330619866
1107palmer_sem10_num14lado1;-0.010159397315296217
1108palmer_sem10_num14lado2;-0.004115557184532124
1109palmer_sem10_num15lado1;-0.01505152828993838
1110palmer_sem10_num15lado2;-0.004703622774706051
1111palmer_sem10_num16lado1;-0.026848380371691374
1112palmer_sem10_num16lado2;-0.015099922930115037
1113palmer_sem10_num17lado1;-0.02398146947134576
1114palmer_sem10_num17lado2;-0.008915638901091894
1115palmer_sem10_num18lado1;-0.004916369960407213
1116palmer_sem10_num18lado2;-0.002460051277872079
1117palmer_sem10_num19lado1;-0.013293443156523761
1118palmer_sem10_num19lado2;-0.00531351474730181
1119palmer_sem10_num20lado1;-0.013401822230630347
1120palmer_sem10_num20lado2;-0.01889459977490459
1121palmer_sem10_num21lado1;-0.01881032842189775
1122palmer_sem10_num21lado2;-0.0016666480528162888
1123palmer_sem10_num22lado1;-0.026289805064379064
1124palmer_sem10_num22lado2;0.0038504338276311658
1125palmer_sem10_num23lado1;-0.005635250106363784
1126palmer_sem10_num23lado2;-0.0021202242918268418
1127palmer_sem10_num24lado1;-0.0072852442315771895
1128palmer_sem10_num24lado2;0.009491809050912655
1129palmer_sem10_num25lado1;-0.008509223758999316
1130palmer_sem10_num25lado2;-0.0013821261212484056
1131palmer_sem10_num26lado1;-0.019193051675242483
1132palmer_sem10_num26lado2;-0.0004386728567718816
1133palmer_sem10_num27lado1;-0.019715424656012198
1134palmer_sem10_num27lado2;0.004307282643203257
1135palmer_sem10_num28lado1;-0.029077342477705038
1136palmer_sem10_num28lado2;-0.01608259732018615
1137palmer_sem10_num29lado1;-0.013229586326767127
1138palmer_sem10_num29lado2;0.0034660246561817832
1139palmer_sem10_num30lado1;-0.03787581912826015
1140palmer_sem10_num30lado2;-0.016373948927065313
1141palmer_sem10_num31lado1;-0.01167174377450133
1142palmer_sem10_num31lado2;-0.011363946992449763
1143palmer_sem10_num32lado1;-0.013644067208278054
1144palmer_sem10_num32lado2;-0.013144675230273083
1145palmer_sem10_num33lado1;-0.013627967136407017
1146palmer_sem10_num33lado2;0.009175072830722037
1147palmer_sem10_num34lado1;-0.01387842588776991
1148palmer_sem10_num34lado2;0.0015039201049781938
1149palmer_sem10_num35lado1;-0.010640552274193653
1150palmer_sem10_num35lado2;-0.024337845446660043
1151palmer_sem10_num36lado1;-0.01833240770277966
1152palmer_sem10_num36lado2;-0.02316061892076049
1153palmer_sem10_num37lado1;-0.0025422104595003692
1154palmer_sem10_num37lado2;-0.0059418950302879536
1155palmer_sem10_num38lado1;-0.010061360558446855
1156palmer_sem10_num38lado2;-0.006531861916801947
1157palmer_sem10_num39lado1;-0.017700884193309376
1158palmer_sem10_num39lado2;-0.020509165264719936
1159palmer_sem10_num40lado1;-0.010595720314070566
1160palmer_sem10_num40lado2;-0.017008936395073806
1161palmer_sem10_num41lado1;-0.0005943815103787016
1162palmer_sem10_num41lado2;0.0005315507782736992
1163palmer_sem10_num42lado1;-0.02110000506014312
1164palmer_sem10_num42lado2;-0.01302963268457429
1165palmer_sem10_num43lado1;-0.025476642009153488
1166palmer_sem10_num43lado2;-0.013848973362433032
1167palmer_sem10_num44lado1;-0.005867203637026295
1168palmer_sem10_num44lado2;0.00935861957729222
1169palmer_sem10_num45lado1;-0.0026337524894048635
1170palmer_sem10_num45lado2;0.006313183549532307
1171palmer_sem10_num46lado1;-0.010653507131860978
1172palmer_sem10_num46lado2;0.0025505846361001242
1173palmer_sem10_num47lado1;-0.005655766128296439
1174palmer_sem10_num47lado2;0.009328409428735366
1175palmer_sem10_num48lado1;-0.013930518642012142
1176palmer_sem10_num48lado2;-0.02302252054363482
1177palmer_sem10_num49lado1;-0.032502518393654346
1178palmer_sem10_num49lado2;-0.004706085006252664
1179palmer_sem10_num50lado1;-0.013817722280691192
1180palmer_sem10_num50lado2;-0.013146592800659539
1181palmer_sem10_num51lado1;-0.018145674316496094
1182palmer_sem10_num51lado2;-0.016532605891214316
1183palmer_sem10_num52lado1;-0.018252438199889108
1184palmer_sem10_num52lado2;0.0024253429057575584
1185palmer_sem10_num53lado1;-0.020036570551258664
1186palmer_sem10_num53lado2;0.016666951795386516
1187palmer_sem10_num54lado1;-0.0067344667312160674
1188palmer_sem10_num54lado2;-0.003769093582406719
1189palmer_sem10_num55lado1;-0.029567858921707116
1190palmer_sem10_num55lado2;-0.00478356426561755
1191palmer_sem10_num56lado1;-0.02486616423002065
1192palmer_sem10_num56lado2;0.007438932531984005
1193palmer_sem10_num57lado1;-0.01417047878651926
1194palmer_sem10_num57lado2;-0.002389617471974472
1195palmer_sem10_num58lado1;-0.021925474492693803
1196palmer_sem10_num58lado2;-0.00724317484153527
1197palmer_sem10_num59lado1;-0.01095093769637043
1198palmer_sem10_num59lado2;-0.01428066433802617
1199palmer_sem10_num60lado1;-0.018916373196741665
1200palmer_sem10_num60lado2;-0.013581140684541892
1201palmer_sem11_num1lado1;-0.025569261248712644
1202palmer_sem11_num1lado2;0.009625228565614017
1203palmer_sem11_num2lado1;-0.0187534611527133
1204palmer_sem11_num2lado2;0.0018644292663265532
1205palmer_sem11_num3lado1;0.002917763050467033
1206palmer_sem11_num3lado2;0.0063498521585570586
1207palmer_sem11_num4lado1;-0.02147372971178865
1208palmer_sem11_num4lado2;-0.022013248059022533
1209palmer_sem11_num5lado1;-0.014572458038274554
1210palmer_sem11_num5lado2;-0.0007519114282915415
1211palmer_sem11_num6lado1;-0.015576913715402627
1212palmer_sem11_num6lado2;0.016150057377247628
1213palmer_sem11_num7lado1;-0.006109170913114238
1214palmer_sem11_num7lado2;-0.002501960666850534
1215palmer_sem11_num8lado1;-0.014282693211433902
1216palmer_sem11_num8lado2;-0.0014556982374033533
1217palmer_sem11_num9lado1;-0.008461650600966599
1218palmer_sem11_num9lado2;0.018449181155982482
1219palmer_sem11_num10lado1;-0.016133378673092162
1220palmer_sem11_num10lado2;0.004391764753798555
1221palmer_sem11_num11lado1;-0.01975480987785892
1222palmer_sem11_num11lado2;-0.011964873540708392
1223palmer_sem11_num12lado1;-0.007484724012933021
1224palmer_sem11_num12lado2;-0.005444122266643811
1225palmer_sem11_num13lado1;-0.00922366450205308
1226palmer_sem11_num13lado2;-0.000463663800078443
1227palmer_sem11_num14lado1;-0.005688390544952835
1228palmer_sem11_num14lado2;-0.002792555513185394
1229palmer_sem11_num15lado1;-0.030493615790390907
1230palmer_sem11_num15lado2;-0.008869566871807772
1231palmer_sem11_num16lado1;-0.013094198779435596
1232palmer_sem11_num16lado2;-0.004353415001336327
1233palmer_sem11_num17lado1;-0.02167548433434301
1234palmer_sem11_num1lado2;-0.021530068850440384
1235palmer_sem11_num18lado1;-0.014902021390322618
1236palmer_sem11_num18lado2;-0.022758623785136732
1237palmer_sem11_num19lado1;-0.016110742972875024
1238palmer_sem11_num19lado2;0.003929378571102249
1239palmer_sem11_num20lado1;-0.022169480973738373
1240palmer_sem11_num20lado2;-0.008576408099359749
1241palmer_sem11_num21lado1;0.0007316655571307913
1242palmer_sem11_num21lado2;0.012727343803269758
1243palmer_sem11_num22lado1;-0.014874436243262608
1244palmer_sem11_num22lado2;-0.00619428316962902
1245palmer_sem11_num23lado1;-0.024304404738343825
1246palmer_sem11_num23lado2;-0.009871026434723547
1247palmer_sem11_num24lado1;-0.01656150887408156
1248palmer_sem11_num24lado2;-0.0052925628050925115
1249palmer_sem11_num25lado1;-0.004958589846922718
1250palmer_sem11_num25lado2;-0.004065011181389387
1251palmer_sem11_num26lado1;-0.01627293223107148
1252palmer_sem11_num26lado2;-0.0033851484325667027
1253palmer_sem11_num27lado1;-0.008147505646284449
1254palmer_sem11_num27lado2;-0.005032802462699674
1255palmer_sem11_num28lado1;-0.028499620483764594
1256palmer_sem11_num28lado2;0.014236787812747448
1257palmer_sem11_num29lado1;-0.01659666346041569
1258palmer_sem11_num29lado2;0.004685950810394082
1259palmer_sem11_num30lado1;-0.00818143936055843
1260palmer_sem11_num30lado2;-0.0017341751460202147
1261palmer_sem12_num1lado1;-0.0172159636712348
1262palmer_sem12_num1lado2;0.015102035947377846
1263palmer_sem12_num2lado1;-0.022538609987221566
1264palmer_sem12_num2lado2;3.793354621133955e-05
1265palmer_sem12_num3lado1;-0.02008130896223797
1266palmer_sem12_num3lado2;-0.0019759316052270558
1267palmer_sem12_num4lado1;-0.023924615156537415
1268palmer_sem12_num4lado2;0.0009338626769605829
1269palmer_sem12_num5lado1;-0.03395040954751673
1270palmer_sem12_num5lado2;0.008011387901022946
1271palmer_sem12_num6lado1;-0.0031437630398158337
1272palmer_sem12_num6lado2;0.006745917767388962
1273palmer_sem12_num7lado1;-0.016425950612669608
1274palmer_sem12_num7lado2;-0.004707910849019888
1275palmer_sem12_num8lado1;-0.012071002034903933
1276palmer_sem12_num8lado2;-0.008315089001841485
1277palmer_sem12_num9lado1;-0.013983784881449565
1278palmer_sem12_num9lado2;0.014471323189305964
1279palmer_sem12_num10lado1;-0.026202379623427894
1280palmer_sem12_num10lado2;0.005471304637544109
1281palmer_sem12_num11lado1;-0.0039039133507125156
1282palmer_sem12_num11lado2;-0.007128760891371631
1283palmer_sem12_num12lado1;-0.028666706405035287
1284palmer_sem12_num12lado2;-0.0018507986566987796
1285palmer_sem12_num13lado1;-0.026350624351849226
1286palmer_sem12_num13lado2;0.01533088570617898
1287palmer_sem12_num14lado1;-0.01900996412915837
1288palmer_sem12_num14lado2;-0.008282942862405749
1289palmer_sem12_num15lado1;-0.005125747189511042
1290palmer_sem12_num15lado2;-0.023968318606517762
1291palmer_sem12_num16lado1;-0.004315846111245193
1292palmer_sem12_num16lado2;-0.0011360396473126635
1293palmer_sem12_num17lado1;-0.020005921641485094
1294palmer_sem12_num1lado2;0.0025613599753315313
1295palmer_sem12_num18lado1;-0.0207367746441474
1296palmer_sem12_num18lado2;-0.00661071298981406
1297palmer_sem12_num19lado1;-0.016489870520655477
1298palmer_sem12_num19lado2;0.0021235249291272486
1299palmer_sem12_num20lado1;-0.026177524719291103
1300palmer_sem12_num20lado2;0.010380056042567535
1301palmer_sem12_num21lado1;0.0015156013816720268
1302palmer_sem12_num21lado2;-0.01084160004699126
1303palmer_sem12_num22lado1;-0.004346532920787544
1304palmer_sem12_num22lado2;0.016444731591460614
1305palmer_sem12_num23lado1;-0.02654770278362324
1306palmer_sem12_num23lado2;0.001508923570285567
1307palmer_sem12_num24lado1;-0.008163197359274703
1308palmer_sem12_num24lado2;-0.003094708757526803
1309palmer_sem12_num25lado1;-0.021137823758963357
1310palmer_sem12_num25lado2;-0.003603879149741445
1311palmer_sem12_num26lado1;-0.032941127540506876
1312palmer_sem12_num26lado2;-0.011180118284950604
1313palmer_sem12_num27lado1;-0.01368915385064991
1314palmer_sem12_num27lado2;-0.004123520157830595
1315palmer_sem12_num28lado1;-0.008776839532694196
1316palmer_sem12_num28lado2;-0.003726705602471512
1317palmer_sem12_num29lado1;-0.004313708943948177
1318palmer_sem12_num29lado2;0.004270901571079318
1319palmer_sem12_num30lado1;-0.010087221498326
1320palmer_sem12_num30lado2;-0.025751139146200915
