ind;time;RG_rate;RB_rate;SH_rate
0001palmer_sem1_num1;35;0.9420321961721624;1.6468601805107852;0.2755216221198706
0003palmer_sem1_num2;35;0.8762820134231706;1.6232653102300243;0.29071710845325005
0005palmer_sem1_num3;35;0.8189174489378283;1.5393734023034746;0.34140881441916937
0007palmer_sem1_num4;35;0.9185828641069932;1.4795028222386732;0.3529377070990555
0009palmer_sem1_num5;35;0.7966301820198346;1.8586860980118285;0.27633928138225305
0011palmer_sem1_num6;35;0.811189615338237;1.8231767373461587;0.28167253906531164
0013palmer_sem1_num7;35;0.8105245664542868;1.43858878731312;0.3798225117532224
0015palmer_sem1_num8;35;0.7953477577016532;1.5791481043542266;0.3333335968725153
0017palmer_sem1_num9;35;0.9172945004708596;1.6491763271557738;0.27643622707426346
0019palmer_sem1_num10;35;0.8344623685297826;1.575413286194604;0.326241257857409
0021palmer_sem1_num11;35;0.8303083447990878;1.5493981269722008;0.3400669793865309
0023palmer_sem1_num12;35;0.8520983122411887;1.504241193753331;0.34956764820425057
0025palmer_sem1_num13;35;0.8284332204325866;1.5424892506238181;0.3447845791626807
0027palmer_sem1_num14;35;0.8427396390825677;1.6612554963526995;0.2980833838519257
0029palmer_sem1_num15;35;0.8015080969876651;1.6078187306031744;0.33645710381543603
0031palmer_sem1_num16;35;0.8737840250443931;1.7733753534203676;0.2746860957448716
0033palmer_sem1_num17;35;0.8384399916968911;1.504397413557481;0.3591255042433659
0035palmer_sem1_num18;35;0.8679455881534681;1.4436881096169794;0.3805481142935529
0037palmer_sem1_num19;35;0.8661135270054985;1.5233799060579143;0.3424329846571136
0039palmer_sem1_num20;35;0.8778024756091847;1.677192970966081;0.2849031992470919
0041palmer_sem1_num21;35;0.8661040554306703;1.4988952520357437;0.3421838210209304
0043palmer_sem1_num22;35;0.8891303972731526;1.7071679259331318;0.2769294358611029
0045palmer_sem1_num23;35;0.8165282805171563;1.6774850820136655;0.3115857947575652
0047palmer_sem1_num24;35;0.8735929639482932;1.5405873442650884;0.3204503420267864
0049palmer_sem1_num25;35;0.8325379575281384;1.7539949376668018;0.2901005470705945
0051palmer_sem1_num26;35;0.8859580146824264;1.484117464575326;0.3468878300939879
0053palmer_sem1_num27;35;0.9636327242017844;1.7225956954712989;0.24912831325618545
0055palmer_sem1_num28;35;0.9060913305601904;1.7767589447305905;0.2670025304824609
0057palmer_sem1_num29;35;0.8020059456638307;1.5707726546355696;0.33450458491231594
0059palmer_sem1_num30;35;0.8963940334201183;1.5202915242289112;0.32131723934039985
0061palmer_sem1_num31;35;0.7992363790380405;1.4411594989254648;0.3792074539726672
0063palmer_sem1_num32;35;0.8504610088828777;1.5283351005276558;0.3438565965929075
0065palmer_sem1_num33;35;0.9090936055987606;1.7550816342677364;0.27260000575092513
0067palmer_sem1_num34;35;0.8400964086390873;1.6258157144477656;0.3208764627829068
0069palmer_sem1_num35;35;0.8376744478738801;1.5350490676909234;0.3524306187563656
0071palmer_sem1_num36;35;0.7678288785889242;1.6126228051503757;0.32911350878980883
0073palmer_sem1_num37;35;0.9147867243715326;1.6530734134808456;0.2746305995180576
0075palmer_sem1_num38;35;0.8216092785216298;1.6931082673200355;0.30801199407693425
0077palmer_sem1_num39;35;0.9175384249448298;1.672314987834846;0.28026762507980485
0079palmer_sem1_num40;35;0.8358441955996181;1.5668734414686072;0.337892992049608
0081palmer_sem1_num41;35;0.8473420113450608;1.493335528554507;0.3415613895730163
0083palmer_sem1_num42;35;0.8624363378918001;1.7274552009222035;0.2819624876012093
0085palmer_sem1_num43;35;0.8124394652646612;1.5693874105166896;0.3479134679785615
0087palmer_sem1_num44;35;0.8228177188067454;1.6500136239841503;0.2989434266928105
0089palmer_sem1_num45;35;0.8256646942663872;1.847309401778116;0.27256386066359245
0091palmer_sem1_num46;35;0.8423780858923631;1.5952018652253368;0.3150934961934337
0093palmer_sem1_num47;35;0.7961393064400859;1.4399751331177957;0.3789314975777041
0095palmer_sem1_num48;35;0.8590068714086616;1.6877236774698323;0.30797310715502196
0097palmer_sem1_num49;35;0.9199904852563624;1.6346707674039778;0.2861013663646534
0099palmer_sem1_num50;35;0.8612369887586281;1.699735789063915;0.2976620707533935
0101palmer_sem1_num51;35;0.8442644367779393;1.534522840501368;0.35710577755045125
0103palmer_sem1_num52;35;0.8703099435252382;1.6301486586258749;0.2962298297412677
0105palmer_sem1_num53;35;0.8560090724343565;1.425108038783138;0.3749762900682132
0107palmer_sem1_num54;35;0.7865723476968947;1.5213549068021093;0.3504549249745472
0109palmer_sem1_num55;35;0.9011153137454084;1.6552998202744431;0.32721802238751385
0111palmer_sem1_num56;35;0.8325075345179778;1.7267533191653712;0.2970011285469079
0113palmer_sem1_num57;35;0.8441503464972582;1.582357183760008;0.3384305035708827
0115palmer_sem1_num58;35;0.8963098735239691;1.6047961338994268;0.3020717484777943
0117palmer_sem1_num59;35;0.8467194742883228;1.6144025537013642;0.3178006422161661
0119palmer_sem1_num60;35;0.8090461168470968;1.4356121390897898;0.3785966437065741
0121palmer_sem2_num1;50;0.8551567227374874;1.6720753572686309;0.3019952450379021
0123palmer_sem2_num2;50;0.8225069656326981;1.723970034945994;0.3114763828633389
0125palmer_sem2_num3;50;0.8299150076044987;1.595776016447101;0.3191066689590557
0127palmer_sem2_num4;50;0.7672678580129839;1.5520884594184683;0.3325808000676917
0129palmer_sem2_num5;50;0.8154422046776815;1.6805721057081169;0.2972756050761984
0131palmer_sem2_num6;50;0.8043693693381024;1.6025742365440396;0.3223525026917038
0133palmer_sem2_num7;50;0.8304441556339464;1.6795054970164285;0.323118287050237
0135palmer_sem2_num8;50;0.7440961602618097;1.7495451165082259;0.2948929460481161
0137palmer_sem2_num9;50;0.8529118548142516;1.5474716184764374;0.33930494405093903
0139palmer_sem2_num10;50;0.8142819483879911;1.6328059523593608;0.31454192991855295
0141palmer_sem2_num11;50;0.8914729739000219;1.5908574331640941;0.31829283365466265
0143palmer_sem2_num12;50;0.885305534045205;1.5193939810619443;0.321301251031728
0145palmer_sem2_num13;50;0.929951817253598;1.6197115441909058;0.283033980497065
0147palmer_sem2_num14;50;0.8222913284197589;1.5981644884527744;0.3385647899146891
0149palmer_sem2_num15;50;0.8164211547841072;1.5870914165150751;0.3302785073298973
0151palmer_sem2_num16;50;0.7418532804314935;1.5372043503916095;0.3311325673894967
0153palmer_sem2_num17;50;0.7984321138661395;1.6078171598460311;0.3208997993936895
0155palmer_sem2_num18;50;0.8182536642695135;1.7145693316553507;0.28849225902934994
0157palmer_sem2_num19;50;0.8939349090006554;1.6355156459984532;0.3115843697572301
0159palmer_sem2_num20;50;0.8136494628846664;1.6029816981265586;0.3205471299014412
0161palmer_sem2_num21;50;0.8754102797667282;1.5236042818128983;0.3341892387658608
0163palmer_sem2_num22;50;0.8145724464188222;1.3844948626977231;0.3986676486357764
0165palmer_sem2_num23;50;0.8646277828851925;1.5786216111215885;0.32348106447445524
0167palmer_sem2_num24;50;0.8995102117438976;1.647738786838545;0.2916436939382471
0169palmer_sem2_num25;50;0.9056134204095192;1.6131785709237416;0.2892281025129528
0171palmer_sem2_num26;50;0.7837943089400355;1.6779044125184526;0.3131753508306404
0173palmer_sem2_num27;50;0.9019395002716526;1.6495411372440156;0.2886285766264292
0175palmer_sem2_num28;50;0.8369854367891497;1.5243755337072233;0.3351801382100748
0177palmer_sem2_num29;50;0.8406777876546146;1.4265369926811298;0.3775355627587635
0179palmer_sem2_num30;50;0.8074379685627789;1.6344905295195231;0.31449983303155715
0181palmer_sem2_num31;50;0.7467782686296468;1.6624847978696182;0.3199720439431533
0183palmer_sem2_num32;50;0.7456878469329182;1.6998996370551984;0.3078244060233004
0185palmer_sem2_num33;50;0.8059834397742525;1.589067313972709;0.3173732397829017
0187palmer_sem2_num34;50;0.7779072618971766;1.571951201671175;0.3379035307093917
0189palmer_sem2_num35;50;0.7893678693005529;1.5313248550006624;0.3503647663237384
0191palmer_sem2_num36;50;0.7814615479704973;1.491495608669272;0.35455260133531896
0193palmer_sem2_num37;50;0.8457571086025348;1.6140588899551145;0.3200798023235166
0195palmer_sem2_num38;50;0.8303502844625676;1.6761352466536916;0.3142731507215429
0197palmer_sem2_num39;50;0.8093140132288672;1.6553796571856116;0.3156501442918315
0199palmer_sem2_num40;50;0.8686927036335619;1.5143486590977833;0.3414326083562428
0201palmer_sem2_num41;50;0.905537931306776;1.652862178975924;0.2956272177208145
0203palmer_sem2_num42;50;0.7879826781896526;1.4830392907841592;0.3735452075196811
0205palmer_sem2_num43;50;0.8935402285233649;1.5482698598462354;0.3327701227336374
0207palmer_sem2_num44;50;0.7689134835409358;1.6015110708527116;0.32567649166315804
0209palmer_sem2_num45;50;0.7866853604273982;1.6925035699864948;0.3184720533800881
0211palmer_sem2_num46;50;0.9326829317502812;1.5212232203196985;0.3248845705997851
0213palmer_sem2_num47;50;0.8850141394445727;1.4947759445127369;0.3449254321673318
0215palmer_sem2_num48;50;0.7658461617652066;1.5177027757035724;0.35016067635306986
0217palmer_sem2_num49;50;0.8320764026523473;1.6788779757739651;0.2987782737967239
0219palmer_sem2_num50;50;0.9179877139295488;1.4728853887717124;0.3683827453135285
0221palmer_sem2_num51;50;0.9014984086893754;1.6671573447889099;0.2892787607672198
0223palmer_sem2_num52;50;0.7903343685233368;1.5718803522629812;0.3534893590300285
0225palmer_sem2_num53;50;0.7818588222558911;1.5137812336852152;0.3641595197052439
0227palmer_sem2_num54;50;0.7563494098713988;1.7021600771659615;0.3127596754225601
0229palmer_sem2_num55;50;0.7813731485106857;1.6237211099453042;0.327250200726667
0231palmer_sem2_num56;50;0.8017151537578562;1.5650031538244864;0.35029549859268805
0233palmer_sem2_num57;50;0.8524126809005041;1.7047421176232125;0.29169506768233355
0235palmer_sem2_num58;50;0.829482098046529;1.5772302814173278;0.3494363914285841
0237palmer_sem2_num59;50;0.7765690884800813;1.51426888874235;0.34441208257384376
0239palmer_sem2_num60;50;0.7928654204697443;1.8035228753594288;0.28387985552280703
0241palmer_sem3_num1;65;0.8126882045248872;1.80544653524293;0.2766781251794957
0243palmer_sem3_num2;65;0.7885616020481847;1.4476999481026318;0.3725607967061612
0245palmer_sem3_num3;65;0.7573780180126464;1.4572919983697528;0.3807552518701723
0247palmer_sem3_num4;65;0.7848111925323891;1.525270422842639;0.3619009517749044
0249palmer_sem3_num5;65;0.943223832048656;1.502346691847121;0.3349443114599272
0251palmer_sem3_num6;65;0.8406260919632864;1.4503013723827949;0.42571594458881534
0253palmer_sem3_num7;65;0.9329924058274129;1.3852736969154624;0.399228101917765
0255palmer_sem3_num8;65;0.8270467123883297;1.4796814234111129;0.4295511113426298
0257palmer_sem3_num9;65;0.8906886368340663;1.6868105583600899;0.2813996765156965
0259palmer_sem3_num10;65;0.8429964584145357;1.5279859590784697;0.3818573251307018
0261palmer_sem3_num11;65;0.8430632264218153;1.509660589645731;0.3513693646240461
0263palmer_sem3_num12;65;0.8208607744080096;1.3408555413343282;0.4669061263474426
0265palmer_sem3_num13;65;0.8179808465661778;1.4005071688032291;0.3946437293506289
0267palmer_sem3_num14;65;0.7847038313259259;1.4558747119567166;0.38378204621714973
0269palmer_sem3_num15;65;0.8452102898506042;1.2894130473793712;0.48297123191762
0271palmer_sem3_num16;65;0.8005417366450829;1.564445772546926;0.3373237928425854
0273palmer_sem3_num17;65;0.829188066746123;1.5090617788893614;0.40792827224287465
0275palmer_sem3_num18;65;0.9067658819018478;1.6237560113810423;0.2945565843709307
0277palmer_sem3_num19;65;0.752541141761369;1.3475805498967874;0.4288921771535194
0279palmer_sem3_num20;65;0.8032559345143564;1.3846270578058333;0.405100018733469
0281palmer_sem3_num21;65;0.8985013255275383;1.4866042992121828;0.3586066980944562
0283palmer_sem3_num22;65;0.9241050260951524;1.5109801816006532;0.3376537301800349
0285palmer_sem3_num23;65;0.8068370115297911;1.5627220002195883;0.3464373286736263
0287palmer_sem3_num24;65;0.7646595269286707;1.5744668412117773;0.3502195229952305
0289palmer_sem3_num25;65;0.8627294352003868;1.5690222150903352;0.3313530531163105
0291palmer_sem3_num26;65;0.8585453008951213;1.4643691153440914;0.3728688194013635
0293palmer_sem3_num27;65;0.8084061525468584;1.5878761013209557;0.3403061202643954
0295palmer_sem3_num28;65;0.738397710572626;1.6490395650376692;0.3155781224457925
0297palmer_sem3_num29;65;0.8917772204150989;1.4973942975097816;0.35099726912698864
0299palmer_sem3_num30;65;0.8397368641790379;1.3227912228243417;0.4563367392885377
0301palmer_sem3_num31;65;0.7682200267167293;1.5127641537138956;0.3485067512530774
0303palmer_sem3_num32;65;0.7866779500357801;1.349655350221549;0.43714197210383
0305palmer_sem3_num33;65;0.9492596293521216;1.5446713798006866;0.3275263428379571
0307palmer_sem3_num34;65;0.8547539784815025;1.6142447188998523;0.30998334155675605
0309palmer_sem3_num35;65;0.7824749868194142;1.404920260491069;0.4063452662618532
0311palmer_sem3_num36;65;0.9170250698432534;1.6104488337528822;0.3118796776148061
0313palmer_sem3_num37;65;0.7893499562503752;1.545148810004413;0.33989339184351963
0315palmer_sem3_num38;65;0.8000480367788254;1.5392288093078554;0.35352192567553875
0317palmer_sem3_num39;65;0.8310696910518485;1.6379647107967357;0.31280419186629793
0319palmer_sem3_num40;65;0.8488206139167338;1.3821577625249946;0.43808563005890855
0321palmer_sem3_num41;65;0.8816479637885195;1.8023563702975527;0.2700958473689828
0323palmer_sem3_num42;65;0.8402124655613417;1.2809588636513378;0.499451146137942
0325palmer_sem3_num43;65;0.8452822442972645;1.468651786596168;0.3688810263369896
0327palmer_sem3_num44;65;0.9788840222047896;1.299744078062279;0.48378203562362
0329palmer_sem3_num45;65;0.7488110322840179;1.6477173444302888;0.3143623992402169
0331palmer_sem3_num46;65;0.8614626951684332;1.679463992326721;0.2960633914447247
0333palmer_sem3_num47;65;0.8301279334582433;1.593877322866624;0.32673127591235784
0335palmer_sem3_num48;65;0.902710789581853;1.187512669473393;0.6801389571403811
0337palmer_sem3_num49;65;0.8546066929012232;1.2978774057589253;0.4816920594760988
0339palmer_sem3_num50;65;0.945178626166565;1.5753602827006277;0.3050449573169768
0341palmer_sem3_num51;65;0.7387954285706109;1.5648861647530181;0.33923702634300545
0343palmer_sem3_num52;65;0.7746500910737222;1.5244819114900463;0.3497260262460185
0345palmer_sem3_num53;65;0.7707565609414666;1.42075364491935;0.3885474290920894
0347palmer_sem3_num54;65;0.8635488916270999;1.4378041100896986;0.3807360479051324
0349palmer_sem3_num55;65;0.8790618083485958;1.448569751209277;0.3803760175975831
0351palmer_sem3_num56;65;0.8272978817218549;1.5036753334054445;0.3745090975626296
0353palmer_sem3_num57;65;0.8516084213431787;1.3161998828931478;0.4633722238447646
0355palmer_sem3_num58;65;0.8771905686263544;1.7226883695838058;0.2831013555360552
0357palmer_sem3_num59;65;0.8391638310412199;1.2771104897141938;0.4996188671154198
0359palmer_sem3_num60;65;0.7864104265456814;1.6802787721206751;0.3110296538865518
0361palmer_sem4_num1;80;0.8435058627457572;1.657710899253278;0.3113130053033164
0363palmer_sem4_num2;80;0.8091310514549137;1.5000955282055062;0.35038084641804346
0365palmer_sem4_num3;80;0.91667533859568;1.4827213179095995;0.3485037337443702
0367palmer_sem4_num4;80;0.8406995112411999;1.7521703349833369;0.31312934330434805
0369palmer_sem4_num5;80;0.8841654024885969;1.5472401521049162;0.3256878037103845
0371palmer_sem4_num6;80;0.8818359322244425;1.4182673552277554;0.39799109702822943
0373palmer_sem4_num7;80;0.8742711028476149;1.4673522891916149;0.36635506264619105
0375palmer_sem4_num8;80;0.9896424788637224;1.4258582220817513;0.3927732892092055
0377palmer_sem4_num9;80;0.9485076288335956;1.5538171683557471;0.2943628129838029
0379palmer_sem4_num10;80;0.994329061294874;1.267602692312832;0.7975460601047585
0381palmer_sem4_num11;80;0.9527306887598824;1.57314751730277;0.32193382084992894
0383palmer_sem4_num12;80;0.8041872151811928;1.6038783789685995;0.3358576738490425
0385palmer_sem4_num13;80;0.9213836996223808;1.389114348698082;0.3938470482066258
0387palmer_sem4_num14;80;0.8535344523642494;1.7055141377463112;0.2897827435000998
0389palmer_sem4_num15;80;0.8892643637772891;1.4719988214330078;0.3321869758693241
0391palmer_sem4_num16;80;1.063359076377765;1.7404076612586767;0.21526695758040165
0393palmer_sem4_num17;80;0.8286591078416244;1.5537224399017269;0.3459277098061987
0395palmer_sem4_num18;80;0.8846714633157777;1.5501835777213937;0.31505033593768017
0397palmer_sem4_num19;80;1.0764734160891265;1.3880227762234525;0.6192205254823029
0399palmer_sem4_num20;80;0.8030800813149794;1.3930688031725196;0.41040511533534296
0401palmer_sem4_num21;80;0.9698504728753984;1.5763017630875131;0.3357426385949092
0403palmer_sem4_num22;80;0.7607007904573658;1.6209981802913898;0.3235581148849058
0405palmer_sem4_num23;80;0.8657585118539699;1.46899642160197;0.39313766696954
0407palmer_sem4_num24;80;1.1461177353136582;1.3952358487346377;0.4186681064961776
0409palmer_sem4_num25;80;1.061120411395506;1.4580688344588155;0.3981279928417247
0411palmer_sem4_num26;80;0.7551780216889403;1.8147184168566484;0.28645899738752123
0413palmer_sem4_num27;80;0.9410397517648332;1.6536316538424325;0.29894586444191995
0415palmer_sem4_num28;80;0.8493093770322764;1.7611955216700153;0.28299755194872633
0417palmer_sem4_num29;80;0.9673007468489924;1.5037970055343295;0.3835523941937691
0419palmer_sem4_num30;80;0.9574527540089048;1.4296244828030895;0.4026720467983295
0421palmer_sem4_num31;80;0.8744311221120488;1.4842225872983934;0.3587474029463241
0423palmer_sem4_num32;80;0.9151034580778924;1.4736667967724966;0.3394481476212394
0425palmer_sem4_num33;80;0.8638784577078196;1.5641512716976465;0.3497616394640169
0427palmer_sem4_num34;80;1.0479628033558137;1.5947109047551025;0.2951234159335013
0429palmer_sem4_num35;80;1.1897395111645357;1.4696228813144718;0.4942491563950362
0431palmer_sem4_num36;80;0.8644158720075361;1.5287087795555647;0.3772825022261092
0433palmer_sem4_num37;80;0.8893773916953438;1.3278162022967104;0.44247360477872494
0435palmer_sem4_num38;80;0.9048435090962555;1.8271136363043297;0.2537992890867907
0437palmer_sem4_num39;80;0.9863099715133026;1.4253199237636267;0.38877449916354
0439palmer_sem4_num40;80;0.9568785315411172;1.5655910563936266;0.3593154358333556
0441palmer_sem4_num41;80;0.7997099022852154;1.602851881876432;0.32298765535625623
0443palmer_sem4_num42;80;0.8860802861570971;1.5147985012016645;0.3385303862835133
0445palmer_sem4_num43;80;1.0759781300355151;1.6478953699134724;0.3468704488274707
0447palmer_sem4_num44;80;0.8709519002687206;1.4784957512500103;0.3574338214504049
0449palmer_sem4_num45;80;0.8879636795708652;1.7388015214083818;0.2756054407750703
0451palmer_sem4_num46;80;0.9193865791719302;1.4933456140714458;0.3911705796379488
0453palmer_sem4_num47;80;1.0086231348438337;1.3878205122374705;0.4154005950065883
0455palmer_sem4_num48;80;0.8662543820054942;1.3444478855560449;0.4562602486393442
0457palmer_sem4_num49;80;0.911404304084734;1.4587871043027616;0.34262728259339265
0459palmer_sem4_num50;80;0.8335368002917296;1.6189627780901792;0.32997962578681017
0461palmer_sem4_num51;80;0.8424210023891443;1.473063386943329;0.4250557780814842
0463palmer_sem4_num52;80;0.9988633686069552;1.7171169726420683;0.2415129812343977
0465palmer_sem4_num53;80;0.8320826194947959;1.5969057271574676;0.3326122487473493
0467palmer_sem4_num54;80;0.9539184146294996;1.4713400956881282;0.37199425851181134
0469palmer_sem4_num55;80;0.9234808580547034;1.5196689800619476;0.3827163179507064
0471palmer_sem4_num56;80;0.9420422262976488;1.6708847869973629;0.2803708440264294
0473palmer_sem4_num57;80;0.8280939776099319;1.7546133187688049;0.2834555406922365
0475palmer_sem4_num58;80;0.9038752214942078;1.580859889488215;0.30312986391422025
0477palmer_sem4_num59;80;1.0505395172402237;1.6472916689087724;0.3125659085933368
0479palmer_sem4_num60;80;0.9003103466960227;1.354542066004321;0.6215576111114082
0481palmer_sem5_num1;95;0.9973124859142746;1.5720946223310617;0.3837824678317644
0483palmer_sem5_num2;95;0.977290077691066;1.5528963992019051;0.4042201594433258
0485palmer_sem5_num3;95;1.002210890221359;1.4636615917918212;0.44360473428237773
0487palmer_sem5_num4;95;1.0451697433850236;1.4322068841145312;0.8604444908052016
0489palmer_sem5_num5;95;1.1145079246059753;1.4244037485163081;0.8840242334546079
0491palmer_sem5_num6;95;0.9090921767231186;1.5145033212545154;0.349466416291347
0493palmer_sem5_num7;95;1.0361987664320584;1.4018429861000734;0.8030625977428736
0495palmer_sem5_num8;95;1.0096794803764093;1.4303826063751781;1.28080372113016
0497palmer_sem5_num9;95;1.0927361380941267;1.4037298218784393;1.0885847044285737
0499palmer_sem5_num10;95;0.9489931052241828;1.4597680749283974;0.5159286547465898
0501palmer_sem5_num11;95;0.9059379824600028;1.412594093003675;0.4001563519663727
0503palmer_sem5_num12;95;0.9274216686056004;1.3157346317376155;0.6030415563906963
0505palmer_sem5_num13;95;0.9711815223501944;1.3736071961687126;0.4333538646922439
0507palmer_sem5_num14;95;1.036576013026531;1.4079245380606842;0.7055854130280037
0509palmer_sem5_num15;95;1.0921090280218948;1.423472227507041;0.5889655503134691
0511palmer_sem5_num16;95;0.8536625862640448;1.5668743833276086;0.3711275695707559
0513palmer_sem5_num17;95;1.0018560881169274;1.5602405616108603;0.4021307920470196
0515palmer_sem5_num18;95;1.0330227485402446;1.3093018017198923;0.6856431326545485
0517palmer_sem5_num19;95;1.1023672043251622;1.4599170141435076;1.1667535406656573
0519palmer_sem5_num20;95;0.9652521114456746;1.3681235026170913;0.634387225756996
0521palmer_sem5_num21;95;1.2142831334396718;1.1649027109569705;1.8592968413035489
0523palmer_sem5_num22;95;0.8790188097939193;1.7977073113464417;0.2820449299589744
0525palmer_sem5_num23;95;1.0298427744614742;1.3919331543575544;0.5317414776513758
0527palmer_sem5_num24;95;0.9765030724560284;1.5482534925626308;0.4891741818596739
0529palmer_sem5_num25;95;0.9827996189117928;1.573292103170432;0.5468521543424796
0531palmer_sem5_num26;95;0.9540773756630578;1.4708288398599736;0.4919368977752312
0533palmer_sem5_num27;95;0.9746937969854116;1.4799762541384238;0.540068505240225
0535palmer_sem5_num28;95;1.1643718687662703;1.3297465086748534;0.8855154719389164
0537palmer_sem5_num29;95;1.0662324312669464;1.5713069332062215;0.4166192707525352
0539palmer_sem5_num30;95;1.1259890589707746;1.450825931892675;0.7858681097937237
0541palmer_sem5_num31;95;0.9331421856744662;1.2814761714038196;0.5892766683144125
0543palmer_sem5_num32;95;0.8900506491220068;1.3753584136689367;0.4695732140960722
0545palmer_sem5_num33;95;1.171136077729708;1.5444618622211457;0.4428437725439075
0547palmer_sem5_num34;95;1.0904826421043192;1.3786133759975718;0.8025118942336433
0549palmer_sem5_num35;95;1.0636443650237577;1.2839840678296583;1.349677134406311
0551palmer_sem5_num36;95;0.9527642585395376;1.4535739175601408;0.5818818345863315
0553palmer_sem5_num37;95;0.8545028792781251;1.6288715536743017;0.4012217180535369
0555palmer_sem5_num38;95;1.0520550838424183;1.440550788948264;0.7223023466223293
0557palmer_sem5_num39;95;1.052155980556134;1.3054786025727056;0.7360882981035909
0559palmer_sem5_num40;95;1.0791120148189353;1.7385192388298083;0.4251046337746472
0561palmer_sem5_num41;95;1.0073924398771965;1.3388644393314226;0.8830085014540096
0563palmer_sem5_num42;95;1.1689842282141378;1.6565891727716802;0.5074793360950642
0565palmer_sem5_num43;95;0.8497275987331758;1.552958990246503;0.34109178486657976
0567palmer_sem5_num44;95;1.0560910371595131;1.376355527041243;0.720930207229661
0569palmer_sem5_num45;95;0.8974632285880043;1.5145291422892997;0.45332891146138105
0571palmer_sem5_num46;95;1.0935930479592064;1.4335694670769108;0.7309668088585071
0573palmer_sem5_num47;95;0.98412698687222;1.4034603043133318;0.5747239484047257
0575palmer_sem5_num48;95;1.2184538915556808;1.379741908917243;0.7573772697538288
0577palmer_sem5_num49;95;0.9608186351539036;1.4256137832081333;0.5553605677680313
0579palmer_sem5_num50;95;1.063233367274708;1.403638219232458;1.0460860626076287
0581palmer_sem5_num51;95;1.1333946565438662;1.6362287562378424;0.6741769306678908
0583palmer_sem5_num52;95;1.214768520040044;1.530507510203715;0.35868346444031896
0585palmer_sem5_num53;95;0.9378124237174832;1.4425504463978058;0.4706005628681149
0587palmer_sem5_num54;95;1.103893950993274;1.3683134196384228;0.7630710802842618
0589palmer_sem5_num55;95;1.1147202915600174;1.2968824136757051;0.8018888192797097
0591palmer_sem5_num56;95;1.1585759781545515;1.2828693564759794;0.9788277045645152
0593palmer_sem5_num57;95;1.0204523925533766;1.414869996020628;1.0159934052972377
0595palmer_sem5_num58;95;1.2135677806040128;1.2384557318908274;1.4354755302759197
0597palmer_sem5_num59;95;1.0293024147358965;1.4337952532322582;1.2934704658589975
0599palmer_sem5_num60;95;1.0018101003754665;1.4449367007847684;0.6512541902686977
0601palmer_sem6_num1;110;1.0606404685024866;1.3768806230770076;1.1273464100113662
0603palmer_sem6_num2;110;1.3179346076222127;1.222215788993677;1.7149542010345775
0605palmer_sem6_num3;110;1.0500449384615045;1.4994391213775102;0.5356558964053174
0607palmer_sem6_num4;110;1.1515467662098349;1.1709968797369137;1.5440452503081252
0609palmer_sem6_num5;110;1.0487141749964388;1.3077179701974078;1.333388657083104
0611palmer_sem6_num6;110;1.0550718875046943;1.474256517256529;0.6349669909498192
0613palmer_sem6_num7;110;1.1217626064246544;1.516396022711349;1.010295337189535
0615palmer_sem6_num8;110;1.2796810565118264;1.2402025098103424;1.5434013165923368
0617palmer_sem6_num9;110;1.0253313412912155;1.2874698625112655;1.0945661567989315
0619palmer_sem6_num10;110;0.9841406749387792;1.3365886546054957;0.9734855489246568
0621palmer_sem6_num11;110;1.1215637087317685;1.2085829870131308;1.543925703160531
0623palmer_sem6_num12;110;1.002193025827024;1.6035334792565459;0.6008041553995119
0625palmer_sem6_num13;110;1.079387205233289;1.444044855566314;0.5370863335650501
0627palmer_sem6_num14;110;1.0408237026612823;1.3627279352078476;0.4891324912512006
0629palmer_sem6_num15;110;1.083451689319216;1.5043338389241592;0.6986967121653627
0631palmer_sem6_num16;110;1.1209106576622816;1.5207799778436262;0.5271233847325089
0633palmer_sem6_num17;110;1.00452822784408;1.270323447474148;1.5526229158047409
0635palmer_sem6_num18;110;1.0859472167022686;1.4543022430345975;1.262533674640914
0637palmer_sem6_num19;110;1.2085202063567024;1.2585973775892465;1.3794286075703006
0639palmer_sem6_num20;110;1.0966735702764376;1.248783849183973;1.3310150265387295
0641palmer_sem6_num21;110;1.1424098361550517;1.1642404132944617;1.697696834453147
0643palmer_sem6_num22;110;1.2993993759128686;1.200733950506618;1.6692112026179475
0645palmer_sem6_num23;110;1.0583686430840475;1.1303338510776315;1.7466894687436194
0647palmer_sem6_num24;110;1.0136931883081597;1.2876208323506204;1.323481257758604
0649palmer_sem6_num25;110;1.0491606350907796;1.1458008707337402;1.719815362103093
0651palmer_sem6_num26;110;1.13105567114762;1.3001571066989508;0.6384373389434179
0653palmer_sem6_num27;110;1.0638872660085923;1.3719960202249408;0.6882981608545963
0655palmer_sem6_num28;110;1.032975053746771;1.357625350546467;0.8219033528947846
0657palmer_sem6_num29;110;1.0631651575543306;1.6583280977647783;0.4612277512647498
0659palmer_sem6_num30;110;1.1279584008866432;1.5263381574754644;0.7311766193062179
0661palmer_sem6_num31;110;1.2435077426901358;1.3011224788202205;1.1656215867162405
0663palmer_sem6_num32;110;1.1553285086555625;1.4141091860492263;0.7292244287732194
0665palmer_sem6_num33;110;1.1408971332959346;1.2644755762757602;1.2473211115417582
0667palmer_sem6_num34;110;0.9805007890066796;1.2968730782315612;0.9235198643090576
0669palmer_sem6_num35;110;1.078844307474351;1.3439409335142467;0.7365580508015175
0671palmer_sem6_num36;110;1.0255396936024377;1.3163700399709777;0.9197351177018608
0673palmer_sem6_num37;110;1.1329169024733516;1.5631395254389608;0.4577239642212114
0675palmer_sem6_num38;110;1.1026671688940115;1.3854323819625036;0.8031318255598212
0677palmer_sem6_num39;110;1.2306033921472457;1.2553417331061314;1.387797463181138
0679palmer_sem6_num40;110;1.0764840621888023;1.1974203318312968;1.5573963812814389
0681palmer_sem6_num41;110;1.1070099685961718;1.3081015226005466;1.41448530715166
0683palmer_sem6_num42;110;1.0458511304152762;1.1882747239130214;1.615533374211646
0685palmer_sem6_num43;110;1.0632576958558866;1.27104510737207;1.3767302074818617
0687palmer_sem6_num44;110;1.0970057862159168;1.278893204166052;1.4168611825950383
0689palmer_sem6_num45;110;1.1357473912256304;1.361150069198905;1.1509209788207464
0691palmer_sem6_num46;110;0.979373002612924;1.2440657163754325;1.6037065182891763
0693palmer_sem6_num47;110;1.242347881972048;1.2471886872982667;1.3742734749112018
0695palmer_sem6_num48;110;1.226684854763196;1.1544149522141125;1.995687262952353
0697palmer_sem6_num49;110;1.0414289834384671;1.2582134970304044;1.377955628929814
0699palmer_sem6_num50;110;1.1598133023119424;1.4679388360235648;0.8181103146541311
0701palmer_sem6_num51;110;1.1841025497370579;1.2390677597222919;1.1946326407451904
0703palmer_sem6_num52;110;1.2491306034982441;1.4255178721372124;0.7285858070115014
0705palmer_sem6_num53;110;1.144931954587176;1.1584897734425712;1.6489532172878594
0707palmer_sem6_num54;110;1.1450240916795056;1.3069733682498266;1.450622556997199
0709palmer_sem6_num55;110;1.1093806440975804;1.2359719992075449;1.2933110550782194
0711palmer_sem6_num56;110;1.1113113773518313;1.3571386845861917;0.9761883496855388
0713palmer_sem6_num57;110;1.2110177479169932;1.4558804325173988;1.0524625892560358
0715palmer_sem6_num58;110;1.2269033950428505;1.3699337575732282;1.117779281695342
0717palmer_sem6_num59;110;1.039953319685232;1.3632257395579574;1.3866645273951217
0719palmer_sem6_num60;110;1.2037883164748568;1.2089680812125834;1.503775247830936
0721palmer_sem7_num1;125;1.011084058440339;1.9455217930200144;0.32350963454313264
0723palmer_sem7_num2;125;0.9603373967044466;1.9043753878939667;0.2860182605726665
0725palmer_sem7_num3;125;0.9535096351623348;1.7302237583888744;0.2911819339829015
0727palmer_sem7_num4;125;1.1333448213404986;1.4636993621047671;0.4799301223134573
0729palmer_sem7_num5;125;1.2984391870753502;1.7014846292859929;0.4843147928780958
0731palmer_sem7_num6;125;1.1432247540085738;1.3564825321899403;0.6235742169759901
0733palmer_sem7_num7;125;0.9728679952247751;1.5285230343117255;0.4513180684814305
0735palmer_sem7_num8;125;1.2217973328352811;1.3560258965399252;0.975629239972972
0737palmer_sem7_num9;125;1.2564745377517563;1.4275611218994566;0.8077613582555926
0739palmer_sem7_num10;125;1.3263909989600422;1.4607604224185784;0.8047089250645407
0741palmer_sem7_num11;125;1.2573852083146309;1.563518411240131;0.5329804039903145
0743palmer_sem7_num12;125;0.9055017936456986;2.0680996607128104;0.23951992930281896
0745palmer_sem7_num13;125;1.3135898478542238;1.4719163895693514;0.7562450413154784
0747palmer_sem7_num14;125;1.045785310198851;1.2800542998906008;1.0341254353702285
0749palmer_sem7_num15;125;1.2682372992380089;1.4754983253863534;0.7682404943414574
0751palmer_sem7_num16;125;1.1845280778919252;1.311217682591476;1.0498691102707034
0753palmer_sem7_num17;125;1.1914294125423983;1.2467937022182616;1.1849675328137297
0755palmer_sem7_num18;125;1.2928111658585562;1.4498698989109842;0.7144179669101406
0757palmer_sem7_num19;125;1.0990120395915557;1.251554659510831;1.0006571994717657
0759palmer_sem7_num20;125;1.1885814360306537;1.3265189866763625;1.1742227748724252
0761palmer_sem7_num21;125;1.1929601949646815;1.1026723785539296;2.1754058749969567
0763palmer_sem7_num22;125;1.336027449108824;1.4128231950657315;0.8685312514679838
0765palmer_sem7_num23;125;1.0777093853275626;1.2777961614188036;1.1855030469772496
0767palmer_sem7_num24;125;1.161472847759797;1.5306579240662967;0.3722089448629242
0769palmer_sem7_num25;125;1.1347749357407175;1.652519705802446;0.5889199523574493
0771palmer_sem7_num26;125;1.338259909490075;1.570555068788369;0.6471740984304469
0773palmer_sem7_num27;125;1.0870625277875674;1.7442870964957446;0.21840647816172265
0775palmer_sem7_num28;125;1.1725005116025902;1.605931827869513;0.3898550155695973
0777palmer_sem7_num29;125;1.0680388090037516;1.20540284627472;1.6417757387329326
0779palmer_sem7_num30;125;1.2356738085595331;1.2605467366226493;1.3654769413489478
0781palmer_sem7_num31;125;1.0999951632501517;1.2326330668607866;1.1982285831460309
0783palmer_sem7_num32;125;1.4964868596124492;1.475099897407564;0.9824229001433892
0785palmer_sem7_num33;125;1.1888719930033913;1.1047702990859505;2.1932954188952576
0787palmer_sem7_num34;125;1.2348756247897683;1.276800215057296;1.224915281160883
0789palmer_sem7_num35;125;1.4068225319488263;1.4273253889885402;0.9551232624718444
0791palmer_sem7_num36;125;1.1472078764479452;1.455413482283972;0.8470044213298429
0793palmer_sem7_num37;125;1.1882481335286212;1.25878919320487;1.059026839521009
0795palmer_sem7_num38;125;1.484924518326422;1.5094474305309291;0.7567391644815598
0797palmer_sem7_num39;125;1.4276759585797747;1.9251607027663893;0.6267266579252443
0799palmer_sem7_num40;125;1.172502207646681;1.3357003011994446;0.8336320096283871
0801palmer_sem7_num41;125;0.9156801594246466;1.9830920955267557;0.29667255325489506
0803palmer_sem7_num42;125;1.2019432108749937;1.4260506162979298;0.8291962850920154
0805palmer_sem7_num43;125;1.2558929284897358;1.4048376444683883;0.8596835842336003
0807palmer_sem7_num44;125;1.346224134202846;1.7099432381642965;0.7954280999839393
0809palmer_sem7_num45;125;1.2307959792674483;1.4424427627722751;0.6578723742703001
0811palmer_sem7_num46;125;1.132606288861231;1.552183745163579;0.494755469924578
0813palmer_sem7_num47;125;1.0940414439372714;1.7866122414975636;0.263835482764722
0815palmer_sem7_num48;125;1.4018773085787553;1.4264479851510157;0.9429040217461238
0817palmer_sem7_num49;125;1.2529763275177803;1.37702759180267;1.0966499856237641
0819palmer_sem7_num50;125;1.149727426858198;1.7825858580005136;0.644319878665194
0821palmer_sem7_num51;125;1.2325197975756654;1.3664594320898638;1.0741566545647738
0823palmer_sem7_num52;125;1.1989467293699216;1.1783532968033101;1.7169517982639395
0825palmer_sem7_num53;125;1.1230170033313336;1.3243181538527151;0.7017613271285831
0827palmer_sem7_num54;125;1.0407948959333069;1.679272063041282;0.2874160013181163
0829palmer_sem7_num55;125;1.1267661163011486;1.2348763583415219;1.132806997037129
0831palmer_sem7_num56;125;0.9961091092349168;1.709296867206505;0.27978832763055145
0833palmer_sem7_num57;125;1.231400419909364;1.4766369077660886;0.7532177169735653
0835palmer_sem7_num58;125;1.3056820311817037;1.6878163685422796;0.7872689858726614
0837palmer_sem7_num59;125;1.3969786994540725;1.5084778877440677;0.7689363163864456
0839palmer_sem7_num60;125;1.2292417144457632;1.4267632532273198;1.1292820022692258
0841palmer_sem8_num1;140;1.4226795660929918;1.5105116475065403;0.8330799335313114
0843palmer_sem8_num2;140;1.4104581802788303;1.8958408361350525;0.3547601799604993
0845palmer_sem8_num3;140;1.4207865045942332;1.6472954447719377;0.7212763534156897
0847palmer_sem8_num4;140;1.3172501916036032;1.730575027420876;0.3012773809794293
0849palmer_sem8_num5;140;1.3610749413285632;1.6398007034175983;0.6499748991616833
0851palmer_sem8_num6;140;1.1652951657661013;1.6729303607628807;0.6757130704313873
0853palmer_sem8_num7;140;1.122147042157104;1.29620648882381;1.4272921770194757
0855palmer_sem8_num8;140;1.2572967376355644;1.5480909324289072;0.8793005632137184
0857palmer_sem8_num9;140;1.1180870281860382;1.2396881577970444;0.8731542151200078
0859palmer_sem8_num10;140;1.1909809436324228;1.3682739566047342;0.6796340581883313
0861palmer_sem8_num11;140;1.4407791029009407;1.7575349146201036;0.4309515111855019
0863palmer_sem8_num12;140;1.4603759818361572;1.4935688417539792;0.7799056374930855
0865palmer_sem8_num13;140;1.48397541073992;1.8564227549684242;0.3195169326535225
0867palmer_sem8_num14;140;1.1770744163405713;1.8084539810749032;0.3220832181188097
0869palmer_sem8_num15;140;1.4075850596935449;1.4995737238455455;0.6555462180872067
0871palmer_sem8_num16;140;1.1583015734217574;1.372888536244353;0.9192812606155496
0873palmer_sem8_num17;140;1.2849410170114006;1.2823278291273503;1.1761778512187604
0875palmer_sem8_num18;140;1.1542460923218851;1.3740396433032882;0.6183877592400799
0877palmer_sem8_num19;140;1.4265118859109467;1.6419674020537411;0.6916763329780662
0879palmer_sem8_num20;140;1.1078795022615764;1.680165519883532;0.4084411650272961
0881palmer_sem8_num21;140;1.2325665511400694;1.517942145661482;0.5926597058284943
0883palmer_sem8_num22;140;1.1187523936300428;1.7063289678547067;0.4685951709488485
0885palmer_sem8_num23;140;1.3234156692801031;1.609690003520401;0.5842356074838713
0887palmer_sem8_num24;140;1.2323904382836348;1.21334693029004;1.5602789560088195
0889palmer_sem8_num25;140;1.310642014019265;1.3896607935310206;0.9191065501995184
0891palmer_sem8_num26;140;1.1737200104825156;1.332341539033196;1.222661625694007
0893palmer_sem8_num27;140;1.2521573173248923;1.4283899280061698;1.1054745179760457
0895palmer_sem8_num28;140;1.33979027732218;1.7173536956915223;0.4923061358329919
0897palmer_sem8_num29;140;1.4790354309825051;1.6631424004944708;0.7376205937606385
0899palmer_sem8_num30;140;1.0757072545953394;1.4276840460782798;0.7037242845064415
0901palmer_sem8_num31;140;1.1943962230070049;1.447974444311439;0.6777752846154466
0903palmer_sem8_num32;140;1.1134498175832732;1.7608123809442389;0.2536974208724017
0905palmer_sem8_num33;140;1.3666466030683009;1.5747453531102409;0.6525622056721145
0907palmer_sem8_num34;140;1.393459690767083;1.6001606338761585;0.6282016038502963
0909palmer_sem8_num35;140;1.4936019951839483;1.6536888605262718;0.7097030740582021
0911palmer_sem8_num36;140;1.1227928303131507;1.47450374312341;1.0079234982002343
0913palmer_sem8_num37;140;1.1915683794218133;1.6739762283701918;0.5512094806873646
0915palmer_sem8_num38;140;1.3788449835556778;1.4065539893664547;1.0519191308740972
0917palmer_sem8_num39;140;1.2662178072217072;1.4661597478663817;0.7137886978079262
0919palmer_sem8_num40;140;1.4924138290975557;1.5598914367437298;0.8916588987667269
0921palmer_sem8_num41;140;1.245682226308237;1.6175667949271213;0.8682435752600451
0923palmer_sem8_num42;140;0.9789396268991729;1.530349710325024;0.5180006738720413
0925palmer_sem8_num43;140;1.190853760311846;1.3816694581657898;1.0060506466944366
0927palmer_sem8_num44;140;1.0859709399040285;1.3637601987741377;0.7527387422953624
0929palmer_sem8_num45;140;1.4666101515018637;1.5820835094165964;0.8925829564603762
0931palmer_sem8_num46;140;1.3539873126379256;1.635796142455206;0.3979032229191464
0933palmer_sem8_num47;140;1.4191161444854083;1.821712013828664;0.4277320677700081
0935palmer_sem8_num48;140;1.1883873783331593;1.370139845289295;0.9836830166548294
0937palmer_sem8_num49;140;1.4153201214355722;1.52144040388045;0.746930241838853
0939palmer_sem8_num50;140;1.4772305507471264;1.6350634027344382;0.653180866843903
0941palmer_sem8_num51;140;1.5014638258285828;1.5610439676054653;0.6481882853712599
0943palmer_sem8_num52;140;1.1855424016422529;1.4405328685992431;0.8219795441291977
0945palmer_sem8_num53;140;1.0730819907695892;1.6512880638342533;0.4065431121651592
0947palmer_sem8_num54;140;1.1960734973191784;1.4549595317515405;0.6806607858026209
0949palmer_sem8_num55;140;1.4635077429195666;1.5099468164776957;0.9079090652106948
0951palmer_sem8_num56;140;1.3105256688737903;1.4009612052169071;0.8926562931581731
0953palmer_sem8_num57;140;1.4732489217339495;1.531562219068664;0.7860969065632575
0955palmer_sem8_num58;140;1.158468051778947;1.3687798483808924;1.1560646005421125
0957palmer_sem8_num59;140;1.1546543649965948;1.7912053327175754;0.3958570038084088
0959palmer_sem8_num60;140;1.1337428713395663;1.2396994938292436;1.1565426249354778
0961palmer_sem9_num1;155;1.504970928586287;1.7257655075017173;0.6780358533248516
0963palmer_sem9_num2;155;1.911349082695279;1.9281778407389152;0.7881016438477796
0965palmer_sem9_num3;155;1.4797021788878182;1.5397817236381182;0.9666756107448796
0967palmer_sem9_num4;155;1.357463674107875;1.2656058578076237;1.6528578349775622
0969palmer_sem9_num5;155;1.5464169672192216;1.5680951383313473;0.9773062139111698
0971palmer_sem9_num6;155;1.3367087189340934;1.4646116443613684;0.5817606981590258
0973palmer_sem9_num7;155;1.3375263243982098;1.722832672138627;0.2942704899081717
0975palmer_sem9_num8;155;1.2529412722104856;1.2899155768123554;1.2209950086984778
0977palmer_sem9_num9;155;1.4053487714338402;1.5273257020242892;0.6724453455820651
0979palmer_sem9_num10;155;1.077033661425049;1.3306059355327613;1.5420406996639917
0981palmer_sem9_num11;155;1.409011848857221;1.5072709019225066;1.0738362629883809
0983palmer_sem9_num12;155;1.2100621901611168;1.2371821931602394;1.30051035395436
0985palmer_sem9_num13;155;1.5013322139998089;1.6367971873318092;0.577337255504409
0987palmer_sem9_num14;155;1.1385243415530597;1.4875506658050512;0.8531659523534009
0989palmer_sem9_num15;155;1.3025382160514323;1.4357673554187744;0.6888574618647427
0991palmer_sem9_num16;155;1.3305110629392205;1.484955319307064;0.6674938723055553
0993palmer_sem9_num17;155;1.0739169325693787;1.2603958443990697;1.577487746279727
0995palmer_sem9_num18;155;1.4864185675449613;1.6703702542149983;0.642638608017455
0997palmer_sem9_num19;155;1.1947364265381326;1.4743268938356169;0.6207971249611042
0999palmer_sem9_num20;155;1.3748242966701578;1.5590569621476205;0.7548729832331798
1001palmer_sem9_num21;155;1.32442828315006;1.4150547111328562;1.1160073194579934
1003palmer_sem9_num22;155;1.696140794158723;1.6845665670101913;0.891615463313991
1005palmer_sem9_num23;155;1.2789906903158954;1.3930182539945302;1.0141200159422643
1007palmer_sem9_num24;155;1.4457037797892485;1.5582297974788781;0.5851408061822092
1009palmer_sem9_num25;155;1.5691604382659603;1.8334500036279269;0.5665172117905921
1011palmer_sem9_num26;155;1.3966479608847062;1.5046105835181085;0.7426968699371604
1013palmer_sem9_num27;155;1.5707389214986975;1.636405062334203;0.7018606134618267
1015palmer_sem9_num28;155;0.9988545671105328;1.604884161950359;0.32889378849533196
1017palmer_sem9_num29;155;1.2470781823319117;1.8666655681720967;0.3820674727460669
1019palmer_sem9_num30;155;1.3530255944281377;1.3580261383683627;1.0438558316199749
1021palmer_sem9_num31;155;1.505962397266344;1.5130688411399666;0.8778304819427667
1023palmer_sem9_num32;155;1.0769902815354824;1.5137878905380835;1.1230322609309298
1025palmer_sem9_num33;155;1.083809776190349;1.32288720869322;0.8011916662932268
1027palmer_sem9_num34;155;1.5729956230002808;1.8159662919141717;0.4846845796015967
1029palmer_sem9_num35;155;1.544156188506742;1.7668451025289356;0.5793763898516927
1031palmer_sem9_num36;155;1.266461919185618;1.5606697399791625;0.5143710367222716
1033palmer_sem9_num37;155;1.0956319647908206;1.4105291435017806;0.8957796483767841
1035palmer_sem9_num38;155;1.0203528322318252;1.8037210526496683;0.2922787201444947
1037palmer_sem9_num39;155;1.3595874413676343;1.5996579443089436;0.7523474341296525
1039palmer_sem9_num40;155;1.6818329495362483;1.9498535686804703;0.5777269310365731
1041palmer_sem9_num41;155;1.0704547329104308;1.5361595270421349;0.6425228024503284
1043palmer_sem9_num42;155;1.0212934281035941;1.6071592849829697;0.4712107015834053
1045palmer_sem9_num43;155;1.3028269477361696;1.4591849608261729;0.9874135335758027
1047palmer_sem9_num44;155;1.224554888198186;1.525983265744952;0.684528710592754
1049palmer_sem9_num45;155;1.0996799418215475;1.4808318405038865;0.9594336887550764
1051palmer_sem9_num46;155;1.234747729843278;1.5602609733814543;0.8630812542657862
1053palmer_sem9_num47;155;1.2877768676753356;1.5198169615625188;0.6410816465711021
1055palmer_sem9_num48;155;1.4981856113460632;1.4734702927233516;1.1034231636458358
1057palmer_sem9_num49;155;1.2545200051178833;1.2790797772803515;1.2505818984657326
1059palmer_sem9_num50;155;1.2244059181707212;1.6260297678630948;0.5060429859421661
1061palmer_sem9_num51;155;1.2441643522497894;1.382375174552525;1.108293637594198
1063palmer_sem9_num52;155;1.2216662933038964;1.7847850806703818;0.4743433406496237
1065palmer_sem9_num53;155;1.2752857148281629;1.6488135100716097;0.6517907617220917
1067palmer_sem9_num54;155;1.5051589415281907;1.6263444408553571;0.6897104099829252
1069palmer_sem9_num55;155;1.3974722506947943;1.7651438978839975;0.5228022899470972
1071palmer_sem9_num56;155;1.3389299655754991;1.700863191686042;0.7676505846582387
1073palmer_sem9_num57;155;1.8247652950854711;1.851992309867681;0.6847421840875619
1075palmer_sem9_num58;155;1.1306837569005983;1.602273470748293;0.7570512517860647
1077palmer_sem9_num59;155;1.059882538649426;1.5397422398939948;0.3851745751359849
1079palmer_sem9_num60;155;1.1125569413287786;1.5256215821353571;0.8733654034090088
1081palmer_sem10_num1;170;1.43970815173324;1.78766318227557;0.5438992236998121
1083palmer_sem10_num2;170;1.1487259797833471;1.7547073755010405;0.24851089982784136
1085palmer_sem10_num3;170;1.2461325249719415;1.482108308610148;0.4770488981858117
1087palmer_sem10_num4;170;1.3086779221141158;1.5168316951425302;0.4001846084079901
1089palmer_sem10_num5;170;1.3662415169993911;1.4900021249276545;0.7740559004246897
1091palmer_sem10_num6;170;1.6370104163180277;1.693223949715842;0.6524190865308684
1093palmer_sem10_num7;170;1.228388945172494;1.4622842219910297;0.8102625489132027
1095palmer_sem10_num8;170;1.3821426057884618;1.7189895791685903;0.3935101846442216
1097palmer_sem10_num9;170;1.3833135084322872;1.4215607512167203;0.894234301686385
1099palmer_sem10_num10;170;1.421455146972472;1.3762308719186476;1.352831269169445
1101palmer_sem10_num11;170;1.2663705743811773;1.4605237038735686;0.7362238718795063
1103palmer_sem10_num12;170;1.0926818643508214;1.402283034170095;1.4322289092798357
1105palmer_sem10_num13;170;1.4768188193642584;1.5326606740755224;0.7003554253076716
1107palmer_sem10_num14;170;1.435756566300271;1.9667385481872293;0.3624387510835089
1109palmer_sem10_num15;170;1.5351983431458196;1.934412852700352;0.6007014709517259
1111palmer_sem10_num16;170;1.3048215759195378;1.5569095576121024;0.9417514633984764
1113palmer_sem10_num17;170;1.548182747937696;1.8621051441725496;0.4239889872166687
1115palmer_sem10_num18;170;1.5413800215484068;1.6341626700141485;0.6114010702699733
1117palmer_sem10_num19;170;1.28933549761814;1.4687841521809988;0.5201881499111018
1119palmer_sem10_num20;170;1.2214537097796918;1.5667325713221598;0.4005704401934095
1121palmer_sem10_num21;170;1.0834165748902578;1.2693649367601645;1.6318909474464238
1123palmer_sem10_num22;170;1.39458668760783;1.4773999745613695;0.8874385980995771
1125palmer_sem10_num23;170;1.2609416088357674;1.5438982845986378;0.5279774636515802
1127palmer_sem10_num24;170;1.0987598902866726;1.5493109838870078;0.7111017470104075
1129palmer_sem10_num25;170;1.20669527571168;1.6594414766652863;0.5918697574131213
1131palmer_sem10_num26;170;1.47928149771481;2.1278754210747763;0.3861694092186287
1133palmer_sem10_num27;170;1.2431442421707837;1.5235106163925678;0.5955420085336871
1135palmer_sem10_num28;170;1.3110472220672984;1.6430720423020162;0.575532729533614
1137palmer_sem10_num29;170;1.2534128139556104;1.6289965070403984;0.6063734833835399
1139palmer_sem10_num30;170;1.143589500599094;1.4578855378851674;0.8733455169557209
1141palmer_sem10_num31;170;1.2294956501581629;1.7830952041225363;0.3591489451013513
1143palmer_sem10_num32;170;1.3897783000037602;1.6785986119309368;0.5321480256161613
1145palmer_sem10_num33;170;1.2199649648829105;1.4152737676733291;0.7280935363851496
1147palmer_sem10_num34;170;1.3235195660511778;1.4628148395122396;0.6894133461647336
1149palmer_sem10_num35;170;1.4659823807492334;1.8560439971310223;0.7828884878615556
1151palmer_sem10_num36;170;1.3533083356641755;1.3880304843259696;1.096779367646894
1153palmer_sem10_num37;170;1.2095058171917918;1.5923744349311375;0.6022686136006736
1155palmer_sem10_num38;170;1.26194382726694;1.5444648791542033;0.4543842284086971
1157palmer_sem10_num39;170;1.3174067217242749;1.4826065568680766;0.5606293034884057
1159palmer_sem10_num40;170;1.4151602487550643;1.6478261964885903;0.7591052567699862
1161palmer_sem10_num41;170;1.3613174504070589;1.6572011178502883;0.3608282895044741
1163palmer_sem10_num42;170;1.2745971577400992;1.2864047370266474;1.3399059344532285
1165palmer_sem10_num43;170;1.4191501517929583;1.977211503394796;0.4619573817076354
1167palmer_sem10_num44;170;1.2492410366360842;1.461493960589909;0.5476938648020001
1169palmer_sem10_num45;170;1.1591348307992368;1.3127399705919034;1.3142216355141043
1171palmer_sem10_num46;170;1.5495971065753862;1.8801285608711888;0.5631345463084961
1173palmer_sem10_num47;170;1.3285361843828098;1.3904975631204144;1.0630867880542494
1175palmer_sem10_num48;170;1.2298848117612071;1.3081608752572769;1.4071809682056002
1177palmer_sem10_num49;170;1.3067637295019594;1.4432931549468733;0.4836802715684432
1179palmer_sem10_num50;170;1.677980044040615;1.7929549365862356;0.4751160914024904
1181palmer_sem10_num51;170;1.3225548459185976;1.760439201304656;0.4681476604803599
1183palmer_sem10_num52;170;1.1852425545827658;1.4364113703553008;0.8781464325282748
1185palmer_sem10_num53;170;1.2480602668237997;1.595058372476731;0.8747860749087047
1187palmer_sem10_num54;170;1.2048584850413309;1.4319102735691551;1.236591636976894
1189palmer_sem10_num55;170;1.5490903809854657;1.5872229542349638;0.7964085682387045
1191palmer_sem10_num56;170;1.4178651336359895;1.7535968583134207;0.7713674683606045
1193palmer_sem10_num57;170;1.3758712984891683;1.5764798505749584;0.651641726403481
1195palmer_sem10_num58;170;1.3879193595066102;1.7516430202457343;0.5177635700263099
1197palmer_sem10_num59;170;1.2751429841300082;1.809012098707068;0.4385138558671443
1199palmer_sem10_num60;170;1.3162832591245344;1.4229684436095793;1.0859539397363986
1201palmer_sem11_num1;180;1.377788470721968;2.287006771975719;0.2757224950754645
1203palmer_sem11_num2;180;1.86291910679396;2.669787772408676;0.4852645945289665
1205palmer_sem11_num3;180;1.749033258156862;2.9149860902857214;0.2590782832649575
1207palmer_sem11_num4;180;1.9006046237805447;2.201696474658021;0.4219712884596585
1209palmer_sem11_num5;180;1.3063616311103885;2.3915362497098034;0.14069905868382004
1211palmer_sem11_num6;180;1.485516385166595;2.115056875576768;0.8443654688983241
1213palmer_sem11_num7;180;2.039869220141723;2.2164078563836593;0.5845542567070935
1215palmer_sem11_num8;180;1.7433537549603302;2.4239364963093037;0.2457549565823364
1217palmer_sem11_num9;180;1.3477579101238026;2.229241753580397;0.2388786076678605
1219palmer_sem11_num10;180;1.251758862934231;1.625497568614542;0.5540038766763473
1221palmer_sem11_num11;180;1.1087783575648682;1.6774157353734045;0.4498905545923201
1223palmer_sem11_num12;180;1.6785016249446092;3.351837808958884;0.09766215648023348
1225palmer_sem11_num13;180;1.5940814355550468;2.3262679929289067;0.6979035719603426
1227palmer_sem11_num14;180;1.6872183489678036;2.2039706701554667;0.3979926151521421
1229palmer_sem11_num15;180;1.268286914485607;2.1922747499830115;0.18512089663750572
1231palmer_sem11_num16;180;1.3267633144390176;1.9421434255800172;0.35901155171825794
1233palmer_sem11_num17;180;1.1431427653883102;1.9735654484599519;0.2623998325227588
1235palmer_sem11_num18;180;1.4056261429969688;2.9258682871842865;0.1850779925459321
1237palmer_sem11_num19;180;1.5033122603228757;1.9622223864787345;0.3527020705886245
1239palmer_sem11_num20;180;1.3806460707467467;1.94442999831035;0.5282801595845996
1241palmer_sem11_num21;180;1.6022865694501944;2.745215721761002;0.2627373019997921
1243palmer_sem11_num22;180;2.0065617598150265;2.3784876430597053;0.3768948655358912
1245palmer_sem11_num23;180;1.93418730613774;2.0368547562229877;0.5256664649428138
1247palmer_sem11_num24;180;1.4042660674817091;1.996617347393616;0.24177300720469475
1249palmer_sem11_num25;180;1.6928096975365865;2.521263206801965;0.3627768658223752
1251palmer_sem11_num26;180;1.3226163837365146;1.570691707949012;0.3571760886441173
1253palmer_sem11_num27;180;1.1366949946350555;1.8356676153570581;0.5160934655687827
1255palmer_sem11_num28;180;1.1314448316196453;1.5135795728730792;0.3863307954107635
1257palmer_sem11_num29;180;1.7728362988790871;2.1090584147912503;0.5367676325699285
1259palmer_sem11_num30;180;1.7560558335500651;2.5920703150217905;0.2688094837096977
1261palmer_sem12_num1;190;1.4395103992131617;2.6826628301342126;0.12800125769541956
1263palmer_sem12_num2;190;2.016126709541569;3.715331801748582;0.1559652379870797
1265palmer_sem12_num3;190;1.8315187875358276;2.7995016722040496;0.2883738644733035
1267palmer_sem12_num4;190;1.3278900288798954;3.709473182090514;0.11335667776601845
1269palmer_sem12_num5;190;1.9082062339634056;3.4677718013284107;0.1774551457299859
1271palmer_sem12_num6;190;1.699077419502513;3.3128773405487437;0.1243138718215452
1273palmer_sem12_num7;190;1.8842695550001745;3.11157922502526;0.19328351791313805
1275palmer_sem12_num8;190;2.2494316142818067;3.14837843657006;0.1930467953535656
1277palmer_sem12_num9;190;1.8188478142039508;3.632768773338016;0.1300294367587556
1279palmer_sem12_num10;190;1.9191504861527016;3.3719855916167667;0.09332876311503513
1281palmer_sem12_num11;190;1.4434013106691361;2.6602485809853187;0.16366309458706607
1283palmer_sem12_num12;190;1.6373168215450058;2.894270581298859;0.163164437938894
1285palmer_sem12_num13;190;2.069846153931405;3.2275728799611176;0.2538568282649799
1287palmer_sem12_num14;190;2.017335816212144;3.381083257916292;0.2076617207791468
1289palmer_sem12_num15;190;1.913258052575956;2.3950480373209007;0.2936469391422285
1291palmer_sem12_num16;190;1.7501381687019155;3.6989986614495978;0.12668340848511211
1293palmer_sem12_num17;190;1.9516576821330136;3.8059792631445744;0.18391069059094084
1295palmer_sem12_num18;190;1.7731004348342418;2.886112817663572;0.1756661632154329
1297palmer_sem12_num19;190;1.9906796670123903;3.5734672313277382;0.11963680860342495
1299palmer_sem12_num20;190;1.632937114749056;2.943197085227852;0.14297747014131448
1301palmer_sem12_num21;190;1.9629941816109304;3.9071185468662866;0.11958832110677943
1303palmer_sem12_num22;190;1.7889952864634109;3.4902559085989497;0.11344559798101897
1305palmer_sem12_num23;190;1.8239107966383192;3.7107656564323457;0.13796904736184432
1307palmer_sem12_num24;190;2.291482823481623;2.8054925475297194;0.23760102312043296
1309palmer_sem12_num25;190;1.6253782195565094;2.8853092412734966;0.14908613055982994
1311palmer_sem12_num26;190;1.7081407141937668;3.5103133905064268;0.20355382382668935
1313palmer_sem12_num27;190;1.5751791234690595;2.408672377618268;0.4015692726690734
1315palmer_sem12_num28;190;1.6154190954648793;3.1431381806422336;0.18615799520215048
1317palmer_sem12_num29;190;1.6243155219695131;2.7709120937698253;0.1946335376695332
1319palmer_sem12_num30;190;1.5186116856511316;2.8187862567746707;0.21542859453746932
