;area;height;width;diameter
0001palmer_sem1_num1lado1;1198861.0;1823.0;983.0;1235.4906854528454
0002palmer_sem1_num1lado2;1185155.0;1742.0;910.0;1228.4079992578206
0003palmer_sem1_num2lado1;1180145.0;1818.0;969.0;1225.8088278852779
0004palmer_sem1_num2lado2;1185295.0;1743.0;917.0;1228.4805518105952
0005palmer_sem1_num3lado1;1343310.0;1850.0;1065.0;1307.805571496846
0006palmer_sem1_num3lado2;1339910.0;1838.0;1043.0;1306.1494548427802
0007palmer_sem1_num4lado1;1302060.0;1852.0;1035.0;1287.5691366361132
0008palmer_sem1_num4lado2;1265283.0;1791.0;1005.0;1269.2550377607886
0009palmer_sem1_num5lado1;1378490.0;1863.0;1050.0;1324.8199802320219
0010palmer_sem1_num5lado2;1366294.0;1788.0;1030.0;1318.9463789458555
0011palmer_sem1_num6lado1;1189544.0;1562.0;1042.0;1230.6804869674518
0012palmer_sem1_num6lado2;1228904.0;1525.0;1049.0;1250.8753612903326
0013palmer_sem1_num7lado1;1221469.0;1790.0;977.0;1247.0856560269285
0014palmer_sem1_num7lado2;1211602.0;1745.0;951.0;1242.0384772140567
0015palmer_sem1_num8lado1;1244893.0;1811.0;981.0;1258.9864957830132
0016palmer_sem1_num8lado2;1238116.0;1762.0;956.0;1255.554957845064
0017palmer_sem1_num9lado1;1141101.0;1753.0;973.0;1205.3609076690843
0018palmer_sem1_num9lado2;1157747.0;1736.0;940.0;1214.1207778464632
0019palmer_sem1_num10lado1;1254983.0;1765.0;948.0;1264.0783138596946
0020palmer_sem1_num10lado2;1239873.0;1723.0;1033.0;1256.4455157504524
0021palmer_sem1_num11lado1;1163135.0;1783.0;951.0;1216.9426764911868
0022palmer_sem1_num11lado2;1172841.0;1719.0;911.0;1222.0096320760867
0023palmer_sem1_num12lado1;1392847.0;1931.0;1055.0;1331.7011226869704
0024palmer_sem1_num12lado2;1411064.0;1899.0;1012.0;1340.381469937636
0025palmer_sem1_num13lado1;1173009.0;1743.0;994.0;1222.0971504468246
0026palmer_sem1_num13lado2;1144639.0;1694.0;927.0;1207.2280808720911
0027palmer_sem1_num14lado1;1089644.0;1668.0;943.0;1177.8700397256914
0028palmer_sem1_num14lado2;1103340.0;1616.0;954.0;1185.249391178116
0029palmer_sem1_num15lado1;1202003.0;1718.0;985.0;1237.1086259865378
0030palmer_sem1_num15lado2;1199219.0;1668.0;979.0;1235.6751408026937
0031palmer_sem1_num16lado1;1183933.0;1742.0;965.0;1227.774537086079
0032palmer_sem1_num16lado2;1232311.0;1721.0;962.0;1252.6081177336082
0033palmer_sem1_num17lado1;1149952.0;1634.0;977.0;1210.026595140491
0034palmer_sem1_num17lado2;1140488.0;1578.0;994.0;1205.037103949881
0035palmer_sem1_num18lado1;1203148.0;1729.0;1012.0;1237.697706133861
0036palmer_sem1_num18lado2;1194234.0;1631.0;964.0;1233.1041944893595
0037palmer_sem1_num19lado1;1111202.0;1707.0;937.0;1189.464723557955
0038palmer_sem1_num19lado2;1111411.0;1673.0;913.0;1189.576578305765
0039palmer_sem1_num20lado1;1329041.0;1890.0;1011.0;1300.8410962813118
0040palmer_sem1_num20lado2;1315931.0;1821.0;987.0;1294.409281233292
0041palmer_sem1_num21lado1;1279054.0;1806.0;1061.0;1276.1434608427412
0042palmer_sem1_num21lado2;1282100.0;1722.0;1011.0;1277.6620915973645
0043palmer_sem1_num22lado1;1235342.0;1780.0;1013.0;1254.1476331246754
0044palmer_sem1_num22lado2;1295084.0;1791.0;993.0;1284.1153229183872
0045palmer_sem1_num23lado1;1317228.0;1826.0;1031.0;1295.04701807788
0046palmer_sem1_num23lado2;1309693.0;1761.0;999.0;1291.3376471948882
0047palmer_sem1_num24lado1;1397476.0;1900.0;1082.0;1333.9121807744002
0048palmer_sem1_num24lado2;1396017.0;1858.0;1030.0;1333.2156800467612
0049palmer_sem1_num25lado1;1448146.0;1976.0;1063.0;1357.8795063443763
0050palmer_sem1_num25lado2;1448418.0;1897.0;1016.0;1358.007023143185
0051palmer_sem1_num26lado1;1403267.0;1916.0;1072.0;1336.6731224281716
0052palmer_sem1_num26lado2;1398363.0;1859.0;1033.0;1334.3354411445782
0053palmer_sem1_num27lado1;1184999.0;1740.0;977.0;1228.3271499367027
0054palmer_sem1_num27lado2;1203467.0;1736.0;961.0;1237.8617754756756
0055palmer_sem1_num28lado1;1116987.0;1700.0;975.0;1192.5569249956561
0056palmer_sem1_num28lado2;1120002.0;1662.0;942.0;1194.1653305059865
0057palmer_sem1_num29lado1;1346488.0;1906.0;1020.0;1309.3516594526316
0058palmer_sem1_num29lado2;1346854.0;1845.0;985.0;1309.5296001941815
0059palmer_sem1_num30lado1;1246637.0;1805.0;1024.0;1259.8680590958757
0060palmer_sem1_num30lado2;1255673.0;1773.0;999.0;1264.4257664474558
0061palmer_sem1_num31lado1;1407827.0;1887.0;1093.0;1338.8431605478925
0062palmer_sem1_num31lado2;1399772.0;1839.0;1049.0;1335.0075145904716
0063palmer_sem1_num32lado1;1309135.0;1873.0;1012.0;1291.062528074015
0064palmer_sem1_num32lado2;1320140.0;1829.0;993.0;1296.4777100230754
0065palmer_sem1_num33lado1;1370877.0;1871.0;1055.0;1321.1566172743887
0066palmer_sem1_num33lado2;1360752.0;1801.0;1017.0;1316.268687228205
0067palmer_sem1_num34lado1;1209054.0;1775.0;981.0;1240.7317858909828
0068palmer_sem1_num34lado2;1211981.0;1754.0;950.0;1242.2327224267067
0069palmer_sem1_num35lado1;1339582.0;1886.0;1039.0;1305.989577223118
0070palmer_sem1_num35lado2;1345628.0;1833.0;1001.0;1308.9334521292087
0071palmer_sem1_num36lado1;1434620.0;1995.0;1043.0;1351.5231835480881
0072palmer_sem1_num36lado2;1407073.0;1907.0;1023.0;1338.4845856150678
0073palmer_sem1_num37lado1;1255975.0;1811.0;1008.0;1264.5778098633339
0074palmer_sem1_num37lado2;1277456.0;1765.0;1003.0;1275.3460298519778
0075palmer_sem1_num38lado1;1253567.0;1815.0;1045.0;1263.3649814582577
0076palmer_sem1_num38lado2;1251425.0;1774.0;985.0;1262.2851489541501
0077palmer_sem1_num39lado1;1203495.0;1815.0;997.0;1237.8761755082955
0078palmer_sem1_num39lado2;1201682.0;1713.0;987.0;1236.9434274033877
0079palmer_sem1_num40lado1;1106976.0;1737.0;926.0;1187.2007489353903
0080palmer_sem1_num40lado2;1109865.0;1720.0;915.0;1188.7489252644948
0081palmer_sem1_num41lado1;1188909.0;1744.0;977.0;1230.351963420036
0082palmer_sem1_num41lado2;1188168.0;1671.0;933.0;1229.9684887788342
0083palmer_sem1_num42lado1;1229163.0;1764.0;1005.0;1251.007169653838
0084palmer_sem1_num42lado2;1239486.0;1718.0;991.0;1256.249414067767
0085palmer_sem1_num43lado1;1231948.0;1750.0;1017.0;1252.4236146996727
0086palmer_sem1_num43lado2;1256359.0;1678.0;1003.0;1264.7711101950124
0087palmer_sem1_num44lado1;1495906.0;2054.0;1080.0;1380.0893718910374
0088palmer_sem1_num44lado2;1470993.0;1966.0;1043.0;1368.5490336953994
0089palmer_sem1_num45lado1;1182424.0;1718.0;988.0;1226.9918481570814
0090palmer_sem1_num45lado2;1180939.0;1640.0;981.0;1226.2211198311659
0091palmer_sem1_num46lado1;1139232.0;1762.0;959.0;1204.3733777478349
0092palmer_sem1_num46lado2;1142103.0;1696.0;930.0;1205.8900048348785
0093palmer_sem1_num47lado1;1386937.0;1883.0;1080.0;1328.8728435995495
0094palmer_sem1_num47lado2;1389083.0;1809.0;1038.0;1329.9005250466496
0095palmer_sem1_num48lado1;1189630.0;1790.0;997.0;1230.7249731777167
0096palmer_sem1_num48lado2;1197021.0;1713.0;967.0;1234.5422119467723
0097palmer_sem1_num49lado1;1476203.0;1929.0;1110.0;1370.970472204519
0098palmer_sem1_num49lado2;1487498.0;1897.0;1062.0;1376.2053903086069
0099palmer_sem1_num50lado1;1448918.0;1959.0;1039.0;1358.2413977929632
0100palmer_sem1_num50lado2;1446739.0;1891.0;1019.0;1357.2196969211009
0101palmer_sem1_num51lado1;1460686.0;2063.0;1086.0;1363.746009211769
0102palmer_sem1_num51lado2;1460855.0;2025.0;1014.0;1363.8248989969666
0103palmer_sem1_num52lado1;1302149.0;1927.0;975.0;1287.6131406355512
0104palmer_sem1_num52lado2;1313898.0;1892.0;961.0;1293.409019354837
0105palmer_sem1_num53lado1;1277566.0;1845.0;1002.0;1275.4009378266596
0106palmer_sem1_num53lado2;1276260.0;1768.0;971.0;1274.7488777652243
0107palmer_sem1_num54lado1;1399970.0;1886.0;1064.0;1335.101930731465
0108palmer_sem1_num54lado2;1388287.0;1795.0;1039.0;1329.5194274029036
0109palmer_sem1_num55lado1;1505826.0;1854.0;1078.0;1384.6577955185792
0110palmer_sem1_num55lado2;1528223.0;1770.0;1176.0;1394.9171863497147
0111palmer_sem1_num56lado1;1210484.0;1727.0;993.0;1241.465302402447
0112palmer_sem1_num56lado2;1208794.0;1693.0;956.0;1240.598372656758
0113palmer_sem1_num57lado1;1370069.0;1811.0;1074.0;1320.7672125759937
0114palmer_sem1_num57lado2;1373738.0;1728.0;1047.0;1322.5345158843277
0115palmer_sem1_num58lado1;1170326.0;1772.0;966.0;1220.6987111616543
0116palmer_sem1_num58lado2;1191383.0;1677.0;950.0;1231.631417480576
0117palmer_sem1_num59lado1;1442878.0;1903.0;1111.0;1355.4074397864217
0118palmer_sem1_num59lado2;1432881.0;1808.0;1077.0;1350.7037988025593
0119palmer_sem1_num60lado1;1324881.0;1912.0;1030.0;1298.8036346069666
0120palmer_sem1_num60lado2;1324936.0;1866.0;991.0;1298.8305930502358
0121palmer_sem2_num1lado1;2104192.0;2440.0;1282.0;1636.8080107683281
0122palmer_sem2_num1lado2;2132833.0;2415.0;1228.0;1647.9099847734801
0123palmer_sem2_num2lado1;2376413.0;2398.0;1437.0;1739.4662992489168
0124palmer_sem2_num2lado2;2334756.0;2302.0;1370.0;1724.1530287383687
0125palmer_sem2_num3lado1;2507958.0;2646.0;1369.0;1786.9614719223548
0126palmer_sem2_num3lado2;2479314.0;2544.0;1295.0;1776.727505448012
0127palmer_sem2_num4lado1;2163050.0;2404.0;1301.0;1659.5423457204681
0128palmer_sem2_num4lado2;2200848.0;2409.0;1291.0;1673.9793026054094
0129palmer_sem2_num5lado1;2673916.0;2582.0;1501.0;1845.1383662208284
0130palmer_sem2_num5lado2;2646227.0;2475.0;1401.0;1835.5600945613019
0131palmer_sem2_num6lado1;2327453.0;2560.0;1360.0;1721.454384557572
0132palmer_sem2_num6lado2;2351269.0;2509.0;1286.0;1730.239483744924
0133palmer_sem2_num7lado1;2433253.0;2515.0;1397.0;1760.1460001788116
0134palmer_sem2_num7lado2;2458787.0;2412.0;1371.0;1769.3571828437402
0135palmer_sem2_num8lado1;2475118.0;2545.0;1449.0;1775.2233987545924
0136palmer_sem2_num8lado2;2399713.0;2397.0;1315.0;1747.9729653558866
0137palmer_sem2_num9lado1;2440146.0;2483.0;1399.0;1762.637337096695
0138palmer_sem2_num9lado2;2498514.0;2404.0;1351.0;1783.5937956481096
0139palmer_sem2_num10lado1;2314465.0;2432.0;1360.0;1716.6445068520939
0140palmer_sem2_num10lado2;2325375.0;2269.0;1337.0;1720.6857372392349
0141palmer_sem2_num11lado1;2597172.0;2566.0;1455.0;1818.4669628230565
0142palmer_sem2_num11lado2;2613640.0;2400.0;1437.0;1824.2230685148158
0143palmer_sem2_num12lado1;2405797.0;2500.0;1385.0;1750.1873833979093
0144palmer_sem2_num12lado2;2355297.0;2464.0;1292.0;1731.720901299079
0145palmer_sem2_num13lado1;2467520.0;2562.0;1435.0;1772.496556110874
0146palmer_sem2_num13lado2;2461780.0;2426.0;1330.0;1770.433745283378
0147palmer_sem2_num14lado1;2733959.0;2614.0;1515.0;1865.7397225992163
0148palmer_sem2_num14lado2;2736538.0;2436.0;1497.0;1866.6195105780055
0149palmer_sem2_num15lado1;2516481.0;2537.0;1468.0;1789.9952856850452
0150palmer_sem2_num15lado2;2513572.0;2433.0;1385.0;1788.960387750118
0151palmer_sem2_num16lado1;2252144.0;2518.0;1374.0;1693.3749736068585
0152palmer_sem2_num16lado2;2251312.0;2319.0;1352.0;1693.0621565485446
0153palmer_sem2_num17lado1;2458530.0;2463.0;1421.0;1769.2647110926448
0154palmer_sem2_num17lado2;2458235.0;2351.0;1373.0;1769.1585605174123
0155palmer_sem2_num18lado1;2702712.0;2533.0;1503.0;1855.047114342453
0156palmer_sem2_num18lado2;2665269.0;2299.0;1487.0;1842.15251490118
0157palmer_sem2_num19lado1;2594469.0;2534.0;1448.0;1817.520434105073
0158palmer_sem2_num19lado2;2560194.0;2300.0;1482.0;1805.4750740438637
0159palmer_sem2_num20lado1;2423499.0;2521.0;1433.0;1756.6145745228582
0160palmer_sem2_num20lado2;2432827.0;2377.0;1375.0;1759.9919152937641
0161palmer_sem2_num21lado1;2409669.0;2457.0;1426.0;1751.595233072537
0162palmer_sem2_num21lado2;2461505.0;2270.0;1435.0;1770.3348569023112
0163palmer_sem2_num22lado1;2845070.0;2710.0;1525.0;1903.274975283306
0164palmer_sem2_num22lado2;2814847.0;2562.0;1442.0;1893.1387991320496
0165palmer_sem2_num23lado1;2642538.0;2504.0;1554.0;1834.2802076196995
0166palmer_sem2_num23lado2;2667221.0;2320.0;1487.0;1842.8269728186815
0167palmer_sem2_num24lado1;2669387.0;2534.0;1488.0;1843.5750835271022
0168palmer_sem2_num24lado2;2666624.0;2364.0;1437.0;1842.620722704447
0169palmer_sem2_num25lado1;2610228.0;2639.0;1407.0;1823.0319553905176
0170palmer_sem2_num25lado2;2596073.0;2513.0;1399.0;1818.0821776309365
0171palmer_sem2_num26lado1;2561213.0;2458.0;1467.0;1805.8343429256684
0172palmer_sem2_num26lado2;2528688.0;2331.0;1421.0;1794.3315072464368
0173palmer_sem2_num27lado1;2328571.0;2462.0;1401.0;1721.8677881659505
0174palmer_sem2_num27lado2;2404426.0;2412.0;1359.0;1749.6886196090402
0175palmer_sem2_num28lado1;2363150.0;2545.0;1358.0;1734.605439326448
0176palmer_sem2_num28lado2;2361467.0;2361.0;1389.0;1733.9876493179272
0177palmer_sem2_num29lado1;2408693.0;2504.0;1399.0;1751.240468561292
0178palmer_sem2_num29lado2;2420568.0;2382.0;1351.0;1755.552020966768
0179palmer_sem2_num30lado1;2554010.0;2601.0;1467.0;1803.2932456062306
0180palmer_sem2_num30lado2;2503954.0;2476.0;1404.0;1785.5344440804802
0181palmer_sem2_num31lado1;2688249.0;2678.0;1466.0;1850.077007287739
0182palmer_sem2_num31lado2;2666330.0;2598.0;1396.0;1842.5191438120003
0183palmer_sem2_num32lado1;2610701.0;2463.0;1519.0;1823.1971239225982
0184palmer_sem2_num32lado2;2617986.0;2270.0;1556.0;1825.7391113636772
0185palmer_sem2_num33lado1;2585104.0;2494.0;1450.0;1814.2372061152996
0186palmer_sem2_num33lado2;2675750.0;2300.0;1628.0;1845.7710345070193
0187palmer_sem2_num34lado1;2556014.0;2563.0;1415.0;1804.0005825100784
0188palmer_sem2_num34lado2;2547296.0;2426.0;1394.0;1800.9214306420204
0189palmer_sem2_num35lado1;3018581.0;2694.0;1599.0;1960.4531869407676
0190palmer_sem2_num35lado2;3011559.0;2468.0;1630.0;1958.171598737731
0191palmer_sem2_num36lado1;2664212.0;2568.0;1466.0;1841.7871956222189
0192palmer_sem2_num36lado2;2673712.0;2463.0;1416.0;1845.0679796779689
0193palmer_sem2_num37lado1;2547289.0;2498.0;1472.0;1800.9189561634605
0194palmer_sem2_num37lado2;2601939.0;2336.0;1470.0;1820.1350575681643
0195palmer_sem2_num38lado1;2271307.0;2515.0;1338.0;1700.5639919255577
0196palmer_sem2_num38lado2;2279048.0;2427.0;1262.0;1703.4594324343575
0197palmer_sem2_num39lado1;2648769.0;2729.0;1396.0;1836.4415143610242
0198palmer_sem2_num39lado2;2684343.0;2633.0;1363.0;1848.732446632833
0199palmer_sem2_num40lado1;2524398.0;2601.0;1446.0;1792.8087907666995
0200palmer_sem2_num40lado2;2506612.0;2465.0;1329.0;1786.4818839573202
0201palmer_sem2_num41lado1;2957335.0;2746.0;1567.0;1940.4627976411614
0202palmer_sem2_num41lado2;2934600.0;2572.0;1501.0;1932.9895933449327
0203palmer_sem2_num42lado1;2546667.0;2586.0;1470.0;1800.6990674935284
0204palmer_sem2_num42lado2;2596002.0;2363.0;1457.0;1818.05731609638
0205palmer_sem2_num43lado1;2978314.0;2809.0;1552.0;1947.3333462554276
0206palmer_sem2_num43lado2;2948395.0;2663.0;1494.0;1937.5275759326446
0207palmer_sem2_num44lado1;2582682.0;2545.0;1474.0;1813.387121900809
0208palmer_sem2_num44lado2;2565780.0;2415.0;1402.0;1807.4436530886892
0209palmer_sem2_num45lado1;2595320.0;2622.0;1429.0;1817.8184879800465
0210palmer_sem2_num45lado2;2580490.0;2502.0;1369.0;1812.617420415472
0211palmer_sem2_num46lado1;2991197.0;2732.0;1606.0;1951.540495734891
0212palmer_sem2_num46lado2;3006511.0;2599.0;1534.0;1956.5297587517698
0213palmer_sem2_num47lado1;3039725.0;2769.0;1581.0;1967.3073158813017
0214palmer_sem2_num47lado2;3004887.0;2664.0;1487.0;1956.0012668351237
0215palmer_sem2_num48lado1;2460935.0;2515.0;1391.0;1770.1298706656605
0216palmer_sem2_num48lado2;2463313.0;2443.0;1359.0;1770.9849018724603
0217palmer_sem2_num49lado1;2888627.0;2645.0;1542.0;1917.7888638715417
0218palmer_sem2_num49lado2;2922201.0;2496.0;1553.0;1928.9017265958983
0219palmer_sem2_num50lado1;2511978.0;2560.0;1418.0;1788.393056658615
0220palmer_sem2_num50lado2;2488359.0;2390.0;1367.0;1779.965471658831
0221palmer_sem2_num51lado1;2613272.0;2640.0;1414.0;1824.0946388685945
0222palmer_sem2_num51lado2;2646444.0;2489.0;1401.0;1835.6353542376282
0223palmer_sem2_num52lado1;2403683.0;2394.0;1399.0;1749.4182600532242
0224palmer_sem2_num52lado2;2421049.0;2242.0;1400.0;1755.7264384127502
0225palmer_sem2_num53lado1;2456785.0;2473.0;1423.0;1768.6367108346974
0226palmer_sem2_num53lado2;2468765.0;2360.0;1386.0;1772.943660880995
0227palmer_sem2_num54lado1;2591605.0;2603.0;1467.0;1816.5169887268798
0228palmer_sem2_num54lado2;2590725.0;2384.0;1516.0;1816.208556177953
0229palmer_sem2_num55lado1;2699523.0;2730.0;1463.0;1853.952382215385
0230palmer_sem2_num55lado2;2705287.0;2548.0;1410.0;1855.9305989874606
0231palmer_sem2_num56lado1;2750870.0;2561.0;1518.0;1871.5011264825937
0232palmer_sem2_num56lado2;2741077.0;2402.0;1485.0;1868.1669174792776
0233palmer_sem2_num57lado1;2967131.0;2766.0;1643.0;1943.673975647559
0234palmer_sem2_num57lado2;3034700.0;2600.0;1628.0;1965.6805555348506
0235palmer_sem2_num58lado1;2587091.0;2575.0;1452.0;1814.9343147972152
0236palmer_sem2_num58lado2;2618310.0;2438.0;1422.0;1825.8520839256187
0237palmer_sem2_num59lado1;2766830.0;2575.0;1588.0;1876.9223131391427
0238palmer_sem2_num59lado2;2739703.0;2366.0;1518.0;1867.6986374759606
0239palmer_sem2_num60lado1;2864743.0;2706.0;1586.0;1909.8439918232182
0240palmer_sem2_num60lado2;2884110.0;2487.0;1540.0;1916.28883610121
0241palmer_sem3_num1lado1;3653231.0;2948.0;1656.0;2156.7193084062615
0242palmer_sem3_num1lado2;3600675.0;2900.0;1605.0;2141.1496439388075
0243palmer_sem3_num2lado1;3331241.0;2959.0;1630.0;2059.48240445096
0244palmer_sem3_num2lado2;3316543.0;2958.0;1595.0;2054.9339890649994
0245palmer_sem3_num3lado1;3357294.0;2947.0;1649.0;2067.5201290681775
0246palmer_sem3_num3lado2;3374907.0;2884.0;1609.0;2072.9363357815682
0247palmer_sem3_num4lado1;3725144.0;2910.0;1727.0;2177.8431189213156
0248palmer_sem3_num4lado2;3713539.0;2863.0;1711.0;2174.4481381988103
0249palmer_sem3_num5lado1;3595127.0;2938.0;1732.0;2139.4994425671375
0250palmer_sem3_num5lado2;3653138.0;2882.0;1689.0;2156.69185651885
0251palmer_sem3_num6lado1;3671287.0;3114.0;1665.0;2162.042503854196
0252palmer_sem3_num6lado2;3653243.0;3034.0;1642.0;2156.7228505598305
0253palmer_sem3_num7lado1;3991794.0;3147.0;1816.0;2254.4422758714745
0254palmer_sem3_num7lado2;4002049.0;3115.0;1804.0;2257.336272416632
0255palmer_sem3_num8lado1;3803384.0;3045.0;1731.0;2200.59512691749
0256palmer_sem3_num8lado2;3805896.0;2960.0;1697.0;2201.321714413724
0257palmer_sem3_num9lado1;3514033.0;2939.0;1673.0;2115.2318494917613
0258palmer_sem3_num9lado2;3571376.0;2877.0;1647.0;2132.420491441143
0259palmer_sem3_num10lado1;3582552.0;2981.0;1668.0;2135.754404764285
0260palmer_sem3_num10lado2;3593606.0;2904.0;1633.0;2139.0468128111524
0261palmer_sem3_num11lado1;3704012.0;2968.0;1774.0;2171.657098294659
0262palmer_sem3_num11lado2;3738330.0;2894.0;1733.0;2181.6942011358515
0263palmer_sem3_num12lado1;3822783.0;3082.0;1785.0;2206.200010547847
0264palmer_sem3_num12lado2;3839914.0;2929.0;1725.0;2211.137796063868
0265palmer_sem3_num13lado1;3914051.0;3115.0;1790.0;2232.3809068593578
0266palmer_sem3_num13lado2;3905898.0;3004.0;1743.0;2230.0546610569845
0267palmer_sem3_num14lado1;3555000.0;2942.0;1750.0;2127.5259296970985
0268palmer_sem3_num14lado2;3534833.0;2824.0;1671.0;2121.482773824673
0269palmer_sem3_num15lado1;3855295.0;3143.0;1813.0;2215.5617911987356
0270palmer_sem3_num15lado2;3883718.0;2981.0;1783.0;2223.71386158376
0271palmer_sem3_num16lado1;3761938.0;3151.0;1724.0;2188.5721889948954
0272palmer_sem3_num16lado2;3769634.0;3118.0;1639.0;2190.8096854766254
0273palmer_sem3_num17lado1;3693086.0;2988.0;1697.0;2168.4517834869657
0274palmer_sem3_num17lado2;3716986.0;2941.0;1659.0;2175.457092757054
0275palmer_sem3_num18lado1;3836127.0;3203.0;1703.0;2210.047192940971
0276palmer_sem3_num18lado2;3768337.0;3114.0;1641.0;2190.432762330008
0277palmer_sem3_num19lado1;3913598.0;3056.0;1783.0;2232.2517187352423
0278palmer_sem3_num19lado2;3880547.0;2971.0;1701.0;2222.805860979182
0279palmer_sem3_num20lado1;3589195.0;2855.0;1681.0;2137.733614781253
0280palmer_sem3_num20lado2;3579283.0;2783.0;1655.0;2134.7797678913644
0281palmer_sem3_num21lado1;3883878.0;3283.0;1705.0;2223.7596669889745
0282palmer_sem3_num21lado2;3862796.0;3218.0;1678.0;2217.716082018798
0283palmer_sem3_num22lado1;3954431.0;3128.0;1754.0;2243.8667353759256
0284palmer_sem3_num22lado2;3898466.0;3014.0;1706.0;2227.9320175906423
0285palmer_sem3_num23lado1;4226711.0;3133.0;1849.0;2319.830939824518
0286palmer_sem3_num23lado2;4290565.0;3049.0;1835.0;2337.2883919740466
0287palmer_sem3_num24lado1;4036032.0;3200.0;1871.0;2266.899985931569
0288palmer_sem3_num24lado2;4036768.0;3103.0;1839.0;2267.1066694184183
0289palmer_sem3_num25lado1;3310453.0;2869.0;1608.0;2053.0464365394064
0290palmer_sem3_num25lado2;3343851.0;2775.0;1578.0;2063.3766803233525
0291palmer_sem3_num26lado1;3939146.0;3060.0;1813.0;2239.5259453030094
0292palmer_sem3_num26lado2;3941022.0;2979.0;1770.0;2240.0591637435073
0293palmer_sem3_num27lado1;3478289.0;2943.0;1655.0;2104.4465074734794
0294palmer_sem3_num27lado2;3600457.0;2861.0;1671.0;2141.0848258578008
0295palmer_sem3_num28lado1;3764796.0;3006.0;1724.0;2189.4033765071163
0296palmer_sem3_num28lado2;3802674.0;2912.0;1675.0;2200.3897183308777
0297palmer_sem3_num29lado1;3802095.0;3067.0;1739.0;2200.2221948793804
0298palmer_sem3_num29lado2;3831781.0;3032.0;1713.0;2208.794942036233
0299palmer_sem3_num30lado1;3544735.0;2935.0;1679.0;2124.452112335507
0300palmer_sem3_num30lado2;3583013.0;2886.0;1647.0;2135.8918139503626
0301palmer_sem3_num31lado1;3865825.0;3033.0;1761.0;2218.585419366541
0302palmer_sem3_num31lado2;3893233.0;3023.0;1740.0;2226.436213428966
0303palmer_sem3_num32lado1;3537230.0;3010.0;1642.0;2122.201949585279
0304palmer_sem3_num32lado2;3543559.0;2953.0;1615.0;2124.099679370577
0305palmer_sem3_num33lado1;3612406.0;2982.0;1634.0;2144.6347406583177
0306palmer_sem3_num33lado2;3589908.0;2824.0;1598.0;2137.9459365384146
0307palmer_sem3_num34lado1;3867063.0;3040.0;1789.0;2218.9406331811115
0308palmer_sem3_num34lado2;3924323.0;2974.0;1748.0;2235.3083075749814
0309palmer_sem3_num35lado1;3837856.0;3194.0;1743.0;2210.545187549694
0310palmer_sem3_num35lado2;3830006.0;3103.0;1649.0;2208.2832915577073
0311palmer_sem3_num36lado1;3750810.0;3043.0;1695.0;2185.332838903057
0312palmer_sem3_num36lado2;3737625.0;2892.0;1667.0;2181.488471982092
0313palmer_sem3_num37lado1;3529858.0;2904.0;1636.0;2119.989337921248
0314palmer_sem3_num37lado2;3484050.0;2828.0;1613.0;2106.1885565719285
0315palmer_sem3_num38lado1;3375720.0;2829.0;1583.0;2073.186001292065
0316palmer_sem3_num38lado2;3434923.0;2825.0;1591.0;2091.286636671391
0317palmer_sem3_num39lado1;3171673.0;2835.0;1617.0;2009.5520611740337
0318palmer_sem3_num39lado2;3227405.0;2717.0;1569.0;2027.1308968283197
0319palmer_sem3_num40lado1;3801911.0;2965.0;1747.0;2200.1689550495
0320palmer_sem3_num40lado2;3830629.0;2851.0;1710.0;2208.4628871704663
0321palmer_sem3_num41lado1;3643416.0;2865.0;1724.0;2153.820171026543
0322palmer_sem3_num41lado2;3638286.0;2807.0;1713.0;2152.3033267307646
0323palmer_sem3_num42lado1;3522615.0;2930.0;1674.0;2117.813192629901
0324palmer_sem3_num42lado2;3539041.0;2831.0;1685.0;2122.745145239785
0325palmer_sem3_num43lado1;3272333.0;2835.0;1632.0;2041.1917546232273
0326palmer_sem3_num43lado2;3234226.0;2742.0;1580.0;2029.2718989358293
0327palmer_sem3_num44lado1;3798650.0;3035.0;1750.0;2199.2251809690215
0328palmer_sem3_num44lado2;3768661.0;2822.0;1686.0;2190.5269265410006
0329palmer_sem3_num45lado1;3522318.0;2885.0;1765.0;2117.7239118290345
0330palmer_sem3_num45lado2;3494323.0;2771.0;1694.0;2109.291403689307
0331palmer_sem3_num46lado1;3508759.0;3016.0;1675.0;2113.6439415723275
0332palmer_sem3_num46lado2;3514284.0;2940.0;1597.0;2115.307391428032
0333palmer_sem3_num47lado1;3406537.0;2914.0;1718.0;2082.6275756849777
0334palmer_sem3_num47lado2;3420186.0;2794.0;1683.0;2086.795645373446
0335palmer_sem3_num48lado1;3573028.0;2993.0;1666.0;2132.9136278916662
0336palmer_sem3_num48lado2;3560667.0;2917.0;1616.0;2129.220991356585
0337palmer_sem3_num49lado1;3539455.0;2838.0;1688.0;2122.869301867309
0338palmer_sem3_num49lado2;3518584.0;2806.0;1683.0;2116.601117422087
0339palmer_sem3_num50lado1;3195885.0;2769.0;1603.0;2017.2077638225408
0340palmer_sem3_num50lado2;3208859.0;2724.0;1546.0;2021.2981403739848
0341palmer_sem3_num51lado1;3320971.0;2989.0;1542.0;2056.3053285246037
0342palmer_sem3_num51lado2;3294119.0;2893.0;1506.0;2047.9752380982172
0343palmer_sem3_num52lado1;3772854.0;2961.0;1772.0;2191.745174355869
0344palmer_sem3_num52lado2;3769546.0;2890.0;1736.0;2190.784113713228
0345palmer_sem3_num53lado1;3637097.0;2953.0;1700.0;2151.9516092230388
0346palmer_sem3_num53lado2;3666551.0;2920.0;1647.0;2160.6475246990785
0347palmer_sem3_num54lado1;3679381.0;2826.0;1724.0;2164.4244937967246
0348palmer_sem3_num54lado2;3679958.0;2786.0;1710.0;2164.594199512814
0349palmer_sem3_num55lado1;3543136.0;3012.0;1695.0;2123.972897090442
0350palmer_sem3_num55lado2;3578194.0;2901.0;1655.0;2134.454988875167
0351palmer_sem3_num56lado1;3572088.0;2967.0;1704.0;2132.6330436514245
0352palmer_sem3_num56lado2;3595784.0;2895.0;1655.0;2139.6949275833654
0353palmer_sem3_num57lado1;3691649.0;3025.0;1718.0;2168.02986420437
0354palmer_sem3_num57lado2;3691916.0;2918.0;1661.0;2168.1082646031455
0355palmer_sem3_num58lado1;3432602.0;3052.0;1563.0;2090.5799692279197
0356palmer_sem3_num58lado2;3578576.0;3092.0;1606.0;2134.5689206582624
0357palmer_sem3_num59lado1;3872546.0;3104.0;1743.0;2220.5131627635033
0358palmer_sem3_num59lado2;3878066.0;2960.0;1716.0;2222.0951798455694
0359palmer_sem3_num60lado1;3671587.0;3055.0;1677.0;2162.130837931771
0360palmer_sem3_num60lado2;3634951.0;2905.0;1613.0;2151.3166564628796
0361palmer_sem4_num1lado1;5262501.0;3403.0;1981.0;2588.5177954590804
0362palmer_sem4_num1lado2;5374399.0;3459.0;2011.0;2615.8932195303987
0363palmer_sem4_num2lado1;4564122.0;3186.0;1903.0;2410.6473440542354
0364palmer_sem4_num2lado2;4595862.0;3229.0;1955.0;2419.0149318566914
0365palmer_sem4_num3lado1;4746340.0;3340.0;1967.0;2458.297740461536
0366palmer_sem4_num3lado2;4673096.0;3281.0;1926.0;2439.2561619361977
0367palmer_sem4_num4lado1;4900321.0;3259.0;1946.0;2497.8555761084663
0368palmer_sem4_num4lado2;4880021.0;3337.0;1985.0;2492.6764162919408
0369palmer_sem4_num5lado1;4879839.0;3388.0;1937.0;2492.62993377294
0370palmer_sem4_num5lado2;4849587.0;3342.0;1939.0;2484.8915356678176
0371palmer_sem4_num6lado1;4617438.0;3285.0;1929.0;2424.6865069453497
0372palmer_sem4_num6lado2;4697030.0;3308.0;1930.0;2445.4947022652495
0373palmer_sem4_num7lado1;4604397.0;3220.0;1853.0;2421.2600727844065
0374palmer_sem4_num7lado2;4566688.0;3309.0;1895.0;2411.3248951701908
0375palmer_sem4_num8lado1;4625470.0;3331.0;1923.0;2426.79445297416
0376palmer_sem4_num8lado2;4668205.0;3365.0;1930.0;2437.979329061346
0377palmer_sem4_num9lado1;4808933.0;3194.0;1947.0;2474.454215293122
0378palmer_sem4_num9lado2;4864581.0;3285.0;1912.0;2488.729976869191
0379palmer_sem4_num10lado1;4389210.0;3275.0;1827.0;2364.004175577324
0380palmer_sem4_num10lado2;4427005.0;3307.0;1845.0;2374.160447556207
0381palmer_sem4_num11lado1;4713103.0;3218.0;1953.0;2449.675308690915
0382palmer_sem4_num11lado2;4776407.0;3241.0;1976.0;2466.0718306954977
0383palmer_sem4_num12lado1;4371705.0;3135.0;1839.0;2359.2854180697245
0384palmer_sem4_num12lado2;4420608.0;3151.0;1852.0;2372.444502485278
0385palmer_sem4_num13lado1;4637414.0;3268.0;1893.0;2429.9256964171705
0386palmer_sem4_num13lado2;4608824.0;3216.0;1897.0;2422.4237803333444
0387palmer_sem4_num14lado1;4430756.0;3182.0;1912.0;2375.166047305449
0388palmer_sem4_num14lado2;4245249.0;3159.0;1834.0;2324.9126658968084
0389palmer_sem4_num15lado1;4548005.0;3331.0;1873.0;2406.3872954396275
0390palmer_sem4_num15lado2;4618448.0;3315.0;1886.0;2424.951675580984
0391palmer_sem4_num16lado1;4478759.0;3204.0;1878.0;2387.9977115019424
0392palmer_sem4_num16lado2;4457516.0;3209.0;1866.0;2382.32777813837
0393palmer_sem4_num17lado1;4250108.0;3101.0;1844.0;2326.2428022446998
0394palmer_sem4_num17lado2;4227838.0;3156.0;1847.0;2320.140196267032
0395palmer_sem4_num18lado1;4621998.0;3235.0;1873.0;2425.8834739712524
0396palmer_sem4_num18lado2;4653234.0;3314.0;1898.0;2434.066872480331
0397palmer_sem4_num19lado1;4382871.0;3121.0;1877.0;2362.2964836516494
0398palmer_sem4_num19lado2;4439223.0;3131.0;1881.0;2377.434388473815
0399palmer_sem4_num20lado1;4904931.0;3315.0;1942.0;2499.0302345904875
0400palmer_sem4_num20lado2;4816484.0;3361.0;1920.0;2476.3961507368313
0401palmer_sem4_num21lado1;4882045.0;3242.0;2009.0;2493.193284359754
0402palmer_sem4_num21lado2;4862866.0;3269.0;2009.0;2488.2912393745432
0403palmer_sem4_num22lado1;4442777.0;3165.0;1868.0;2378.3858738312106
0404palmer_sem4_num22lado2;4521602.0;3212.0;1914.0;2399.392104670181
0405palmer_sem4_num23lado1;5211604.0;3489.0;2000.0;2575.9697793840583
0406palmer_sem4_num23lado2;5002273.0;3343.0;2002.0;2523.7059648780396
0407palmer_sem4_num24lado1;4916948.0;3309.0;1991.0;2502.0896532711354
0408palmer_sem4_num24lado2;4268128.0;3266.0;1788.0;2331.169095452194
0409palmer_sem4_num25lado1;4265972.0;3256.0;1785.0;2330.5802382953802
0410palmer_sem4_num25lado2;4309916.0;3294.0;1853.0;2342.5531980484016
0411palmer_sem4_num26lado1;4268947.0;3123.0;1851.0;2331.3927457162895
0412palmer_sem4_num26lado2;4281707.0;3098.0;1852.0;2334.8744444550675
0413palmer_sem4_num27lado1;4040317.0;2965.0;1771.0;2268.1030350638257
0414palmer_sem4_num27lado2;4013663.0;2952.0;1752.0;2260.6093096420636
0415palmer_sem4_num28lado1;4479757.0;3188.0;1957.0;2388.263754949222
0416palmer_sem4_num28lado2;4544855.0;3255.0;1989.0;2405.5538054858234
0417palmer_sem4_num29lado1;4313472.0;3142.0;1841.0;2343.5193887629503
0418palmer_sem4_num29lado2;4347226.0;3160.0;1854.0;2352.6708339886527
0419palmer_sem4_num30lado1;4819379.0;3290.0;1963.0;2477.140271334307
0420palmer_sem4_num30lado2;4833213.0;3311.0;1956.0;2480.693032144056
0421palmer_sem4_num31lado1;4082536.0;3051.0;1795.0;2279.922428067436
0422palmer_sem4_num31lado2;4007354.0;3045.0;1754.0;2258.831906661634
0423palmer_sem4_num32lado1;4646682.0;3166.0;1906.0;2432.352621272063
0424palmer_sem4_num32lado2;4619180.0;3170.0;1896.0;2425.143839084554
0425palmer_sem4_num33lado1;4395182.0;3090.0;1854.0;2365.6118719494502
0426palmer_sem4_num33lado2;4489571.0;3119.0;1853.0;2390.8783607904834
0427palmer_sem4_num34lado1;4391466.0;3017.0;1844.0;2364.6116320782885
0428palmer_sem4_num34lado2;4475186.0;3072.0;1879.0;2387.04499020131
0429palmer_sem4_num35lado1;4589451.0;3210.0;1922.0;2417.3271400090507
0430palmer_sem4_num35lado2;4576463.0;3186.0;1892.0;2413.9042372507897
0431palmer_sem4_num36lado1;4742738.0;3195.0;1916.0;2457.364761674212
0432palmer_sem4_num36lado2;4755159.0;3203.0;1942.0;2460.5805169315863
0433palmer_sem4_num37lado1;4308920.0;3115.0;1850.0;2342.2825062532993
0434palmer_sem4_num37lado2;4292111.0;3108.0;1824.0;2337.7094463582903
0435palmer_sem4_num38lado1;5135337.0;3446.0;2023.0;2557.051846158313
0436palmer_sem4_num38lado2;5121665.0;3443.0;2008.0;2553.645710134046
0437palmer_sem4_num39lado1;4508380.0;3294.0;1864.0;2395.8814033029917
0438palmer_sem4_num39lado2;4530309.0;3294.0;1848.0;2401.701182218473
0439palmer_sem4_num40lado1;4693525.0;3272.0;1932.0;2444.582098069751
0440palmer_sem4_num40lado2;4596765.0;3248.0;1954.0;2419.2525655364157
0441palmer_sem4_num41lado1;4685975.0;3201.0;1934.0;2442.6151304780606
0442palmer_sem4_num41lado2;4674427.0;3217.0;1952.0;2439.603513970611
0443palmer_sem4_num42lado1;4394148.0;3233.0;1857.0;2365.3335914874515
0444palmer_sem4_num42lado2;4420843.0;3213.0;1847.0;2372.5075613505705
0445palmer_sem4_num43lado1;4578532.0;3199.0;1910.0;2414.4498336547344
0446palmer_sem4_num43lado2;4645612.0;3225.0;1918.0;2432.0725539950918
0447palmer_sem4_num44lado1;4610110.0;3374.0;1837.0;2422.761721172559
0448palmer_sem4_num44lado2;4643505.0;3398.0;1820.0;2431.520962725893
0449palmer_sem4_num45lado1;4652955.0;3271.0;1920.0;2433.9939001306475
0450palmer_sem4_num45lado2;4725825.0;3281.0;1925.0;2452.979264384037
0451palmer_sem4_num46lado1;5090072.0;3424.0;1988.0;2545.757442481353
0452palmer_sem4_num46lado2;4883276.0;3357.0;1970.0;2493.5075919387423
0453palmer_sem4_num47lado1;4758805.0;3391.0;1900.0;2461.523656535402
0454palmer_sem4_num47lado2;4636667.0;3292.0;1860.0;2429.729980917335
0455palmer_sem4_num48lado1;4400377.0;3156.0;1849.0;2367.0095074044552
0456palmer_sem4_num48lado2;4415595.0;3140.0;1843.0;2371.0989366820736
0457palmer_sem4_num49lado1;4431923.0;3141.0;1842.0;2375.4788196953677
0458palmer_sem4_num49lado2;4382254.0;3146.0;1863.0;2362.130201295823
0459palmer_sem4_num50lado1;4534044.0;3272.0;1853.0;2402.6910160004336
0460palmer_sem4_num50lado2;4548870.0;3289.0;1836.0;2406.616123909137
0461palmer_sem4_num51lado1;4676827.0;3139.0;1916.0;2440.229718752953
0462palmer_sem4_num51lado2;4651458.0;3155.0;1920.0;2433.6023229514576
0463palmer_sem4_num52lado1;4994052.0;3458.0;1943.0;2521.631316204597
0464palmer_sem4_num52lado2;4869542.0;3407.0;1888.0;2489.998682559642
0465palmer_sem4_num53lado1;5052006.0;3455.0;1936.0;2536.220380692362
0466palmer_sem4_num53lado2;5061643.0;3419.0;1938.0;2538.6382233260265
0467palmer_sem4_num54lado1;4212068.0;3135.0;1795.0;2315.809047117993
0468palmer_sem4_num54lado2;4180249.0;3135.0;1775.0;2307.0453687865825
0469palmer_sem4_num55lado1;4486313.0;3238.0;1856.0;2390.010694883904
0470palmer_sem4_num55lado2;4474750.0;3185.0;1850.0;2386.928707105361
0471palmer_sem4_num56lado1;4313993.0;3158.0;1819.0;2343.6609147465592
0472palmer_sem4_num56lado2;4306978.0;3154.0;1808.0;2341.754621625494
0473palmer_sem4_num57lado1;4328073.0;3143.0;1887.0;2347.4824165689824
0474palmer_sem4_num57lado2;4260894.0;3123.0;1887.0;2329.1927221088395
0475palmer_sem4_num58lado1;5116058.0;3363.0;1980.0;2552.247511265059
0476palmer_sem4_num58lado2;5126170.0;3428.0;1997.0;2554.7685525375973
0477palmer_sem4_num59lado1;5199667.0;3463.0;1989.0;2573.018003017944
0478palmer_sem4_num59lado2;5118038.0;3448.0;1992.0;2552.741344722818
0479palmer_sem4_num60lado1;4402605.0;3155.0;1901.0;2367.608664000187
0480palmer_sem4_num60lado2;4439544.0;3224.0;1930.0;2377.52034300271
0481palmer_sem5_num1lado1;5481814.0;3545.0;2087.0;2641.9050629579483
0482palmer_sem5_num1lado2;5486712.0;3452.0;2059.0;2643.08507032463
0483palmer_sem5_num2lado1;5044129.0;3382.0;2039.0;2534.2423939997198
0484palmer_sem5_num2lado2;5077675.0;3341.0;2038.0;2542.655424022909
0485palmer_sem5_num3lado1;5056532.0;3426.0;1986.0;2537.356203141132
0486palmer_sem5_num3lado2;5114061.0;3421.0;1981.0;2551.7493410184024
0487palmer_sem5_num4lado1;4926187.0;3236.0;2003.0;2504.4392771956514
0488palmer_sem5_num4lado2;4920856.0;3247.0;2014.0;2503.0837886789354
0489palmer_sem5_num5lado1;5059359.0;3430.0;2041.0;2538.065395101503
0490palmer_sem5_num5lado2;5049518.0;3404.0;2068.0;2535.5957878676186
0491palmer_sem5_num6lado1;4984133.0;3365.0;1948.0;2519.125886457344
0492palmer_sem5_num6lado2;5019343.0;3380.0;1976.0;2528.0083061947453
0493palmer_sem5_num7lado1;4955110.0;3445.0;1946.0;2511.7806433907904
0494palmer_sem5_num7lado2;5001798.0;3452.0;1948.0;2523.5861404709863
0495palmer_sem5_num8lado1;5449917.0;3511.0;2085.0;2634.207630374725
0496palmer_sem5_num8lado2;5479258.0;3530.0;2074.0;2641.289071912898
0497palmer_sem5_num9lado1;5116291.0;3323.0;2013.0;2552.30562895054
0498palmer_sem5_num9lado2;5154917.0;3331.0;2032.0;2561.9219688014605
0499palmer_sem5_num10lado1;4743078.0;3206.0;1928.0;2457.45284255128
0500palmer_sem5_num10lado2;4784412.0;3269.0;1970.0;2468.1374671410526
0501palmer_sem5_num11lado1;5179878.0;3403.0;1989.0;2568.117113081817
0502palmer_sem5_num11lado2;5210634.0;3439.0;2025.0;2575.7300444614843
0503palmer_sem5_num12lado1;4962150.0;3338.0;1970.0;2513.5643232086954
0504palmer_sem5_num12lado2;4961648.0;3341.0;1991.0;2513.4371765882934
0505palmer_sem5_num13lado1;4977613.0;3476.0;1923.0;2517.477648359132
0506palmer_sem5_num13lado2;5042742.0;3516.0;1972.0;2533.893945747707
0507palmer_sem5_num14lado1;4990172.0;3317.0;1988.0;2520.6515676368595
0508palmer_sem5_num14lado2;5041721.0;3366.0;2041.0;2533.637415006676
0509palmer_sem5_num15lado1;5220209.0;3557.0;2005.0;2578.0955239444484
0510palmer_sem5_num15lado2;5134578.0;3528.0;2013.0;2556.8628737433655
0511palmer_sem5_num16lado1;5012073.0;3327.0;2032.0;2526.1768633053784
0512palmer_sem5_num16lado2;5103540.0;3350.0;2036.0;2549.123172021645
0513palmer_sem5_num17lado1;5745001.0;3622.0;2133.0;2704.5817528303805
0514palmer_sem5_num17lado2;5690405.0;3563.0;2089.0;2691.6999594231697
0515palmer_sem5_num18lado1;5237250.0;3613.0;2013.0;2582.3000998459165
0516palmer_sem5_num18lado2;5205047.0;3632.0;2018.0;2574.3487861214776
0517palmer_sem5_num19lado1;4602016.0;3107.0;1997.0;2420.6339576036553
0518palmer_sem5_num19lado2;4666983.0;3201.0;2043.0;2437.6602122130853
0519palmer_sem5_num20lado1;5244400.0;3499.0;2040.0;2584.062202890845
0520palmer_sem5_num20lado2;5255498.0;3489.0;2067.0;2586.7949050662205
0521palmer_sem5_num21lado1;4708245.0;3284.0;1900.0;2448.412489818986
0522palmer_sem5_num21lado2;4682706.0;3293.0;1928.0;2441.762981038212
0523palmer_sem5_num22lado1;4847220.0;3187.0;2031.0;2484.2850452456487
0524palmer_sem5_num22lado2;4764995.0;3161.0;2020.0;2463.124045691838
0525palmer_sem5_num23lado1;5134620.0;3302.0;2006.0;2556.8733310799857
0526palmer_sem5_num23lado2;5123117.0;3330.0;2020.0;2554.007665749062
0527palmer_sem5_num24lado1;5292979.0;3378.0;2020.0;2596.002729631226
0528palmer_sem5_num24lado2;5272681.0;3458.0;2023.0;2591.020253871772
0529palmer_sem5_num25lado1;5120481.0;3476.0;1983.0;2553.3505237755844
0530palmer_sem5_num25lado2;5104576.0;3390.0;1974.0;2549.381890244386
0531palmer_sem5_num26lado1;5085887.0;3297.0;1952.0;2544.7106806972147
0532palmer_sem5_num26lado2;5091289.0;3322.0;1964.0;2546.0617605382517
0533palmer_sem5_num27lado1;4923883.0;3329.0;2007.0;2503.8535398958957
0534palmer_sem5_num27lado2;4956367.0;3375.0;2052.0;2512.0992143266126
0535palmer_sem5_num28lado1;5269646.0;3367.0;2092.0;2590.274439891548
0536palmer_sem5_num28lado2;5230904.0;3391.0;2114.0;2580.7351331574773
0537palmer_sem5_num29lado1;5151755.0;3420.0;2053.0;2561.136113287831
0538palmer_sem5_num29lado2;5233084.0;3414.0;2078.0;2581.2728429441286
0539palmer_sem5_num30lado1;4787757.0;3478.0;1941.0;2469.0001099600195
0540palmer_sem5_num30lado2;4803830.0;3494.0;1928.0;2473.1409830790312
0541palmer_sem5_num31lado1;4730658.0;3250.0;1890.0;2454.233248535631
0542palmer_sem5_num31lado2;4745604.0;3319.0;1958.0;2458.107132826673
0543palmer_sem5_num32lado1;4980112.0;3338.0;2034.0;2518.1095162065767
0544palmer_sem5_num32lado2;4831332.0;3277.0;1996.0;2480.210264502674
0545palmer_sem5_num33lado1;4766846.0;3242.0;1997.0;2463.602409250046
0546palmer_sem5_num33lado2;4832079.0;3282.0;2037.0;2480.4019968715434
0547palmer_sem5_num34lado1;5337403.0;3444.0;2075.0;2606.8740985686463
0548palmer_sem5_num34lado2;5348983.0;3530.0;2107.0;2609.700496171184
0549palmer_sem5_num35lado1;4913423.0;3298.0;1938.0;2501.1926082593636
0550palmer_sem5_num35lado2;4904215.0;3367.0;1967.0;2498.847829277196
0551palmer_sem5_num36lado1;5256273.0;3571.0;2022.0;2586.9856283952813
0552palmer_sem5_num36lado2;5203918.0;3575.0;2013.0;2574.06957659639
0553palmer_sem5_num37lado1;5207052.0;3444.0;1995.0;2574.8445618895753
0554palmer_sem5_num37lado2;5235824.0;3457.0;2068.0;2581.9485211896535
0555palmer_sem5_num38lado1;5120480.0;3403.0;1992.0;2553.350274448358
0556palmer_sem5_num38lado2;5092834.0;3462.0;2020.0;2546.4480445459235
0557palmer_sem5_num39lado1;5119493.0;3412.0;1987.0;2553.104176604404
0558palmer_sem5_num39lado2;5157900.0;3456.0;2025.0;2562.663116328304
0559palmer_sem5_num40lado1;5062793.0;3427.0;1986.0;2538.926594923211
0560palmer_sem5_num40lado2;5077111.0;3501.0;2044.0;2542.514208064507
0561palmer_sem5_num41lado1;4839471.0;3323.0;1975.0;2482.2985019531843
0562palmer_sem5_num41lado2;4864563.0;3396.0;1992.0;2488.7253724458064
0563palmer_sem5_num42lado1;6000988.0;3654.0;2237.0;2764.180751883128
0564palmer_sem5_num42lado2;5907450.0;3595.0;2242.0;2742.553362934938
0565palmer_sem5_num43lado1;4871131.0;3408.0;1968.0;2490.4049102074423
0566palmer_sem5_num43lado2;4822962.0;3403.0;1987.0;2478.0609236164855
0567palmer_sem5_num44lado1;5033713.0;3456.0;2002.0;2531.624468290562
0568palmer_sem5_num44lado2;5031595.0;3424.0;2013.0;2531.0918053464047
0569palmer_sem5_num45lado1;4989264.0;3403.0;1983.0;2520.422231278628
0570palmer_sem5_num45lado2;4973262.0;3435.0;2010.0;2516.3771268887112
0571palmer_sem5_num46lado1;5466906.0;3737.0;1993.0;2638.31023697933
0572palmer_sem5_num46lado2;5465911.0;3738.0;2035.0;2638.070134246419
0573palmer_sem5_num47lado1;4814205.0;3388.0;1903.0;2475.8102072779616
0574palmer_sem5_num47lado2;4903960.0;3401.0;1956.0;2498.7828632755286
0575palmer_sem5_num48lado1;4876110.0;3371.0;1969.0;2491.677362035176
0576palmer_sem5_num48lado2;4944265.0;3452.0;1985.0;2509.0304337831376
0577palmer_sem5_num49lado1;4993547.0;3389.0;1962.0;2521.503818932987
0578palmer_sem5_num49lado2;4991392.0;3423.0;1973.0;2520.959673948541
0579palmer_sem5_num50lado1;5444244.0;3443.0;2098.0;2632.8362562049206
0580palmer_sem5_num50lado2;5464946.0;3485.0;2133.0;2637.837249915591
0581palmer_sem5_num51lado1;4603445.0;3332.0;1903.0;2421.0097513255414
0582palmer_sem5_num51lado2;4571448.0;3326.0;1943.0;2412.581267087281
0583palmer_sem5_num52lado1;4905644.0;3415.0;1944.0;2499.2118624063833
0584palmer_sem5_num52lado2;4939544.0;3492.0;2014.0;2507.8322818241463
0585palmer_sem5_num53lado1;5130286.0;3456.0;2041.0;2555.794007935925
0586palmer_sem5_num53lado2;5167714.0;3484.0;2128.0;2565.0999630972524
0587palmer_sem5_num54lado1;5434135.0;3496.0;2059.0;2630.3907643978323
0588palmer_sem5_num54lado2;5374081.0;3556.0;2137.0;2615.8158279607314
0589palmer_sem5_num55lado1;4964391.0;3384.0;1928.0;2514.1318455338296
0590palmer_sem5_num55lado2;4879158.0;3423.0;1971.0;2492.4559997341835
0591palmer_sem5_num56lado1;4927046.0;3497.0;1958.0;2504.657622496377
0592palmer_sem5_num56lado2;4886464.0;3506.0;1985.0;2494.321390423608
0593palmer_sem5_num57lado1;4928233.0;3384.0;1992.0;2504.9593093040066
0594palmer_sem5_num57lado2;4998382.0;3430.0;2039.0;2522.7242461459064
0595palmer_sem5_num58lado1;5174554.0;3477.0;1995.0;2566.7969883042006
0596palmer_sem5_num58lado2;5139121.0;3504.0;2019.0;2557.9937612079734
0597palmer_sem5_num59lado1;4643350.0;3318.0;1868.0;2431.480380353915
0598palmer_sem5_num59lado2;4641898.0;3386.0;1945.0;2431.100182268732
0599palmer_sem5_num60lado1;5340502.0;3346.0;2049.0;2607.6307896512544
0600palmer_sem5_num60lado2;5357341.0;3491.0;2169.0;2611.738581066455
0601palmer_sem6_num1lado1;4776958.0;3281.0;1968.0;2466.214067987407
0602palmer_sem6_num1lado2;4831406.0;3289.0;1959.0;2480.2292587320903
0603palmer_sem6_num2lado1;5338679.0;3452.0;2044.0;2607.1856894834273
0604palmer_sem6_num2lado2;5308785.0;3398.0;2034.0;2599.87595790585
0605palmer_sem6_num3lado1;5087439.0;3315.0;1990.0;2545.098920715639
0606palmer_sem6_num3lado2;5196317.0;3372.0;2004.0;2572.189007709112
0607palmer_sem6_num4lado1;5112830.0;3425.0;1983.0;2551.442208145872
0608palmer_sem6_num4lado2;5107401.0;3444.0;1992.0;2550.0872385116386
0609palmer_sem6_num5lado1;5429275.0;3413.0;2094.0;2629.2142608091112
0610palmer_sem6_num5lado2;5252001.0;3375.0;2047.0;2585.934137248785
0611palmer_sem6_num6lado1;5698648.0;3676.0;2104.0;2693.6488236453442
0612palmer_sem6_num6lado2;5678053.0;3621.0;2071.0;2688.776974146819
0613palmer_sem6_num7lado1;5396160.0;3444.0;2079.0;2621.183759624284
0614palmer_sem6_num7lado2;5475492.0;3501.0;2102.0;2640.3812113558574
0615palmer_sem6_num8lado1;5468177.0;3404.0;2047.0;2638.616909293823
0616palmer_sem6_num8lado2;5498778.0;3441.0;2078.0;2645.9897198061312
0617palmer_sem6_num9lado1;4968746.0;3336.0;2000.0;2515.2343618328414
0618palmer_sem6_num9lado2;4879125.0;3365.0;1971.0;2492.447570904141
0619palmer_sem6_num10lado1;5084421.0;3309.0;2011.0;2544.3438995705555
0620palmer_sem6_num10lado2;5073799.0;3331.0;2015.0;2541.6847815647247
0621palmer_sem6_num11lado1;5069008.0;3410.0;1958.0;2540.484488867999
0622palmer_sem6_num11lado2;5077311.0;3462.0;1962.0;2542.564285543009
0623palmer_sem6_num12lado1;5959046.0;3674.0;2095.0;2754.504132524744
0624palmer_sem6_num12lado2;5901035.0;3713.0;2107.0;2741.0638658860653
0625palmer_sem6_num13lado1;5678910.0;3724.0;2150.0;2688.979877758843
0626palmer_sem6_num13lado2;5625857.0;3702.0;2154.0;2676.3900323803946
0627palmer_sem6_num14lado1;4935677.0;3307.0;1929.0;2506.8504415780003
0628palmer_sem6_num14lado2;5049170.0;3403.0;1962.0;2535.508412940182
0629palmer_sem6_num15lado1;5558836.0;3442.0;2066.0;2660.4003115879823
0630palmer_sem6_num15lado2;5604199.0;3559.0;2110.0;2671.2333824219204
0631palmer_sem6_num16lado1;4876925.0;3410.0;1937.0;2491.8855845940307
0632palmer_sem6_num16lado2;4844265.0;3391.0;1912.0;2483.527685204351
0633palmer_sem6_num17lado1;4918511.0;3207.0;2000.0;2502.487303946793
0634palmer_sem6_num17lado2;4833100.0;3163.0;1978.0;2480.664032806441
0635palmer_sem6_num18lado1;5361456.0;3396.0;2026.0;2612.74143316127
0636palmer_sem6_num18lado2;5444614.0;3496.0;2046.0;2632.9257206800753
0637palmer_sem6_num19lado1;4820511.0;3272.0;1999.0;2477.4311758413883
0638palmer_sem6_num19lado2;4806398.0;3249.0;1999.0;2473.8019325192545
0639palmer_sem6_num20lado1;4702738.0;3211.0;1914.0;2446.9801777147172
0640palmer_sem6_num20lado2;4711844.0;3255.0;1924.0;2449.348098866943
0641palmer_sem6_num21lado1;5044631.0;3378.0;1936.0;2534.3684968443104
0642palmer_sem6_num21lado2;5039533.0;3391.0;1973.0;2533.0875828912485
0643palmer_sem6_num22lado1;4985738.0;3299.0;2030.0;2519.531460666606
0644palmer_sem6_num22lado2;4893571.0;3286.0;2003.0;2496.1346342233214
0645palmer_sem6_num23lado1;5145126.0;3419.0;1998.0;2559.487817092523
0646palmer_sem6_num23lado2;5143116.0;3454.0;1994.0;2558.98782223756
0647palmer_sem6_num24lado1;5200671.0;3285.0;2064.0;2573.266402135108
0648palmer_sem6_num24lado2;5253960.0;3326.0;2098.0;2586.4163698942125
0649palmer_sem6_num25lado1;5256522.0;3653.0;2051.0;2587.0469029707147
0650palmer_sem6_num25lado2;5227425.0;3701.0;2056.0;2579.876785262662
0651palmer_sem6_num26lado1;4693111.0;3215.0;1892.0;2444.4742815238583
0652palmer_sem6_num26lado2;4674140.0;3257.0;1907.0;2439.5286195551002
0653palmer_sem6_num27lado1;5769087.0;3507.0;2168.0;2710.2453219990152
0654palmer_sem6_num27lado2;5849570.0;3654.0;2189.0;2729.084799652892
0655palmer_sem6_num28lado1;4833293.0;3274.0;1936.0;2480.7135624436064
0656palmer_sem6_num28lado2;4896831.0;3358.0;1921.0;2496.9659335051074
0657palmer_sem6_num29lado1;5334356.0;3647.0;1982.0;2606.129890257829
0658palmer_sem6_num29lado2;5292772.0;3618.0;2003.0;2595.951966363595
0659palmer_sem6_num30lado1;5627724.0;3558.0;2167.0;2676.834089676674
0660palmer_sem6_num30lado2;5610439.0;3591.0;2153.0;2672.720112193643
0661palmer_sem6_num31lado1;4998581.0;3179.0;2014.0;2522.774464109274
0662palmer_sem6_num31lado2;5077986.0;3208.0;2065.0;2542.7332897517053
0663palmer_sem6_num32lado1;4740109.0;3298.0;1851.0;2456.683582628224
0664palmer_sem6_num32lado2;4998121.0;3356.0;1984.0;2522.6583808695254
0665palmer_sem6_num33lado1;5647770.0;3530.0;2071.0;2681.597304512538
0666palmer_sem6_num33lado2;5627780.0;3566.0;2088.0;2676.8474078792115
0667palmer_sem6_num34lado1;5194867.0;3388.0;2007.0;2571.8301059828427
0668palmer_sem6_num34lado2;5197202.0;3374.0;2016.0;2572.408036913405
0669palmer_sem6_num35lado1;5172678.0;3447.0;1984.0;2566.331658570574
0670palmer_sem6_num35lado2;5162922.0;3439.0;2004.0;2563.9103839220193
0671palmer_sem6_num36lado1;5248013.0;3451.0;2011.0;2584.9521625910634
0672palmer_sem6_num36lado2;5224451.0;3466.0;2008.0;2579.1428058041233
0673palmer_sem6_num37lado1;5376615.0;3410.0;2137.0;2616.4324632629537
0674palmer_sem6_num37lado2;5367286.0;3492.0;2156.0;2614.161583204721
0675palmer_sem6_num38lado1;4919662.0;3309.0;1933.0;2502.7800952402667
0676palmer_sem6_num38lado2;4808678.0;3345.0;1928.0;2474.388608828046
0677palmer_sem6_num39lado1;5337340.0;3535.0;2035.0;2606.8587134129025
0678palmer_sem6_num39lado2;5416931.0;3621.0;2043.0;2626.2236691306
0679palmer_sem6_num40lado1;5975566.0;3775.0;2095.0;2758.319585068945
0680palmer_sem6_num40lado2;5900103.0;3743.0;2070.0;2740.8473977240265
0681palmer_sem6_num41lado1;5506695.0;3518.0;2071.0;2647.893848853348
0682palmer_sem6_num41lado2;5570072.0;3535.0;2103.0;2663.0876698715865
0683palmer_sem6_num42lado1;5315906.0;3464.0;2027.0;2601.619060372775
0684palmer_sem6_num42lado2;5345350.0;3546.0;2023.0;2608.814098484233
0685palmer_sem6_num43lado1;4724460.0;3188.0;1923.0;2452.6249814269377
0686palmer_sem6_num43lado2;4655299.0;3234.0;1918.0;2434.606904485005
0687palmer_sem6_num44lado1;5089336.0;3464.0;1969.0;2545.5733836690456
0688palmer_sem6_num44lado2;5079170.0;3491.0;1945.0;2543.029708523378
0689palmer_sem6_num45lado1;5623260.0;3687.0;2063.0;2675.772225419692
0690palmer_sem6_num45lado2;5693215.0;3661.0;2096.0;2692.364476566908
0691palmer_sem6_num46lado1;5155176.0;3309.0;2020.0;2561.986327689833
0692palmer_sem6_num46lado2;5135004.0;3315.0;2008.0;2556.9689390317667
0693palmer_sem6_num47lado1;5608327.0;3693.0;2042.0;2672.217003951199
0694palmer_sem6_num47lado2;5499780.0;3671.0;2028.0;2646.230787997062
0695palmer_sem6_num48lado1;4467540.0;3295.0;1843.0;2385.004946679593
0696palmer_sem6_num48lado2;4506434.0;3290.0;1853.0;2395.364267609221
0697palmer_sem6_num49lado1;5063329.0;3420.0;1992.0;2539.06098997333
0698palmer_sem6_num49lado2;5034618.0;3390.0;1975.0;2531.852035612558
0699palmer_sem6_num50lado1;4852730.0;3322.0;1943.0;2485.69662990532
0700palmer_sem6_num50lado2;4850184.0;3371.0;1942.0;2485.0444800932178
0701palmer_sem6_num51lado1;5343216.0;3436.0;1974.0;2608.2932939494435
0702palmer_sem6_num51lado2;5391369.0;3479.0;1983.0;2620.0198875312512
0703palmer_sem6_num52lado1;5429747.0;3514.0;2048.0;2629.3285451436295
0704palmer_sem6_num52lado2;5457662.0;3508.0;2036.0;2636.0787317905356
0705palmer_sem6_num53lado1;4887471.0;3279.0;1926.0;2494.578391421346
0706palmer_sem6_num53lado2;4865259.0;3355.0;1922.0;2488.9034039469375
0707palmer_sem6_num54lado1;4994600.0;3265.0;1931.0;2521.7696623867623
0708palmer_sem6_num54lado2;5067297.0;3452.0;1940.0;2540.0556933496273
0709palmer_sem6_num55lado1;5181770.0;3438.0;2003.0;2568.5860849351193
0710palmer_sem6_num55lado2;5117869.0;3442.0;1989.0;2552.699198020441
0711palmer_sem6_num56lado1;5386732.0;3467.0;2077.0;2618.892933911261
0712palmer_sem6_num56lado2;5261547.0;3421.0;2061.0;2588.283158173128
0713palmer_sem6_num57lado1;5213685.0;3305.0;2034.0;2576.4840220332335
0714palmer_sem6_num57lado2;5263649.0;3439.0;2101.0;2588.800119052395
0715palmer_sem6_num58lado1;4952577.0;3285.0;1914.0;2511.1385634301105
0716palmer_sem6_num58lado2;4858986.0;3255.0;1890.0;2487.2983581618287
0717palmer_sem6_num59lado1;4825407.0;3251.0;1952.0;2478.688970371609
0718palmer_sem6_num59lado2;4889420.0;3283.0;1959.0;2495.075729275366
0719palmer_sem6_num60lado1;5056067.0;3425.0;1952.0;2537.23953249008
0720palmer_sem6_num60lado2;4908307.0;3280.0;1911.0;2499.8901116049906
0721palmer_sem7_num1lado1;5746312.0;3551.0;2198.0;2704.890325833231
0722palmer_sem7_num1lado2;5746597.0;3449.0;2153.0;2704.9574022628253
0723palmer_sem7_num2lado1;5917119.0;3705.0;2229.0;2744.7968780410292
0724palmer_sem7_num2lado2;6035379.0;3689.0;2174.0;2772.090043678986
0725palmer_sem7_num3lado1;5525018.0;3694.0;2138.0;2652.295496918392
0726palmer_sem7_num3lado2;5560840.0;3630.0;2052.0;2660.879815013275
0727palmer_sem7_num4lado1;5198994.0;3510.0;2012.0;2572.8514830127374
0728palmer_sem7_num4lado2;5169967.0;3445.0;1986.0;2565.659063355031
0729palmer_sem7_num5lado1;5490764.0;3642.0;2134.0;2644.0608645808857
0730palmer_sem7_num5lado2;5453611.0;3548.0;2056.0;2635.100223293732
0731palmer_sem7_num6lado1;5232948.0;3491.0;2017.0;2581.239301022433
0732palmer_sem7_num6lado2;5174419.0;3388.0;1956.0;2566.7635052394244
0733palmer_sem7_num7lado1;5239667.0;3494.0;2131.0;2582.8958991108907
0734palmer_sem7_num7lado2;5419324.0;3384.0;2064.0;2626.8036893784697
0735palmer_sem7_num8lado1;5461662.0;3623.0;2106.0;2637.0445651102177
0736palmer_sem7_num8lado2;5392834.0;3492.0;2023.0;2620.3758331568215
0737palmer_sem7_num9lado1;5017463.0;3391.0;1979.0;2527.534827820484
0738palmer_sem7_num9lado2;5012084.0;3256.0;1935.0;2526.179635404892
0739palmer_sem7_num10lado1;5698827.0;3682.0;2211.0;2693.6911283598297
0740palmer_sem7_num10lado2;5799469.0;3627.0;2152.0;2717.372493653693
0741palmer_sem7_num11lado1;5211004.0;3494.0;2017.0;2575.821492373474
0742palmer_sem7_num11lado2;5215312.0;3437.0;2001.0;2576.886003790589
0743palmer_sem7_num12lado1;6124057.0;3597.0;2196.0;2792.3809816377466
0744palmer_sem7_num12lado2;6157918.0;3575.0;2160.0;2800.090125484618
0745palmer_sem7_num13lado1;5044511.0;3362.0;2068.0;2534.338353308713
0746palmer_sem7_num13lado2;4957475.0;3239.0;1991.0;2512.379989578796
0747palmer_sem7_num14lado1;5261199.0;3451.0;2028.0;2588.1975619185437
0748palmer_sem7_num14lado2;5257592.0;3360.0;1995.0;2587.3101948709655
0749palmer_sem7_num15lado1;5098297.0;3531.0;1999.0;2547.8134451338165
0750palmer_sem7_num15lado2;5169266.0;3465.0;1944.0;2565.4851175664526
0751palmer_sem7_num16lado1;4607178.0;3178.0;1962.0;2421.9911682815564
0752palmer_sem7_num16lado2;4534936.0;3078.0;1911.0;2402.92734972223
0753palmer_sem7_num17lado1;5268215.0;3560.0;2063.0;2589.9227147092547
0754palmer_sem7_num17lado2;5304364.0;3491.0;2026.0;2598.79318231936
0755palmer_sem7_num18lado1;4953861.0;3454.0;2050.0;2511.464059930239
0756palmer_sem7_num18lado2;4890845.0;3365.0;1958.0;2495.439292222964
0757palmer_sem7_num19lado1;4965456.0;3297.0;2015.0;2514.401506689511
0758palmer_sem7_num19lado2;4893539.0;3218.0;1978.0;2496.126472858249
0759palmer_sem7_num20lado1;4763641.0;3340.0;1974.0;2462.7740655857483
0760palmer_sem7_num20lado2;4822396.0;3322.0;1996.0;2477.91551259777
0761palmer_sem7_num21lado1;5193935.0;3347.0;2122.0;2571.5993923595543
0762palmer_sem7_num21lado2;5223211.0;3284.0;2055.0;2578.83671365515
0763palmer_sem7_num22lado1;5117348.0;3351.0;2059.0;2552.569262090922
0764palmer_sem7_num22lado2;5093899.0;3312.0;2031.0;2546.7142838738114
0765palmer_sem7_num23lado1;5231669.0;3380.0;2048.0;2580.923837652918
0766palmer_sem7_num23lado2;5382344.0;3389.0;2046.0;2617.826049256909
0767palmer_sem7_num24lado1;5043157.0;3405.0;2011.0;2533.9982088999095
0768palmer_sem7_num24lado2;5047833.0;3366.0;1976.0;2535.172694476479
0769palmer_sem7_num25lado1;4765544.0;3300.0;1920.0;2463.265936308012
0770palmer_sem7_num25lado2;4770128.0;3249.0;1912.0;2464.4503653042907
0771palmer_sem7_num26lado1;4580747.0;3233.0;1905.0;2415.0337937235913
0772palmer_sem7_num26lado2;4583203.0;3191.0;1917.0;2415.68112571772
0773palmer_sem7_num27lado1;5174071.0;3429.0;2058.0;2566.6771913248863
0774palmer_sem7_num27lado2;5319106.0;3330.0;2075.0;2602.401986980119
0775palmer_sem7_num28lado1;4827237.0;3319.0;1944.0;2479.1589380692662
0776palmer_sem7_num28lado2;4761025.0;3317.0;1933.0;2462.0977445001504
0777palmer_sem7_num29lado1;4857882.0;3366.0;1958.0;2487.015775192659
0778palmer_sem7_num29lado2;4817252.0;3319.0;1925.0;2476.593576539064
0779palmer_sem7_num30lado1;4653466.0;3241.0;1915.0;2434.1275503310335
0780palmer_sem7_num30lado2;4561182.0;3213.0;1869.0;2409.870804241219
0781palmer_sem7_num31lado1;5195584.0;3384.0;2112.0;2572.0075829579696
0782palmer_sem7_num31lado2;5192620.0;3330.0;2057.0;2571.2738330995985
0783palmer_sem7_num32lado1;5040057.0;3449.0;2041.0;2533.219272017184
0784palmer_sem7_num32lado2;5057289.0;3365.0;2009.0;2537.546126468275
0785palmer_sem7_num33lado1;4651746.0;3240.0;1955.0;2433.677661331429
0786palmer_sem7_num33lado2;4534489.0;3135.0;1911.0;2402.808920818841
0787palmer_sem7_num34lado1;5090396.0;3490.0;2022.0;2545.8384641531547
0788palmer_sem7_num34lado2;5175808.0;3405.0;1950.0;2567.1079879032386
0789palmer_sem7_num35lado1;5721426.0;3515.0;2144.0;2699.02683118859
0790palmer_sem7_num35lado2;5661504.0;3436.0;2113.0;2684.855820239944
0791palmer_sem7_num36lado1;5322835.0;3364.0;2055.0;2603.314044079275
0792palmer_sem7_num36lado2;5259867.0;3350.0;2040.0;2587.8699087178834
0793palmer_sem7_num37lado1;5102250.0;3421.0;2037.0;2548.8009861746727
0794palmer_sem7_num37lado2;5198733.0;3434.0;2032.0;2572.786901031577
0795palmer_sem7_num38lado1;5601630.0;3672.0;2093.0;2670.6210571653232
0796palmer_sem7_num38lado2;5733672.0;3708.0;2091.0;2701.9137526835957
0797palmer_sem7_num39lado1;5195685.0;3403.0;2090.0;2572.032582217285
0798palmer_sem7_num39lado2;5329782.0;3420.0;2124.0;2605.0123238130113
0799palmer_sem7_num40lado1;5349191.0;3485.0;2096.0;2609.751235949785
0800palmer_sem7_num40lado2;5381680.0;3457.0;2081.0;2617.6645684866367
0801palmer_sem7_num41lado1;5655575.0;3583.0;2137.0;2683.4495967346893
0802palmer_sem7_num41lado2;5583610.0;3468.0;2097.0;2666.3220087563886
0803palmer_sem7_num42lado1;5490305.0;3462.0;2123.0;2643.9503472374795
0804palmer_sem7_num42lado2;5374354.0;3400.0;2086.0;2615.88226803226
0805palmer_sem7_num43lado1;5452980.0;3443.0;2182.0;2634.9477741788255
0806palmer_sem7_num43lado2;5445241.0;3392.0;2143.0;2633.0773197559624
0807palmer_sem7_num44lado1;5355393.0;3543.0;2085.0;2611.263706560078
0808palmer_sem7_num44lado2;5369965.0;3498.0;2046.0;2614.813911513352
0809palmer_sem7_num45lado1;5211849.0;3485.0;2045.0;2576.0303274589787
0810palmer_sem7_num45lado2;5202813.0;3463.0;1999.0;2573.7962731075254
0811palmer_sem7_num46lado1;5118745.0;3513.0;2013.0;2552.91765504009
0812palmer_sem7_num46lado2;5081664.0;3364.0;2001.0;2543.6539776190207
0813palmer_sem7_num47lado1;5436401.0;3419.0;2117.0;2630.939135411115
0814palmer_sem7_num47lado2;5267545.0;3331.0;2074.0;2589.758019134603
0815palmer_sem7_num48lado1;5408213.0;3491.0;2099.0;2624.1094980870726
0816palmer_sem7_num48lado2;5410789.0;3463.0;2082.0;2624.734371897093
0817palmer_sem7_num49lado1;5092508.0;3383.0;2098.0;2546.366542248027
0818palmer_sem7_num49lado2;5052463.0;3292.0;2029.0;2536.335090225906
0819palmer_sem7_num50lado1;5288459.0;3372.0;2076.0;2594.8940497659196
0820palmer_sem7_num50lado2;5193040.0;3313.0;2023.0;2571.377818483991
0821palmer_sem7_num51lado1;5351008.0;3446.0;2099.0;2610.194435246963
0822palmer_sem7_num51lado2;5411029.0;3402.0;2069.0;2624.7925823784176
0823palmer_sem7_num52lado1;5739249.0;3602.0;2207.0;2703.2274754229875
0824palmer_sem7_num52lado2;5852550.0;3542.0;2151.0;2729.779862468726
0825palmer_sem7_num53lado1;4535702.0;3259.0;1922.0;2403.130281431776
0826palmer_sem7_num53lado2;4554861.0;3162.0;1874.0;2408.2003957253946
0827palmer_sem7_num54lado1;5676190.0;3614.0;2153.0;2688.3358368013255
0828palmer_sem7_num54lado2;5444633.0;3510.0;2050.0;2632.9303147197124
0829palmer_sem7_num55lado1;5194487.0;3450.0;2063.0;2571.7360406956077
0830palmer_sem7_num55lado2;5183970.0;3383.0;2029.0;2569.1312933987515
0831palmer_sem7_num56lado1;5656083.0;3697.0;2049.0;2683.570111605861
0832palmer_sem7_num56lado2;5702452.0;3619.0;2036.0;2694.5477149893113
0833palmer_sem7_num57lado1;5196474.0;3407.0;2076.0;2572.2278650982907
0834palmer_sem7_num57lado2;5202009.0;3348.0;2021.0;2573.5973987530024
0835palmer_sem7_num58lado1;5738405.0;3439.0;2222.0;2703.0287030858517
0836palmer_sem7_num58lado2;5637639.0;3412.0;2177.0;2679.191093173684
0837palmer_sem7_num59lado1;5593457.0;3495.0;2117.0;2668.6720750545032
0838palmer_sem7_num59lado2;5572177.0;3460.0;2069.0;2663.5908294375367
0839palmer_sem7_num60lado1;5215716.0;3368.0;2054.0;2576.9858100711194
0840palmer_sem7_num60lado2;5188063.0;3318.0;2030.0;2570.145321217721
0841palmer_sem8_num1lado1;5168540.0;3471.0;2049.0;2565.304955857194
0842palmer_sem8_num1lado2;5144116.0;3386.0;2045.0;2559.236588106865
0843palmer_sem8_num2lado1;5244325.0;3503.0;2148.0;2584.043725528504
0844palmer_sem8_num2lado2;5251433.0;3422.0;2076.0;2585.794300041519
0845palmer_sem8_num3lado1;5804798.0;3642.0;2159.0;2718.620672841208
0846palmer_sem8_num3lado2;5770799.0;3629.0;2163.0;2710.647430323267
0847palmer_sem8_num4lado1;5334410.0;3424.0;2077.0;2606.1430812276403
0848palmer_sem8_num4lado2;5282116.0;3401.0;2068.0;2593.3374194420435
0849palmer_sem8_num5lado1;5517626.0;3664.0;2096.0;2650.520631170204
0850palmer_sem8_num5lado2;5421250.0;3627.0;2002.0;2627.270424203702
0851palmer_sem8_num6lado1;4915317.0;3401.0;1969.0;2501.674634981337
0852palmer_sem8_num6lado2;4905820.0;3378.0;1995.0;2499.25669416982
0853palmer_sem8_num7lado1;5366878.0;3530.0;2026.0;2614.062222168623
0854palmer_sem8_num7lado2;5458981.0;3496.0;2006.0;2636.3972544284566
0855palmer_sem8_num8lado1;5445846.0;3456.0;2066.0;2633.2235912922033
0856palmer_sem8_num8lado2;5486621.0;3455.0;2072.0;2643.0631517567613
0857palmer_sem8_num9lado1;5332684.0;3369.0;2046.0;2605.721425704691
0858palmer_sem8_num9lado2;5282312.0;3343.0;2013.0;2593.385533627634
0859palmer_sem8_num10lado1;5291446.0;3426.0;2059.0;2595.626763621977
0860palmer_sem8_num10lado2;5242796.0;3331.0;2016.0;2583.667004894271
0861palmer_sem8_num11lado1;5442615.0;3356.0;2135.0;2632.442334557163
0862palmer_sem8_num11lado2;5503765.0;3377.0;2142.0;2647.189309990754
0863palmer_sem8_num12lado1;5256194.0;3373.0;2032.0;2586.9661875640536
0864palmer_sem8_num12lado2;5248869.0;3355.0;2057.0;2585.1629689314577
0865palmer_sem8_num13lado1;5609373.0;3549.0;2116.0;2672.466187769214
0866palmer_sem8_num13lado2;5620083.0;3586.0;2104.0;2675.0162467345554
0867palmer_sem8_num14lado1;5963659.0;3652.0;2204.0;2755.5700807846924
0868palmer_sem8_num14lado2;5913815.0;3639.0;2191.0;2744.030451406831
0869palmer_sem8_num15lado1;5361367.0;3458.0;2103.0;2612.719747358703
0870palmer_sem8_num15lado2;5289326.0;3508.0;2095.0;2595.1067469751333
0871palmer_sem8_num16lado1;5249140.0;3477.0;2089.0;2585.2297042721625
0872palmer_sem8_num16lado2;5142254.0;3447.0;1994.0;2558.773366649061
0873palmer_sem8_num17lado1;5773224.0;3677.0;2129.0;2711.2169034243857
0874palmer_sem8_num17lado2;5778787.0;3654.0;2119.0;2712.5228347428665
0875palmer_sem8_num18lado1;5996308.0;3707.0;2152.0;2763.1026886476393
0876palmer_sem8_num18lado2;6027625.0;3652.0;2165.0;2770.3087392625184
0877palmer_sem8_num19lado1;5391818.0;3328.0;2212.0;2620.128984537757
0878palmer_sem8_num19lado2;5381320.0;3257.0;2142.0;2617.5770145067795
0879palmer_sem8_num20lado1;5655162.0;3522.0;2191.0;2683.3516151044373
0880palmer_sem8_num20lado2;5643581.0;3504.0;2129.0;2680.602638049141
0881palmer_sem8_num21lado1;4946134.0;3325.0;2039.0;2509.5046129384
0882palmer_sem8_num21lado2;4800186.0;3286.0;1945.0;2472.2027904854613
0883palmer_sem8_num22lado1;5579268.0;3519.0;2169.0;2665.2850969972164
0884palmer_sem8_num22lado2;5560175.0;3512.0;2148.0;2660.7207079375758
0885palmer_sem8_num23lado1;5299053.0;3335.0;2118.0;2597.4918342985216
0886palmer_sem8_num23lado2;5327401.0;3308.0;2092.0;2604.4303837618027
0887palmer_sem8_num24lado1;5427318.0;3409.0;2109.0;2628.7403636443355
0888palmer_sem8_num24lado2;5446262.0;3390.0;2118.0;2633.32416337002
0889palmer_sem8_num25lado1;5633101.0;3560.0;2133.0;2678.1125728182506
0890palmer_sem8_num25lado2;5508814.0;3521.0;2135.0;2648.4032603421047
0891palmer_sem8_num26lado1;5550663.0;3482.0;2131.0;2658.443836363355
0892palmer_sem8_num26lado2;5546235.0;3457.0;2108.0;2657.3832479328653
0893palmer_sem8_num27lado1;5292154.0;3415.0;2106.0;2595.8004063541503
0894palmer_sem8_num27lado2;5373937.0;3458.0;2088.0;2615.7807819684444
0895palmer_sem8_num28lado1;5638830.0;3599.0;2123.0;2679.474079374342
0896palmer_sem8_num28lado2;5749398.0;3649.0;2148.0;2705.6165456363647
0897palmer_sem8_num29lado1;5047866.0;3365.0;2077.0;2535.180981256389
0898palmer_sem8_num29lado2;5034091.0;3324.0;2062.0;2531.719520996625
0899palmer_sem8_num30lado1;5648034.0;3478.0;2147.0;2681.65997822407
0900palmer_sem8_num30lado2;5595779.0;3449.0;2132.0;2669.225937682793
0901palmer_sem8_num31lado1;5233537.0;3504.0;2046.0;2581.3845639955757
0902palmer_sem8_num31lado2;5065280.0;3429.0;2008.0;2539.550117866573
0903palmer_sem8_num32lado1;5976795.0;3713.0;2160.0;2758.6032235128337
0904palmer_sem8_num32lado2;5997020.0;3692.0;2170.0;2763.266728813501
0905palmer_sem8_num33lado1;5203222.0;3437.0;2069.0;2573.8974358812325
0906palmer_sem8_num33lado2;5134543.0;3411.0;2037.0;2556.854159263511
0907palmer_sem8_num34lado1;4937802.0;3356.0;1961.0;2507.390031581121
0908palmer_sem8_num34lado2;4919738.0;3242.0;1956.0;2502.7994269090523
0909palmer_sem8_num35lado1;5782472.0;3631.0;2146.0;2713.387553727596
0910palmer_sem8_num35lado2;5908589.0;3553.0;2144.0;2742.8177424661653
0911palmer_sem8_num36lado1;5219469.0;3393.0;2061.0;2577.9127862127716
0912palmer_sem8_num36lado2;5167422.0;3314.0;2031.0;2565.0274920036363
0913palmer_sem8_num37lado1;5535550.0;3518.0;2133.0;2654.822246753769
0914palmer_sem8_num37lado2;5493800.0;3413.0;2068.0;2644.791751890125
0915palmer_sem8_num38lado1;5337687.0;3666.0;1978.0;2606.943452746683
0916palmer_sem8_num38lado2;5385939.0;3663.0;1955.0;2618.700158538842
0917palmer_sem8_num39lado1;5537018.0;3466.0;2151.0;2655.1742461673584
0918palmer_sem8_num39lado2;5448429.0;3352.0;2107.0;2633.847994756314
0919palmer_sem8_num40lado1;4724520.0;3250.0;1986.0;2452.640555379481
0920palmer_sem8_num40lado2;4693948.0;3227.0;1942.0;2444.6922535424633
0921palmer_sem8_num41lado1;5452279.0;3536.0;2073.0;2634.7784027749067
0922palmer_sem8_num41lado2;5457350.0;3492.0;2051.0;2636.0033819136956
0923palmer_sem8_num42lado1;5299191.0;3496.0;2040.0;2597.525656524815
0924palmer_sem8_num42lado2;5318838.0;3485.0;2046.0;2602.3364259142368
0925palmer_sem8_num43lado1;5772366.0;3602.0;2167.0;2711.015429296693
0926palmer_sem8_num43lado2;5734389.0;3575.0;2177.0;2702.082685576873
0927palmer_sem8_num44lado1;4986796.0;3448.0;1963.0;2519.798775443613
0928palmer_sem8_num44lado2;4985575.0;3449.0;1930.0;2519.490274488673
0929palmer_sem8_num45lado1;5479795.0;3541.0;2145.0;2641.418499791735
0930palmer_sem8_num45lado2;5417665.0;3505.0;2144.0;2626.401591175201
0931palmer_sem8_num46lado1;6000892.0;3609.0;2288.0;2764.1586419894356
0932palmer_sem8_num46lado2;6010800.0;3656.0;2271.0;2766.439635252162
0933palmer_sem8_num47lado1;5394208.0;3582.0;2106.0;2620.7096249158876
0934palmer_sem8_num47lado2;5289269.0;3516.0;2019.0;2595.092763956967
0935palmer_sem8_num48lado1;5926849.0;3529.0;2220.0;2747.052697433024
0936palmer_sem8_num48lado2;5980482.0;3535.0;2205.0;2759.453963916926
0937palmer_sem8_num49lado1;4866018.0;3265.0;1974.0;2489.0975358537294
0938palmer_sem8_num49lado2;5010690.0;3247.0;1969.0;2525.828310556565
0939palmer_sem8_num50lado1;5254142.0;3369.0;2134.0;2586.461166933286
0940palmer_sem8_num50lado2;5255943.0;3287.0;2045.0;2586.904418890262
0941palmer_sem8_num51lado1;6644405.0;3879.0;2310.0;2908.594024135379
0942palmer_sem8_num51lado2;6493190.0;3731.0;2235.0;2875.3062931588543
0943palmer_sem8_num52lado1;5712130.0;3619.0;2184.0;2696.8332912265946
0944palmer_sem8_num52lado2;5733235.0;3587.0;2125.0;2701.8107856139186
0945palmer_sem8_num53lado1;5234350.0;3327.0;2108.0;2581.585057863579
0946palmer_sem8_num53lado2;5197772.0;3299.0;2086.0;2572.5490966971215
0947palmer_sem8_num54lado1;5409363.0;3574.0;2094.0;2624.388477993918
0948palmer_sem8_num54lado2;5423235.0;3498.0;2026.0;2627.7513699723954
0949palmer_sem8_num55lado1;4914919.0;3221.0;2062.0;2501.573350907425
0950palmer_sem8_num55lado2;4936665.0;3192.0;2045.0;2507.1013336341257
0951palmer_sem8_num56lado1;5330695.0;3541.0;2091.0;2605.2354356030874
0952palmer_sem8_num56lado2;5405716.0;3551.0;2091.0;2623.5036456631015
0953palmer_sem8_num57lado1;6169818.0;3725.0;2306.0;2802.7943665953826
0954palmer_sem8_num57lado2;6278819.0;3705.0;2273.0;2827.4441895525524
0955palmer_sem8_num58lado1;5529648.0;3496.0;2178.0;2653.4065843865133
0956palmer_sem8_num58lado2;5420408.0;3439.0;2097.0;2627.0663893778615
0957palmer_sem8_num59lado1;5565844.0;3714.0;2043.0;2662.0767608442357
0958palmer_sem8_num59lado2;5550552.0;3650.0;2025.0;2658.4172549674827
0959palmer_sem8_num60lado1;5413570.0;3514.0;2077.0;2625.408806679816
0960palmer_sem8_num60lado2;5403794.0;3467.0;2070.0;2623.0372114025763
0961palmer_sem9_num1lado1;6077178.0;3773.0;2137.0;2781.672761126755
0962palmer_sem9_num1lado2;6180088.0;3844.0;2179.0;2805.1260990449687
0963palmer_sem9_num2lado1;5418766.0;3450.0;2130.0;2626.668451644855
0964palmer_sem9_num2lado2;5378786.0;3384.0;2092.0;2616.960648895559
0965palmer_sem9_num3lado1;5104758.0;3337.0;2035.0;2549.4273380316567
0966palmer_sem9_num3lado2;5083069.0;3354.0;2017.0;2544.005593432809
0967palmer_sem9_num4lado1;5283926.0;3377.0;2047.0;2593.7817052817472
0968palmer_sem9_num4lado2;5273029.0;3333.0;2050.0;2591.105756879736
0969palmer_sem9_num5lado1;5116084.0;3323.0;2088.0;2552.253996565947
0970palmer_sem9_num5lado2;5112785.0;3271.0;2050.0;2551.430980004901
0971palmer_sem9_num6lado1;5280455.0;3580.0;2108.0;2592.929640424999
0972palmer_sem9_num6lado2;5358422.0;3527.0;2072.0;2612.002065041083
0973palmer_sem9_num7lado1;5906639.0;3667.0;2192.0;2742.3651017461107
0974palmer_sem9_num7lado2;5934940.0;3679.0;2157.0;2748.9271186465653
0975palmer_sem9_num8lado1;5319763.0;3443.0;2134.0;2602.5627024567466
0976palmer_sem9_num8lado2;5341349.0;3392.0;2104.0;2607.837565691471
0977palmer_sem9_num9lado1;5510001.0;3538.0;2144.0;2648.6885745082022
0978palmer_sem9_num9lado2;5547407.0;3529.0;2114.0;2657.664004937542
0979palmer_sem9_num10lado1;5255552.0;3315.0;2063.0;2586.8081946313637
0980palmer_sem9_num10lado2;5236483.0;3294.0;2067.0;2582.111002829549
0981palmer_sem9_num11lado1;5088002.0;3312.0;2092.0;2545.23974314633
0982palmer_sem9_num11lado2;4987709.0;3247.0;2026.0;2520.029431659772
0983palmer_sem9_num12lado1;5162016.0;3450.0;2029.0;2563.685413960852
0984palmer_sem9_num12lado2;5156971.0;3429.0;2019.0;2562.4323226677493
0985palmer_sem9_num13lado1;5220210.0;3394.0;2202.0;2578.0957708785654
0986palmer_sem9_num13lado2;4981769.0;3299.0;2058.0;2518.5283983977124
0987palmer_sem9_num14lado1;5457785.0;3570.0;2051.0;2636.108436438532
0988palmer_sem9_num14lado2;5370901.0;3479.0;2016.0;2615.0417862928366
0989palmer_sem9_num15lado1;6195124.0;3817.0;2260.0;2808.536426920235
0990palmer_sem9_num15lado2;6233504.0;3706.0;2231.0;2817.2227095252542
0991palmer_sem9_num16lado1;5748680.0;3541.0;2236.0;2705.447598093176
0992palmer_sem9_num16lado2;5768805.0;3482.0;2190.0;2710.17908114315
0993palmer_sem9_num17lado1;5289950.0;3397.0;2201.0;2595.2598192997507
0994palmer_sem9_num17lado2;5298232.0;3337.0;2135.0;2597.2906074564066
0995palmer_sem9_num18lado1;5795299.0;3707.0;2143.0;2716.395379977691
0996palmer_sem9_num18lado2;5871329.0;3615.0;2117.0;2734.1558593010673
0997palmer_sem9_num19lado1;5812396.0;3524.0;2172.0;2720.3993156998995
0998palmer_sem9_num19lado2;5738693.0;3447.0;2137.0;2703.0965322560837
0999palmer_sem9_num20lado1;5479903.0;3279.0;2225.0;2641.4445292136747
1000palmer_sem9_num20lado2;5548181.0;3258.0;2185.0;2657.8494032861004
1001palmer_sem9_num21lado1;5288607.0;3384.0;2075.0;2594.930359174056
1002palmer_sem9_num21lado2;5347917.0;3390.0;2046.0;2609.4404393205523
1003palmer_sem9_num22lado1;5062994.0;3391.0;1983.0;2538.9769939006655
1004palmer_sem9_num22lado2;5064793.0;3354.0;1981.0;2539.428032746319
1005palmer_sem9_num23lado1;5507859.0;3414.0;2163.0;2648.173688719354
1006palmer_sem9_num23lado2;5559956.0;3431.0;2110.0;2660.6683081864107
1007palmer_sem9_num24lado1;5770661.0;3705.0;2171.0;2710.615019596283
1008palmer_sem9_num24lado2;5829279.0;3609.0;2110.0;2724.347360395558
1009palmer_sem9_num25lado1;6538644.0;3892.0;2288.0;2885.352683771137
1010palmer_sem9_num25lado2;6581718.0;3770.0;2277.0;2894.840864347335
1011palmer_sem9_num26lado1;5467416.0;3560.0;2133.0;2638.433296241871
1012palmer_sem9_num26lado2;5494892.0;3505.0;2111.0;2645.054590825847
1013palmer_sem9_num27lado1;5263240.0;3411.0;2095.0;2588.6995386548624
1014palmer_sem9_num27lado2;5238526.0;3334.0;2068.0;2582.6146556006597
1015palmer_sem9_num28lado1;5580881.0;3554.0;2179.0;2665.6703441463123
1016palmer_sem9_num28lado2;5539467.0;3453.0;2097.0;2655.7613675094112
1017palmer_sem9_num29lado1;5683972.0;3525.0;2149.0;2690.1780464436574
1018palmer_sem9_num29lado2;5725715.0;3473.0;2148.0;2700.0382885957915
1019palmer_sem9_num30lado1;5916326.0;3583.0;2220.0;2744.6129458896035
1020palmer_sem9_num30lado2;5893112.0;3583.0;2210.0;2739.223108830919
1021palmer_sem9_num31lado1;5044023.0;3428.0;2015.0;2534.215765903466
1022palmer_sem9_num31lado2;4976207.0;3372.0;1982.0;2517.122073954287
1023palmer_sem9_num32lado1;5323802.0;3430.0;2165.0;2603.550505509764
1024palmer_sem9_num32lado2;5270370.0;3326.0;2080.0;2590.452373502717
1025palmer_sem9_num33lado1;5305745.0;3287.0;2179.0;2599.1314603691876
1026palmer_sem9_num33lado2;5417924.0;3250.0;2147.0;2626.4643700552483
1027palmer_sem9_num34lado1;5344388.0;3524.0;2086.0;2608.5793344286208
1028palmer_sem9_num34lado2;5273300.0;3503.0;2025.0;2591.1723391646365
1029palmer_sem9_num35lado1;5253325.0;3580.0;2031.0;2586.260066456165
1030palmer_sem9_num35lado2;5164795.0;3476.0;1968.0;2564.3754082525525
1031palmer_sem9_num36lado1;5818227.0;3635.0;2204.0;2721.763526951934
1032palmer_sem9_num36lado2;5780537.0;3541.0;2145.0;2712.933522629105
1033palmer_sem9_num37lado1;5940790.0;3701.0;2193.0;2750.281577396614
1034palmer_sem9_num37lado2;5970232.0;3640.0;2159.0;2757.088223768565
1035palmer_sem9_num38lado1;5405178.0;3470.0;2063.0;2623.3730912572305
1036palmer_sem9_num38lado2;5414630.0;3459.0;2082.0;2625.6658271968568
1037palmer_sem9_num39lado1;6132855.0;3703.0;2262.0;2794.386069985099
1038palmer_sem9_num39lado2;6147793.0;3677.0;2255.0;2797.787189985332
1039palmer_sem9_num40lado1;5570535.0;3675.0;2126.0;2663.1983492281024
1040palmer_sem9_num40lado2;5564416.0;3662.0;2102.0;2661.735241258427
1041palmer_sem9_num41lado1;5333385.0;3451.0;2110.0;2605.8926856832277
1042palmer_sem9_num41lado2;5274529.0;3423.0;2071.0;2591.4742720413824
1043palmer_sem9_num42lado1;6280190.0;3657.0;2294.0;2827.7528633970687
1044palmer_sem9_num42lado2;6273531.0;3599.0;2286.0;2826.2533068219363
1045palmer_sem9_num43lado1;5559947.0;3553.0;2124.0;2660.666154749903
1046palmer_sem9_num43lado2;5654620.0;3532.0;2132.0;2683.223023613644
1047palmer_sem9_num44lado1;5341187.0;3633.0;2038.0;2607.798018295391
1048palmer_sem9_num44lado2;5184734.0;3549.0;1971.0;2569.320602364158
1049palmer_sem9_num45lado1;5498559.0;3544.0;2137.0;2645.9370283246412
1050palmer_sem9_num45lado2;5484530.0;3521.0;2103.0;2642.5594563389377
1051palmer_sem9_num46lado1;5164045.0;3408.0;2037.0;2564.189210021736
1052palmer_sem9_num46lado2;5131247.0;3359.0;2002.0;2556.0333711052504
1053palmer_sem9_num47lado1;5691861.0;3631.0;2173.0;2692.044299103532
1054palmer_sem9_num47lado2;5708328.0;3598.0;2115.0;2695.9356342314595
1055palmer_sem9_num48lado1;5242417.0;3466.0;2013.0;2583.573616987114
1056palmer_sem9_num48lado2;5229391.0;3427.0;2023.0;2580.36187696264
1057palmer_sem9_num49lado1;5372937.0;3458.0;2135.0;2615.5373940685135
1058palmer_sem9_num49lado2;5467705.0;3402.0;2150.0;2638.503027276295
1059palmer_sem9_num50lado1;5656150.0;3446.0;2193.0;2683.58600587978
1060palmer_sem9_num50lado2;5665709.0;3420.0;2165.0;2685.8527040331
1061palmer_sem9_num51lado1;5353981.0;3588.0;2043.0;2610.919441683468
1062palmer_sem9_num51lado2;5437443.0;3616.0;2052.0;2631.1912605972598
1063palmer_sem9_num52lado1;5449189.0;3567.0;2145.0;2634.0316857501653
1064palmer_sem9_num52lado2;5434592.0;3571.0;2129.0;2630.501367401537
1065palmer_sem9_num53lado1;5621949.0;3550.0;2211.0;2675.460294096009
1066palmer_sem9_num53lado2;5607802.0;3459.0;2146.0;2672.091926832783
1067palmer_sem9_num54lado1;5392916.0;3394.0;2118.0;2620.3957549643096
1068palmer_sem9_num54lado2;5371861.0;3423.0;2126.0;2615.2754833899576
1069palmer_sem9_num55lado1;5610383.0;3641.0;2071.0;2672.70677342463
1070palmer_sem9_num55lado2;5548242.0;3628.0;2051.0;2657.864014234082
1071palmer_sem9_num56lado1;5355402.0;3419.0;2042.0;2611.265900737376
1072palmer_sem9_num56lado2;5376476.0;3476.0;2060.0;2616.398642126144
1073palmer_sem9_num57lado1;4957866.0;3301.0;2106.0;2512.4790643302767
1074palmer_sem9_num57lado2;4812171.0;3212.0;2025.0;2475.2871375312707
1075palmer_sem9_num58lado1;5777820.0;3505.0;2142.0;2712.295873676343
1076palmer_sem9_num58lado2;5798497.0;3471.0;2139.0;2717.1447661889874
1077palmer_sem9_num59lado1;5841806.0;3613.0;2135.0;2727.2730724793846
1078palmer_sem9_num59lado2;5718597.0;3532.0;2123.0;2698.3594721244735
1079palmer_sem9_num60lado1;5508264.0;3679.0;2093.0;2648.2710487488034
1080palmer_sem9_num60lado2;5531983.0;3722.0;2096.0;2653.966751186356
1081palmer_sem10_num1lado1;5402370.0;3470.0;2094.0;2622.691579139816
1082palmer_sem10_num1lado2;5339140.0;3511.0;2064.0;2607.2982535332044
1083palmer_sem10_num2lado1;5722603.0;3546.0;2095.0;2699.304436039047
1084palmer_sem10_num2lado2;5790349.0;3654.0;2138.0;2715.235040400316
1085palmer_sem10_num3lado1;5665874.0;3397.0;2112.0;2685.8918132134054
1086palmer_sem10_num3lado2;5559539.0;3425.0;2106.0;2660.5685304643785
1087palmer_sem10_num4lado1;5670580.0;3607.0;2089.0;2687.0070147999836
1088palmer_sem10_num4lado2;5691196.0;3647.0;2108.0;2691.887034041098
1089palmer_sem10_num5lado1;5154850.0;3327.0;2078.0;2561.9053197138364
1090palmer_sem10_num5lado2;5085613.0;3311.0;2090.0;2544.642132170892
1091palmer_sem10_num6lado1;5451678.0;3505.0;2076.0;2634.633184100341
1092palmer_sem10_num6lado2;5443724.0;3571.0;2125.0;2632.7105172091897
1093palmer_sem10_num7lado1;6056559.0;3681.0;2239.0;2776.9498417907466
1094palmer_sem10_num7lado2;6010176.0;3697.0;2251.0;2766.2960351376355
1095palmer_sem10_num8lado1;6359852.0;3739.0;2256.0;2845.6308729459297
1096palmer_sem10_num8lado2;6394086.0;3824.0;2246.0;2853.2793672610255
1097palmer_sem10_num9lado1;5924357.0;3479.0;2202.0;2746.475124505695
1098palmer_sem10_num9lado2;5892731.0;3555.0;2203.0;2739.134559616738
1099palmer_sem10_num10lado1;5194736.0;3269.0;2048.0;2571.7976786013633
1100palmer_sem10_num10lado2;5153067.0;3254.0;2049.0;2561.462215428873
1101palmer_sem10_num11lado1;5435967.0;3358.0;2142.0;2630.834116449642
1102palmer_sem10_num11lado2;5443606.0;3397.0;2145.0;2632.6819832933866
1103palmer_sem10_num12lado1;5611542.0;3512.0;2168.0;2672.9828247376086
1104palmer_sem10_num12lado2;5531530.0;3526.0;2140.0;2653.8580856724225
1105palmer_sem10_num13lado1;5930391.0;3745.0;2172.0;2747.873420836831
1106palmer_sem10_num13lado2;5931662.0;3822.0;2128.0;2748.1678668529084
1107palmer_sem10_num14lado1;5268452.0;3368.0;2039.0;2589.9809701885956
1108palmer_sem10_num14lado2;5227569.0;3422.0;2065.0;2579.912318981335
1109palmer_sem10_num15lado1;5085720.0;3259.0;2067.0;2544.6689013407054
1110palmer_sem10_num15lado2;4968684.0;3234.0;2053.0;2515.218669239891
1111palmer_sem10_num16lado1;5239743.0;3443.0;2073.0;2582.914631157843
1112palmer_sem10_num16lado2;5183358.0;3432.0;2068.0;2568.9796379339723
1113palmer_sem10_num17lado1;5349468.0;3439.0;2109.0;2609.8188061425494
1114palmer_sem10_num17lado2;5401105.0;3477.0;2102.0;2622.3845010346618
1115palmer_sem10_num18lado1;5571845.0;3314.0;2170.0;2663.511477567704
1116palmer_sem10_num18lado2;5485991.0;3363.0;2171.0;2642.911402839906
1117palmer_sem10_num19lado1;5516481.0;3406.0;2126.0;2650.245603143259
1118palmer_sem10_num19lado2;5454617.0;3387.0;2113.0;2635.3432538826282
1119palmer_sem10_num20lado1;5735954.0;3514.0;2196.0;2702.451379688788
1120palmer_sem10_num20lado2;5601909.0;3509.0;2132.0;2670.687564056831
1121palmer_sem10_num21lado1;5163215.0;3324.0;2075.0;2563.983134884035
1122palmer_sem10_num21lado2;5050075.0;3294.0;2037.0;2535.7356317010704
1123palmer_sem10_num22lado1;5200345.0;3251.0;2085.0;2573.1857492738027
1124palmer_sem10_num22lado2;5254944.0;3262.0;2079.0;2586.658560028512
1125palmer_sem10_num23lado1;5306628.0;3349.0;2120.0;2599.3477294888553
1126palmer_sem10_num23lado2;5320617.0;3308.0;2127.0;2602.7715932809333
1127palmer_sem10_num24lado1;5472588.0;3372.0;2101.0;2639.68093784895
1128palmer_sem10_num24lado2;5532099.0;3366.0;2107.0;2653.994576518545
1129palmer_sem10_num25lado1;5305388.0;3338.0;2089.0;2599.0440168960963
1130palmer_sem10_num25lado2;5282779.0;3305.0;2079.0;2593.5001694421535
1131palmer_sem10_num26lado1;5456768.0;3470.0;2099.0;2635.8628196561
1132palmer_sem10_num26lado2;5445983.0;3465.0;2109.0;2633.2567128093374
1133palmer_sem10_num27lado1;5177993.0;3334.0;2052.0;2567.6497911440065
1134palmer_sem10_num27lado2;5179808.0;3306.0;2045.0;2568.0997604718464
1135palmer_sem10_num28lado1;5944670.0;3681.0;2245.0;2751.1795514652945
1136palmer_sem10_num28lado2;5945060.0;3676.0;2206.0;2751.2697955350045
1137palmer_sem10_num29lado1;5423382.0;3404.0;2187.0;2627.78698311048
1138palmer_sem10_num29lado2;5367627.0;3327.0;2179.0;2614.2446247029307
1139palmer_sem10_num30lado1;5224167.0;3513.0;2043.0;2579.072704035398
1140palmer_sem10_num30lado2;5261497.0;3526.0;2026.0;2588.2708600348274
1141palmer_sem10_num31lado1;5137372.0;3250.0;2005.0;2557.558442424175
1142palmer_sem10_num31lado2;5176616.0;3350.0;2043.0;2567.308356841608
1143palmer_sem10_num32lado1;5427812.0;3503.0;2048.0;2628.8599962318367
1144palmer_sem10_num32lado2;5457743.0;3571.0;2070.0;2636.0982934256303
1145palmer_sem10_num33lado1;5790406.0;3587.0;2093.0;2715.248404708445
1146palmer_sem10_num33lado2;5817856.0;3603.0;2107.0;2721.6767487662332
1147palmer_sem10_num34lado1;5477820.0;3453.0;2008.0;2640.9424535459248
1148palmer_sem10_num34lado2;5442499.0;3491.0;2050.0;2632.4142814119473
1149palmer_sem10_num35lado1;5915149.0;3683.0;2166.0;2744.3399242441983
1150palmer_sem10_num35lado2;5887176.0;3666.0;2224.0;2737.8431821446197
1151palmer_sem10_num36lado1;5336940.0;3494.0;2012.0;2606.761027765852
1152palmer_sem10_num36lado2;5252897.0;3538.0;1987.0;2586.1547101480032
1153palmer_sem10_num37lado1;5311883.0;3398.0;1987.0;2600.6344404022743
1154palmer_sem10_num37lado2;5303054.0;3485.0;2020.0;2598.4722551272284
1155palmer_sem10_num38lado1;5769292.0;3472.0;2142.0;2710.2934747964505
1156palmer_sem10_num38lado2;5712176.0;3505.0;2156.0;2696.8441500552312
1157palmer_sem10_num39lado1;5330404.0;3621.0;2021.0;2605.1643253765183
1158palmer_sem10_num39lado2;5323707.0;3634.0;2038.0;2603.5272760206294
1159palmer_sem10_num40lado1;5215331.0;3324.0;2056.0;2576.8906977369415
1160palmer_sem10_num40lado2;5220414.0;3361.0;2068.0;2578.1461449438953
1161palmer_sem10_num41lado1;5377201.0;3371.0;1965.0;2616.5750425297306
1162palmer_sem10_num41lado2;5428265.0;3508.0;2055.0;2628.9696950139646
1163palmer_sem10_num42lado1;5412548.0;3572.0;2046.0;2625.1609762788294
1164palmer_sem10_num42lado2;5539255.0;3611.0;2093.0;2655.710547927235
1165palmer_sem10_num43lado1;5724937.0;3425.0;2232.0;2699.854844156902
1166palmer_sem10_num43lado2;5741671.0;3457.0;2247.0;2703.7978049512294
1167palmer_sem10_num44lado1;5965987.0;3563.0;2118.0;2756.107866498679
1168palmer_sem10_num44lado2;5971672.0;3579.0;2130.0;2757.4207039528296
1169palmer_sem10_num45lado1;5768382.0;3458.0;2213.0;2710.0797168235677
1170palmer_sem10_num45lado2;5644694.0;3497.0;2129.0;2680.866952821289
1171palmer_sem10_num46lado1;5453815.0;3370.0;2135.0;2635.1495076503347
1172palmer_sem10_num46lado2;5403959.0;3408.0;2121.0;2623.0772571404536
1173palmer_sem10_num47lado1;5353552.0;3402.0;2085.0;2610.8148366354935
1174palmer_sem10_num47lado2;5300408.0;3379.0;2067.0;2597.823910281568
1175palmer_sem10_num48lado1;5701796.0;3487.0;2185.0;2694.3927225281714
1176palmer_sem10_num48lado2;5726742.0;3543.0;2196.0;2700.280425603188
1177palmer_sem10_num49lado1;5610310.0;3627.0;2120.0;2672.6893852865
1178palmer_sem10_num49lado2;5667497.0;3665.0;2120.0;2686.276474986873
1179palmer_sem10_num50lado1;5439792.0;3367.0;2135.0;2631.7595424988926
1180palmer_sem10_num50lado2;5377585.0;3357.0;2153.0;2616.668469098567
1181palmer_sem10_num51lado1;5280609.0;3411.0;2159.0;2592.9674504483087
1182palmer_sem10_num51lado2;5292025.0;3327.0;2132.0;2595.768768925133
1183palmer_sem10_num52lado1;5407043.0;3484.0;2091.0;2623.8256359147513
1184palmer_sem10_num52lado2;5491722.0;3466.0;2100.0;2644.291515527756
1185palmer_sem10_num53lado1;5305224.0;3312.0;2111.0;2599.003845799013
1186palmer_sem10_num53lado2;5371439.0;3317.0;2103.0;2615.172756613356
1187palmer_sem10_num54lado1;5496438.0;3480.0;2076.0;2645.4266606324672
1188palmer_sem10_num54lado2;5452614.0;3405.0;2061.0;2634.8593448183483
1189palmer_sem10_num55lado1;5596751.0;3598.0;2177.0;2669.4577530345123
1190palmer_sem10_num55lado2;5667281.0;3537.0;2166.0;2686.2252847306454
1191palmer_sem10_num56lado1;5518413.0;3429.0;2147.0;2650.709651353879
1192palmer_sem10_num56lado2;5466292.0;3384.0;2137.0;2638.16207566356
1193palmer_sem10_num57lado1;5950791.0;3586.0;2221.0;2752.595579385774
1194palmer_sem10_num57lado2;5945389.0;3543.0;2200.0;2751.345922204884
1195palmer_sem10_num58lado1;5753426.0;3704.0;2151.0;2706.5641505250615
1196palmer_sem10_num58lado2;5769042.0;3688.0;2130.0;2710.234751758237
1197palmer_sem10_num59lado1;5613100.0;3596.0;2157.0;2673.3538651949807
1198palmer_sem10_num59lado2;5673626.0;3540.0;2120.0;2687.7285921829202
1199palmer_sem10_num60lado1;5751032.0;3589.0;2168.0;2706.000991396225
1200palmer_sem10_num60lado2;5643633.0;3535.0;2122.0;2680.614987567655
1201palmer_sem11_num1lado1;5121664.0;3434.0;2021.0;2553.6454608356407
1202palmer_sem11_num1lado2;5132597.0;3443.0;2017.0;2556.3695874401774
1203palmer_sem11_num2lado1;4780356.0;3212.0;1941.0;2467.0910597527613
1204palmer_sem11_num2lado2;4831318.0;3235.0;1946.0;2480.206670983448
1205palmer_sem11_num3lado1;5186667.0;3195.0;2077.0;2569.7995115909125
1206palmer_sem11_num3lado2;5062280.0;3155.0;2080.0;2538.79796016184
1207palmer_sem11_num4lado1;5226741.0;3398.0;2082.0;2579.707993414877
1208palmer_sem11_num4lado2;5258272.0;3397.0;2099.0;2587.4775066411016
1209palmer_sem11_num5lado1;5255073.0;3366.0;1993.0;2586.6903088831577
1210palmer_sem11_num5lado2;5260052.0;3399.0;1998.0;2587.915418587571
1211palmer_sem11_num6lado1;5254599.0;3278.0;2069.0;2586.5736483861892
1212palmer_sem11_num6lado2;5246082.0;3329.0;2071.0;2584.4765538350957
1213palmer_sem11_num7lado1;4717091.0;3112.0;1946.0;2450.7114879794262
1214palmer_sem11_num7lado2;4756291.0;3159.0;1958.0;2460.8733789994058
1215palmer_sem11_num8lado1;5494756.0;3611.0;2017.0;2645.021857730254
1216palmer_sem11_num8lado2;5491023.0;3624.0;2040.0;2644.123224180429
1217palmer_sem11_num9lado1;4952563.0;3188.0;1967.0;2511.135014170328
1218palmer_sem11_num9lado2;4903142.0;3279.0;1987.0;2498.5744511324565
1219palmer_sem11_num10lado1;5156437.0;3342.0;2012.0;2562.299650379625
1220palmer_sem11_num10lado2;5190779.0;3370.0;2031.0;2570.817980873178
1221palmer_sem11_num11lado1;5561153.0;3503.0;2095.0;2660.954699712602
1222palmer_sem11_num11lado2;5546819.0;3447.0;2129.0;2657.523151035255
1223palmer_sem11_num12lado1;5142929.0;3343.0;1982.0;2558.9413003359937
1224palmer_sem11_num12lado2;5117300.0;3412.0;1988.0;2552.5572906936386
1225palmer_sem11_num13lado1;5080807.0;3151.0;2059.0;2543.4394806181704
1226palmer_sem11_num13lado2;5067865.0;3154.0;2054.0;2540.1980484559203
1227palmer_sem11_num14lado1;5430937.0;3420.0;2070.0;2629.6166552114305
1228palmer_sem11_num14lado2;5433067.0;3449.0;2083.0;2630.1322692206254
1229palmer_sem11_num15lado1;5165246.0;3432.0;2010.0;2564.4873689463006
1230palmer_sem11_num15lado2;5136336.0;3492.0;1995.0;2557.3005514109655
1231palmer_sem11_num16lado1;5427837.0;3453.0;2079.0;2628.8660503678525
1232palmer_sem11_num16lado2;5608066.0;3540.0;2117.0;2672.1548234869824
1233palmer_sem11_num17lado1;5003517.0;3407.0;1979.0;2524.0197517362353
1234palmer_sem11_num1lado2;4984953.0;3494.0;1950.0;2519.333103868201
1235palmer_sem11_num18lado1;5424905.0;3369.0;2136.0;2628.155926202155
1236palmer_sem11_num18lado2;5276441.0;3478.0;2023.0;2591.943930076796
1237palmer_sem11_num19lado1;5078463.0;3431.0;1961.0;2542.8527126191107
1238palmer_sem11_num19lado2;5145190.0;3509.0;1939.0;2559.5037357222027
1239palmer_sem11_num20lado1;5090399.0;3334.0;2025.0;2545.8392143417714
1240palmer_sem11_num20lado2;5025650.0;3372.0;1983.0;2529.596078032671
1241palmer_sem11_num21lado1;5364267.0;3378.0;2091.0;2613.4262708019633
1242palmer_sem11_num21lado2;5187931.0;3302.0;2087.0;2570.11262487803
1243palmer_sem11_num22lado1;5197922.0;3279.0;2129.0;2572.5862164073114
1244palmer_sem11_num22lado2;5136915.0;3312.0;2043.0;2557.4446848257007
1245palmer_sem11_num23lado1;5113883.0;3436.0;2024.0;2551.704932539985
1246palmer_sem11_num23lado2;5140778.0;3458.0;2035.0;2558.4061132479615
1247palmer_sem11_num24lado1;4949079.0;3290.0;1988.0;2510.251599505188
1248palmer_sem11_num24lado2;4905628.0;3343.0;1980.0;2499.2077867516473
1249palmer_sem11_num25lado1;4997925.0;3363.0;1934.0;2522.6089176922546
1250palmer_sem11_num25lado2;5012942.0;3397.0;1944.0;2526.3958497954704
1251palmer_sem11_num26lado1;5249789.0;3405.0;1996.0;2585.3895173291908
1252palmer_sem11_num26lado2;5123351.0;3378.0;1968.0;2554.0659926396656
1253palmer_sem11_num27lado1;5403836.0;3495.0;2030.0;2623.0474049211316
1254palmer_sem11_num27lado2;5417836.0;3477.0;2056.0;2626.4430399477114
1255palmer_sem11_num28lado1;5580573.0;3503.0;2145.0;2665.596786065241
1256palmer_sem11_num28lado2;5654265.0;3510.0;2075.0;2683.1387952195028
1257palmer_sem11_num29lado1;5025098.0;3212.0;2032.0;2529.4571531792303
1258palmer_sem11_num29lado2;5015976.0;3326.0;2002.0;2527.1602637431806
1259palmer_sem11_num30lado1;5427820.0;3435.0;2099.0;2628.8619335568787
1260palmer_sem11_num30lado2;5409344.0;3507.0;2111.0;2624.3838690016146
1261palmer_sem12_num1lado1;5037160.0;3332.0;2012.0;2532.491126373037
1262palmer_sem12_num1lado2;5061747.0;3249.0;1990.0;2538.6643034959498
1263palmer_sem12_num2lado1;5139953.0;3296.0;2094.0;2558.200816527142
1264palmer_sem12_num2lado2;5074804.0;3250.0;2029.0;2541.9364930265633
1265palmer_sem12_num3lado1;5140523.0;3426.0;2031.0;2558.342659656957
1266palmer_sem12_num3lado2;5106016.0;3398.0;1979.0;2549.741454981359
1267palmer_sem12_num4lado1;4814878.0;3338.0;1940.0;2475.983253714643
1268palmer_sem12_num4lado2;4754854.0;3275.0;1909.0;2460.501603787766
1269palmer_sem12_num5lado1;5090081.0;3472.0;2020.0;2545.7596931181665
1270palmer_sem12_num5lado2;4980408.0;3400.0;2001.0;2518.184348794854
1271palmer_sem12_num6lado1;4668714.0;3249.0;1947.0;2438.1122385687418
1272palmer_sem12_num6lado2;4664186.0;3279.0;1890.0;2436.929637720408
1273palmer_sem12_num7lado1;4632475.0;3221.0;1950.0;2428.631375898167
1274palmer_sem12_num7lado2;4571560.0;3152.0;1906.0;2412.610820901183
1275palmer_sem12_num8lado1;4939424.0;3263.0;1999.0;2507.8018193258285
1276palmer_sem12_num8lado2;4986695.0;3262.0;1976.0;2519.7732579605477
1277palmer_sem12_num9lado1;4574406.0;3165.0;1998.0;2413.3616829795315
1278palmer_sem12_num9lado2;4622330.0;3118.0;1943.0;2425.970598506026
1279palmer_sem12_num10lado1;4811272.0;3418.0;1929.0;2475.0559126769313
1280palmer_sem12_num10lado2;4864758.0;3344.0;1916.0;2488.7752532454074
1281palmer_sem12_num11lado1;5367666.0;3524.0;2057.0;2614.2541219495884
1282palmer_sem12_num11lado2;5428385.0;3529.0;2012.0;2628.9987535271266
1283palmer_sem12_num12lado1;4699913.0;3279.0;1977.0;2446.2450998243967
1284palmer_sem12_num12lado2;4641549.0;3238.0;1941.0;2431.0087897056133
1285palmer_sem12_num13lado1;4610687.0;3292.0;1907.0;2422.9133324979525
1286palmer_sem12_num13lado2;4585056.0;3283.0;1896.0;2416.169409214765
1287palmer_sem12_num14lado1;4620785.0;3251.0;1928.0;2425.565127907117
1288palmer_sem12_num14lado2;4545343.0;3171.0;1883.0;2405.6829491820317
1289palmer_sem12_num15lado1;4984560.0;3262.0;2078.0;2519.233793260384
1290palmer_sem12_num15lado2;4980314.0;3231.0;2026.0;2518.1605846327907
1291palmer_sem12_num16lado1;4581635.0;3290.0;1914.0;2415.267865381123
1292palmer_sem12_num16lado2;4662319.0;3277.0;1873.0;2436.441856677499
1293palmer_sem12_num17lado1;4892910.0;3403.0;2067.0;2495.9660456084184
1294palmer_sem12_num1lado2;4790357.0;3350.0;2013.0;2469.670416431897
1295palmer_sem12_num18lado1;4464308.0;3233.0;1868.0;2384.1420858408474
1296palmer_sem12_num18lado2;4508548.0;3167.0;1895.0;2395.926042877081
1297palmer_sem12_num19lado1;4629973.0;3261.0;1926.0;2427.9754353485737
1298palmer_sem12_num19lado2;4587222.0;3188.0;1874.0;2416.7400461942784
1299palmer_sem12_num20lado1;5064718.0;3268.0;2120.0;2539.4092306148655
1300palmer_sem12_num20lado2;5071604.0;3263.0;2073.0;2541.1349369990235
1301palmer_sem12_num21lado1;4979699.0;3358.0;2010.0;2518.005100804632
1302palmer_sem12_num21lado2;4906417.0;3295.0;1968.0;2499.408759559121
1303palmer_sem12_num22lado1;5058787.0;3361.0;1992.0;2537.9219170006313
1304palmer_sem12_num22lado2;5028542.0;3303.0;1986.0;2530.323798797625
1305palmer_sem12_num23lado1;5042810.0;3385.0;2040.0;2533.911030124366
1306palmer_sem12_num23lado2;5100308.0;3379.0;2006.0;2548.3158822895384
1307palmer_sem12_num24lado1;5049303.0;3276.0;2026.0;2535.541806586886
1308palmer_sem12_num24lado2;5059788.0;3204.0;1969.0;2538.1729983546115
1309palmer_sem12_num25lado1;4886574.0;3470.0;1953.0;2494.3494653064718
1310palmer_sem12_num25lado2;4793753.0;3405.0;1848.0;2470.545665899099
1311palmer_sem12_num26lado1;4673736.0;3417.0;1941.0;2439.423189373328
1312palmer_sem12_num26lado2;4763250.0;3396.0;1933.0;2462.672991174379
1313palmer_sem12_num27lado1;4774648.0;3403.0;1916.0;2465.6177006565017
1314palmer_sem12_num27lado2;4792776.0;3342.0;1843.0;2470.2938959276917
1315palmer_sem12_num28lado1;4710714.0;3158.0;1980.0;2449.0543784770393
1316palmer_sem12_num28lado2;4710559.0;3090.0;1942.0;2449.0140866495894
1317palmer_sem12_num29lado1;4827647.0;3261.0;1989.0;2479.264219163031
1318palmer_sem12_num29lado2;4800612.0;3185.0;1967.0;2472.312487799663
1319palmer_sem12_num30lado1;4729400.0;3288.0;2000.0;2453.906905909529
1320palmer_sem12_num30lado2;4838348.0;3281.0;1982.0;2482.010476365941
