;sst_predict;firmeza_predict;time_predict;sst_real;firmeza_real;time_real
0001palmer_sem1_num1;5.133000000000002;98.39900000000002;35.0;6.2;86.8;35
0003palmer_sem1_num2;4.880000000000004;91.34874999999984;35.0;4.5;86.75;35
0005palmer_sem1_num3;4.881000000000004;91.62050000000012;35.0;5.3;98.45;35
0007palmer_sem1_num4;4.695500000000004;103.25150000000009;35.0;4.4;95.9;35
0009palmer_sem1_num5;4.532999999999999;94.56475000000002;35.0;5.5;120.0;35
0011palmer_sem1_num6;4.687999999999997;100.25299999999996;35.0;3.9;75.45;35
0013palmer_sem1_num7;4.9655000000000085;92.07774999999997;35.0;5.2;95.25;35
0015palmer_sem1_num8;4.913500000000003;87.10675000000016;35.0;4.3;83.2;35
0017palmer_sem1_num9;5.042499999999997;83.93875000000004;35.0;5.1;103.5;35
0019palmer_sem1_num10;5.1754999999999995;87.59150000000001;35.0;4.3;107.7;35
0021palmer_sem1_num11;4.964000000000003;88.76674999999999;35.0;4.9;83.45;35
0023palmer_sem1_num12;4.870500000000006;95.19325000000006;35.0;4.2;113.2;35
0025palmer_sem1_num13;5.027499999999994;90.73300000000003;35.0;4.5;80.8;35
0027palmer_sem1_num14;4.870999999999999;89.88400000000003;35.0;4.2;95.4;35
0029palmer_sem1_num15;4.4354999999999976;88.16800000000005;35.0;6.0;100.0;35
0031palmer_sem1_num16;4.531999999999994;86.67024999999995;35.0;4.2;102.35;35
0033palmer_sem1_num17;5.329000000000001;91.21800000000005;35.0;5.2;87.95;35
0035palmer_sem1_num18;5.050000000000008;95.37550000000002;35.0;5.2;88.55;35
0037palmer_sem1_num19;4.569999999999997;91.32125000000009;35.0;6.2;97.55;35
0039palmer_sem1_num20;4.604500000000003;93.33050000000007;35.0;4.5;98.8;35
0041palmer_sem1_num21;4.459500000000004;93.13725000000001;35.0;5.4;87.9;35
0043palmer_sem1_num22;4.825500000000004;96.49974999999986;35.0;3.9;102.4;35
0045palmer_sem1_num23;4.787;86.64175000000014;35.0;5.0;87.7;35
0047palmer_sem1_num24;4.963500000000004;95.57550000000013;35.0;4.3;93.9;35
0049palmer_sem1_num25;4.695000000000006;99.61974999999998;35.0;4.3;86.75;35
0051palmer_sem1_num26;4.605;90.11075000000004;35.0;4.2;111.9;35
0053palmer_sem1_num27;5.413000000000002;85.61025;35.0;5.0;105.7;35
0055palmer_sem1_num28;4.606500000000001;96.31825000000005;35.0;4.4;90.7;35
0057palmer_sem1_num29;4.503499999999995;96.06500000000005;35.0;5.6;78.95;35
0059palmer_sem1_num30;4.849;94.56675000000003;35.0;4.5;93.5;35
0061palmer_sem1_num31;4.986;104.54575000000004;35.0;5.7;89.4;35
0063palmer_sem1_num32;5.115;93.48525000000004;35.0;4.2;91.6;35
0065palmer_sem1_num33;5.015500000000003;95.82700000000004;35.0;5.1;92.85;35
0067palmer_sem1_num34;4.621500000000001;91.65375000000009;35.0;4.3;97.05;35
0069palmer_sem1_num35;4.858499999999999;93.11125000000014;35.0;6.0;116.0;35
0071palmer_sem1_num36;4.589000000000001;94.83775000000006;35.0;4.3;93.8;35
0073palmer_sem1_num37;4.888500000000004;95.36025000000004;35.0;6.0;80.9;35
0075palmer_sem1_num38;4.585499999999997;93.03375000000011;35.0;4.5;77.35;35
0077palmer_sem1_num39;5.120500000000005;98.37925000000003;35.0;4.4;82.0;35
0079palmer_sem1_num40;4.884500000000011;88.22125000000001;35.0;3.8;88.95;35
0081palmer_sem1_num41;5.095000000000004;88.99699999999991;35.0;5.9;97.65;35
0083palmer_sem1_num42;4.468999999999992;93.30174999999996;35.0;4.0;99.85;35
0085palmer_sem1_num43;4.843999999999999;87.60700000000014;35.0;5.7;99.05;35
0087palmer_sem1_num44;4.645999999999998;91.2300000000001;35.0;4.2;97.2;35
0089palmer_sem1_num45;4.416500000000001;87.45025000000011;35.0;4.4;113.85;35
0091palmer_sem1_num46;4.525499999999998;91.27850000000007;35.0;4.1;83.8;35
0093palmer_sem1_num47;4.849499999999999;96.15000000000003;35.0;5.0;89.7;35
0095palmer_sem1_num48;4.548500000000001;99.6407499999999;35.0;4.5;79.15;35
0097palmer_sem1_num49;4.836;91.54825000000002;35.0;4.3;104.5;35
0099palmer_sem1_num50;4.585000000000001;96.33874999999998;35.0;5.6;98.45;35
0101palmer_sem1_num51;4.755500000000006;101.67475000000015;35.0;4.2;91.85;35
0103palmer_sem1_num52;4.8590000000000035;89.33150000000005;35.0;4.2;97.75;35
0105palmer_sem1_num53;4.979500000000009;96.27824999999999;35.0;5.2;100.7;35
0107palmer_sem1_num54;5.101500000000001;96.0147500000001;35.0;4.4;95.55;35
0109palmer_sem1_num55;4.9440000000000035;87.04274999999994;35.0;5.3;83.25;35
0111palmer_sem1_num56;4.644499999999996;99.78400000000006;35.0;4.5;84.0;35
0113palmer_sem1_num57;5.171000000000003;87.27050000000004;35.0;4.4;102.45;35
0115palmer_sem1_num58;5.039000000000004;91.91825000000003;35.0;4.4;74.95;35
0117palmer_sem1_num59;4.809499999999997;93.36875000000013;35.0;4.2;71.4;35
0119palmer_sem1_num60;4.9415000000000076;93.12350000000019;35.0;4.2;73.35;35
0121palmer_sem2_num1;4.820000000000002;98.95450000000002;50.0;6.2;104.1;50
0123palmer_sem2_num2;4.725499999999998;111.54800000000004;50.0;4.5;91.6;50
0125palmer_sem2_num3;5.042500000000002;117.39875000000005;50.0;5.9;112.3;50
0127palmer_sem2_num4;5.102499999999995;95.60824999999996;50.0;4.6;93.25;50
0129palmer_sem2_num5;4.733499999999997;121.45799999999994;50.0;6.0;96.1;50
0131palmer_sem2_num6;4.803500000000006;95.77625000000008;50.0;4.1;120.45;50
0133palmer_sem2_num7;4.755000000000007;106.97949999999999;50.0;5.3;114.45;50
0135palmer_sem2_num8;5.042499999999999;120.68150000000001;50.0;4.2;85.75;50
0137palmer_sem2_num9;5.274999999999999;124.07449999999993;50.0;5.9;97.55;50
0139palmer_sem2_num10;4.512500000000004;95.45325000000007;50.0;4.3;85.25;50
0141palmer_sem2_num11;5.634999999999998;117.54625000000004;50.0;6.1;145.2;50
0143palmer_sem2_num12;5.483999999999998;114.96824999999986;50.0;4.6;139.3;50
0145palmer_sem2_num13;5.1225;119.7254999999999;50.0;6.0;129.85;50
0147palmer_sem2_num14;5.346000000000003;113.63175000000012;50.0;4.4;100.9;50
0149palmer_sem2_num15;5.115500000000006;115.43250000000006;50.0;6.3;117.85;50
0151palmer_sem2_num16;5.096999999999998;102.74399999999993;50.0;4.1;109.0;50
0153palmer_sem2_num17;4.702000000000007;119.39325000000002;50.0;6.9;108.4;50
0155palmer_sem2_num18;4.979;117.65974999999987;50.0;4.2;103.4;50
0157palmer_sem2_num19;5.647500000000003;132.45000000000007;50.0;6.3;112.25;50
0159palmer_sem2_num20;5.333000000000001;112.74125000000002;50.0;4.6;135.95;50
0161palmer_sem2_num21;4.905000000000004;122.64025000000011;50.0;6.1;124.25;50
0163palmer_sem2_num22;4.741000000000001;116.81550000000004;50.0;4.5;138.15;50
0165palmer_sem2_num23;5.281499999999998;121.34024999999998;50.0;6.1;138.2;50
0167palmer_sem2_num24;5.672499999999998;124.02825000000004;50.0;4.9;133.8;50
0169palmer_sem2_num25;5.5360000000000005;123.92649999999986;50.0;5.0;152.6;50
0171palmer_sem2_num26;4.960000000000001;111.26100000000004;50.0;4.1;143.25;50
0173palmer_sem2_num27;5.084000000000002;116.63125;50.0;6.2;100.1;50
0175palmer_sem2_num28;5.206500000000001;106.6305;50.0;4.5;129.1;50
0177palmer_sem2_num29;5.1955000000000044;119.52324999999986;50.0;5.9;109.8;50
0179palmer_sem2_num30;5.418500000000002;116.66599999999993;50.0;4.7;104.8;50
0181palmer_sem2_num31;5.134000000000001;122.1090000000001;50.0;4.8;101.4;50
0183palmer_sem2_num32;4.862;112.16525000000006;50.0;4.5;102.05;50
0185palmer_sem2_num33;5.234000000000001;116.70975000000011;50.0;4.4;99.75;50
0187palmer_sem2_num34;4.883000000000007;123.76699999999983;50.0;4.6;97.5;50
0189palmer_sem2_num35;5.0945;123.11349999999993;50.75;6.0;83.65;50
0191palmer_sem2_num36;5.284000000000001;117.50974999999984;50.0;4.5;108.95;50
0193palmer_sem2_num37;5.648999999999994;111.54424999999998;50.0;5.6;129.65;50
0195palmer_sem2_num38;5.048499999999996;106.04750000000007;50.0;4.6;93.55;50
0197palmer_sem2_num39;5.127499999999997;115.01624999999996;50.0;4.6;102.15;50
0199palmer_sem2_num40;5.7114999999999965;119.98399999999994;50.0;4.9;99.3;50
0201palmer_sem2_num41;5.413499999999999;120.01949999999995;50.0;5.4;124.3;50
0203palmer_sem2_num42;5.358000000000003;121.21374999999988;50.0;4.3;128.4;50
0205palmer_sem2_num43;5.498499999999995;122.7620000000001;53.825;5.8;114.85;50
0207palmer_sem2_num44;4.854500000000001;123.72525000000009;50.0;5.1;119.5;50
0209palmer_sem2_num45;4.6700000000000035;117.75200000000002;50.0;6.0;123.4;50
0211palmer_sem2_num46;5.519499999999996;124.63925000000003;50.15;5.0;103.9;50
0213palmer_sem2_num47;5.15049999999999;119.6935;50.975;6.0;123.75;50
0215palmer_sem2_num48;4.921500000000005;118.37424999999999;50.0;4.6;123.05;50
0217palmer_sem2_num49;5.406500000000002;111.46975000000006;50.0;4.3;135.05;50
0219palmer_sem2_num50;5.3805;117.23999999999987;50.0;4.1;159.1;50
0221palmer_sem2_num51;5.1874999999999964;115.31649999999995;50.0;6.2;133.85;50
0223palmer_sem2_num52;4.770000000000005;114.99349999999993;50.0;4.5;119.4;50
0225palmer_sem2_num53;5.232500000000003;109.72200000000002;50.0;5.6;138.25;50
0227palmer_sem2_num54;5.084999999999996;110.66875000000002;50.0;4.2;135.4;50
0229palmer_sem2_num55;4.928000000000001;111.86449999999999;50.0;5.5;129.85;50
0231palmer_sem2_num56;4.710500000000003;112.6530000000001;50.0;4.7;132.85;50
0233palmer_sem2_num57;5.534499999999996;123.04024999999994;50.45;5.0;117.6;50
0235palmer_sem2_num58;5.450999999999996;113.88949999999988;50.0;4.6;104.95;50
0237palmer_sem2_num59;4.577999999999998;124.81449999999991;50.0;4.5;107.8;50
0239palmer_sem2_num60;5.096499999999995;119.42825000000022;50.0;4.5;105.65;50
0241palmer_sem3_num1;4.8574999999999955;119.30124999999997;65.0;5.4;141.15;65
0243palmer_sem3_num2;5.068999999999997;127.068;65.075;5.1;124.65;65
0245palmer_sem3_num3;4.862999999999997;122.44425000000001;65.0;6.0;122.6;65
0247palmer_sem3_num4;5.345999999999996;125.29675000000019;65.0;5.6;140.8;65
0249palmer_sem3_num5;4.964000000000002;115.57474999999998;65.225;6.0;135.45;65
0251palmer_sem3_num6;4.924500000000002;119.64925000000008;65.0;5.0;108.3;65
0253palmer_sem3_num7;5.166499999999997;117.5722500000001;69.8;6.2;121.75;65
0255palmer_sem3_num8;5.1030000000000015;127.3525000000001;65.0;4.6;112.0;65
0257palmer_sem3_num9;5.220499999999994;122.23449999999998;65.15;5.8;150.5;65
0259palmer_sem3_num10;5.531999999999994;126.6232500000001;65.0;5.2;124.95;65
0261palmer_sem3_num11;5.313499999999997;122.97900000000008;65.0;6.0;142.9;65
0263palmer_sem3_num12;5.672000000000002;125.98749999999991;65.0;4.7;149.45;65
0265palmer_sem3_num13;5.151;120.24725000000007;65.15;5.2;127.9;65
0267palmer_sem3_num14;5.334500000000004;122.79500000000002;65.0;5.1;136.5;65
0269palmer_sem3_num15;5.0505;122.9565000000001;65.3;6.0;115.0;65
0271palmer_sem3_num16;5.354999999999995;118.91900000000001;65.075;4.5;113.3;65
0273palmer_sem3_num17;5.027500000000003;117.72400000000016;65.0;6.3;135.2;65
0275palmer_sem3_num18;5.425499999999996;121.77249999999995;65.0;4.5;105.4;65
0277palmer_sem3_num19;5.368999999999999;125.01299999999996;65.0;6.2;131.05;65
0279palmer_sem3_num20;5.532999999999996;125.07349999999998;65.0;4.4;133.2;65
0281palmer_sem3_num21;5.217500000000002;124.30200000000006;65.0;5.1;100.85;65
0283palmer_sem3_num22;5.811500000000002;121.53450000000008;65.0;4.4;136.35;65
0285palmer_sem3_num23;5.482499999999995;125.08049999999992;80.0;6.4;124.9;65
0287palmer_sem3_num24;6.004999999999996;122.6275000000001;74.0;4.5;110.7;65
0289palmer_sem3_num25;5.509499999999999;125.25800000000007;65.0;5.8;127.85;65
0291palmer_sem3_num26;5.683499999999998;121.06400000000012;65.375;4.3;115.15;65
0293palmer_sem3_num27;5.116499999999995;123.43875000000014;65.0;5.9;109.3;65
0295palmer_sem3_num28;5.382499999999994;120.43124999999992;69.575;4.4;125.45;65
0297palmer_sem3_num29;5.0550000000000015;124.38275000000002;65.0;5.6;114.15;65
0299palmer_sem3_num30;5.08850000000001;117.98049999999994;65.0;4.4;107.95;65
0301palmer_sem3_num31;5.1034999999999995;125.41025000000005;65.0;5.8;135.15;65
0303palmer_sem3_num32;4.987;123.5134999999999;65.0;4.0;124.6;65
0305palmer_sem3_num33;5.247499999999993;119.83300000000003;65.225;5.8;138.6;65
0307palmer_sem3_num34;5.809999999999999;123.55100000000012;65.0;4.8;130.5;65
0309palmer_sem3_num35;5.115000000000007;124.07050000000002;65.0;6.0;124.1;65
0311palmer_sem3_num36;5.571999999999997;128.86425000000006;65.0;5.0;121.2;65
0313palmer_sem3_num37;5.155499999999995;122.53949999999985;65.0;5.4;125.2;65
0315palmer_sem3_num38;5.416499999999996;121.76725000000022;64.925;4.3;129.35;65
0317palmer_sem3_num39;5.149999999999993;120.13750000000006;64.85;6.0;113.6;65
0319palmer_sem3_num40;4.947000000000006;122.48675000000023;65.0;4.7;129.75;65
0321palmer_sem3_num41;5.185999999999995;122.36300000000001;65.0;6.0;127.0;65
0323palmer_sem3_num42;4.942;118.39924999999987;65.0;4.6;125.85;65
0325palmer_sem3_num43;5.38;122.25400000000009;64.925;5.4;143.4;65
0327palmer_sem3_num44;4.999000000000002;122.24250000000002;66.5;4.6;127.05;65
0329palmer_sem3_num45;5.1704999999999925;126.28250000000011;65.0;5.8;119.55;65
0331palmer_sem3_num46;5.442999999999994;120.27324999999985;65.0;4.5;119.45;65
0333palmer_sem3_num47;5.3115000000000006;120.9000000000001;65.0;6.0;120.8;65
0335palmer_sem3_num48;5.136000000000005;128.7399999999999;68.375;4.5;146.55;65
0337palmer_sem3_num49;4.771500000000006;130.07925;65.0;5.2;109.8;65
0339palmer_sem3_num50;5.383999999999994;118.7029999999999;61.175;4.9;116.95;65
0341palmer_sem3_num51;4.970499999999992;121.73349999999988;64.625;5.8;112.0;65
0343palmer_sem3_num52;5.582999999999996;125.28825000000006;65.0;4.7;120.2;65
0345palmer_sem3_num53;4.891999999999999;124.24425000000002;65.0;5.9;115.05;65
0347palmer_sem3_num54;5.443500000000003;128.95550000000011;65.0;4.5;108.9;65
0349palmer_sem3_num55;5.036000000000004;119.54200000000013;65.0;5.6;105.75;65
0351palmer_sem3_num56;5.475999999999998;126.41125;65.0;4.6;118.45;65
0353palmer_sem3_num57;4.7945000000000055;127.15100000000005;65.0;5.8;110.2;65
0355palmer_sem3_num58;5.114499999999998;120.10324999999997;65.0;5.3;110.15;65
0357palmer_sem3_num59;5.178500000000003;125.7202499999999;65.0;5.8;126.6;65
0359palmer_sem3_num60;5.159999999999991;123.19875000000006;65.075;4.9;129.75;65
0361palmer_sem4_num1;5.709500000000003;136.45400000000006;94.55;6.0;133.05;80
0363palmer_sem4_num2;5.955499999999997;126.44025000000003;81.95;5.1;116.45;80
0365palmer_sem4_num3;5.636999999999998;137.45775000000015;82.625;6.2;92.7;80
0367palmer_sem4_num4;5.979999999999992;146.47525000000007;85.925;5.2;105.75;80
0369palmer_sem4_num5;5.470000000000003;144.6557500000001;81.8;5.1;125.05;80
0371palmer_sem4_num6;5.683499999999998;134.91900000000015;91.475;7.0;85.6;80
0373palmer_sem4_num7;5.515;127.9294999999999;80.0;6.4;126.0;80
0375palmer_sem4_num8;5.9164999999999965;130.35575000000009;87.4;4.6;144.7;80
0377palmer_sem4_num9;5.918999999999995;133.7157500000001;86.0;5.8;114.4;80
0379palmer_sem4_num10;5.6085;127.38675000000003;92.075;6.0;139.85;80
0381palmer_sem4_num11;5.937499999999995;126.62000000000022;85.85;6.8;140.2;80
0383palmer_sem4_num12;5.813000000000001;124.56249999999996;79.85;6.3;131.55;80
0385palmer_sem4_num13;5.6065;128.68650000000014;80.225;6.8;141.5;80
0387palmer_sem4_num14;5.816999999999995;122.84399999999992;80.075;6.4;137.45;80
0389palmer_sem4_num15;6.148999999999997;132.37725000000012;80.6;6.0;127.6;80
0391palmer_sem4_num16;8.569999999999993;108.12100000000004;91.15;5.8;130.6;80
0393palmer_sem4_num17;5.5814999999999975;131.54374999999987;78.575;5.8;111.65;80
0395palmer_sem4_num18;5.866499999999994;132.04300000000003;80.0;5.4;131.95;80
0397palmer_sem4_num19;5.773499999999999;127.62349999999996;90.875;5.5;135.6;80
0399palmer_sem4_num20;5.554000000000001;134.5685;86.675;6.0;151.85;80
0401palmer_sem4_num21;5.718499999999998;130.41225000000014;89.375;5.8;148.85;80
0403palmer_sem4_num22;5.635000000000003;124.71875000000001;79.025;6.0;111.2;80
0405palmer_sem4_num23;5.356999999999997;141.59150000000008;88.7;6.0;122.35;80
0407palmer_sem4_num24;5.768499999999998;132.56750000000008;92.225;6.2;116.5;80
0409palmer_sem4_num25;5.841499999999999;124.03549999999991;82.4;6.2;99.4;80
0411palmer_sem4_num26;8.000999999999994;110.13700000000011;81.2;6.0;118.5;80
0413palmer_sem4_num27;5.7935000000000025;127.40125000000002;66.2;5.4;131.3;80
0415palmer_sem4_num28;5.754499999999999;133.2000000000001;83.675;6.0;103.5;80
0417palmer_sem4_num29;5.758999999999999;123.78599999999997;80.225;5.0;108.15;80
0419palmer_sem4_num30;5.513999999999999;142.04975000000007;87.65;5.4;130.15;80
0421palmer_sem4_num31;5.8024999999999975;122.00750000000008;65.15;5.2;145.7;80
0423palmer_sem4_num32;5.632999999999999;129.42725000000004;80.0;5.8;121.7;80
0425palmer_sem4_num33;5.819999999999997;124.7665000000001;80.075;5.0;138.55;80
0427palmer_sem4_num34;5.800000000000001;129.18624999999983;79.7;6.0;98.25;80
0429palmer_sem4_num35;5.7520000000000024;135.00674999999998;91.925;5.8;134.95;80
0431palmer_sem4_num36;5.388999999999997;129.15425000000002;82.925;5.2;109.65;80
0433palmer_sem4_num37;5.662000000000001;123.05150000000009;80.675;5.6;113.95;80
0435palmer_sem4_num38;5.837499999999995;140.9190000000001;91.3;5.8;154.55;80
0437palmer_sem4_num39;5.6635000000000035;123.03800000000012;80.525;5.8;108.8;80
0439palmer_sem4_num40;5.624499999999997;136.13475000000008;81.65;5.8;123.75;80
0441palmer_sem4_num41;5.727999999999998;123.86875000000009;80.975;5.9;122.55;80
0443palmer_sem4_num42;5.686;126.67949999999988;80.0;6.0;131.05;80
0445palmer_sem4_num43;5.813999999999992;127.1440000000001;80.6;5.6;146.05;80
0447palmer_sem4_num44;5.485499999999998;131.64849999999987;82.7;5.4;161.15;80
0449palmer_sem4_num45;5.844999999999995;117.70025000000008;80.0;5.8;164.9;80
0451palmer_sem4_num46;5.604500000000002;135.56100000000006;89.525;6.2;162.65;80
0453palmer_sem4_num47;5.799499999999995;139.82375000000005;92.75;5.8;118.15;80
0455palmer_sem4_num48;5.6754999999999995;122.77124999999997;80.75;6.0;142.6;80
0457palmer_sem4_num49;5.825499999999996;122.69049999999997;81.35;6.0;139.25;80
0459palmer_sem4_num50;5.966999999999993;129.42775;80.0;6.0;140.3;80
0461palmer_sem4_num51;5.6390000000000065;128.0447500000001;80.45;5.4;102.65;80
0463palmer_sem4_num52;5.5914999999999955;143.2785000000001;84.275;5.6;114.95;80
0465palmer_sem4_num53;5.711499999999996;138.87999999999988;83.825;6.0;128.65;80
0467palmer_sem4_num54;5.520999999999997;122.94299999999997;80.15;6.0;116.0;80
0469palmer_sem4_num55;5.9804999999999975;123.33899999999988;80.0;5.4;131.1;80
0471palmer_sem4_num56;5.878499999999997;127.94000000000005;79.7;5.4;117.35;80
0473palmer_sem4_num57;6.093999999999995;123.45175000000006;78.5;5.6;124.15;80
0475palmer_sem4_num58;5.675499999999996;139.33250000000004;83.375;6.0;120.55;80
0477palmer_sem4_num59;5.662499999999998;136.8889999999999;88.55;5.8;122.95;80
0479palmer_sem4_num60;5.626000000000004;132.98549999999986;85.325;5.6;118.65;80
0481palmer_sem5_num1;5.808999999999998;148.25350000000012;100.025;5.0;154.55;95
0483palmer_sem5_num2;5.710999999999999;144.8397500000001;95.75;6.8;133.7;95
0485palmer_sem5_num3;5.445499999999995;141.21375000000015;92.15;5.0;138.35;95
0487palmer_sem5_num4;5.552000000000001;143.09050000000005;102.125;5.2;131.7;95
0489palmer_sem5_num5;5.571500000000003;145.30874999999997;101.225;5.0;146.1;95
0491palmer_sem5_num6;5.863500000000004;135.03699999999998;85.925;5.2;157.7;95
0493palmer_sem5_num7;5.5169999999999995;142.24450000000022;99.95;5.4;154.2;95
0495palmer_sem5_num8;5.5634999999999994;144.09025000000008;102.125;5.0;164.45;95
0497palmer_sem5_num9;5.607999999999997;142.76700000000014;104.6;5.2;160.8;95
0499palmer_sem5_num10;5.5729999999999995;134.11850000000015;89.15;5.0;145.9;95
0501palmer_sem5_num11;6.0174999999999965;138.10424999999998;91.175;5.4;150.65;95
0503palmer_sem5_num12;5.5624999999999964;143.58425000000017;94.1;5.2;134.45;95
0505palmer_sem5_num13;5.565999999999999;145.72425000000024;94.325;5.4;141.05;95
0507palmer_sem5_num14;5.565499999999993;142.54625000000016;98.9;5.4;144.35;95
0509palmer_sem5_num15;5.583999999999999;132.62774999999993;102.2;6.0;156.7;95
0511palmer_sem5_num16;5.538499999999999;137.04200000000003;91.025;5.4;148.55;95
0513palmer_sem5_num17;5.765499999999998;149.2789999999999;102.5;5.8;140.25;95
0515palmer_sem5_num18;5.868999999999997;128.82125000000005;129.8;5.8;151.7;95
0517palmer_sem5_num19;5.581500000000005;129.73249999999996;102.35;5.4;135.65;95
0519palmer_sem5_num20;5.484499999999998;139.66125000000008;99.2;5.6;149.65;95
0521palmer_sem5_num21;5.716500000000004;142.73749999999995;106.1;5.2;145.35;95
0523palmer_sem5_num22;5.6465;131.55525000000014;89.45;6.0;141.6;95
0525palmer_sem5_num23;5.614999999999993;136.88700000000003;101.3;5.8;157.7;95
0527palmer_sem5_num24;5.4424999999999955;138.01249999999996;94.7;6.0;154.95;95
0529palmer_sem5_num25;5.506999999999998;135.2687500000001;96.05;5.4;135.85;95
0531palmer_sem5_num26;5.539;139.9557500000001;93.2;6.2;157.5;95
0533palmer_sem5_num27;5.334;145.36200000000014;94.775;6.0;136.2;95
0535palmer_sem5_num28;5.660000000000001;141.89524999999995;103.55;6.0;159.1;95
0537palmer_sem5_num29;5.661999999999997;150.17800000000003;99.425;5.4;125.3;95
0539palmer_sem5_num30;5.512000000000004;138.49825000000018;108.35;5.6;116.15;95
0541palmer_sem5_num31;5.609499999999998;139.62675000000002;84.95;5.4;148.0;95
0543palmer_sem5_num32;5.472;137.4032500000001;90.35;5.6;153.65;95
0545palmer_sem5_num33;5.647500000000003;142.67675000000008;98.9;5.6;142.2;95
0547palmer_sem5_num34;5.485500000000006;140.11325000000014;101.825;5.2;143.95;95
0549palmer_sem5_num35;5.604999999999995;147.44650000000016;108.875;5.8;125.4;95
0551palmer_sem5_num36;5.580999999999998;147.85000000000014;98.075;5.8;125.6;95
0553palmer_sem5_num37;5.704499999999999;142.10800000000003;92.75;5.4;180.35;95
0555palmer_sem5_num38;5.338999999999998;146.56975;96.8;5.4;130.2;95
0557palmer_sem5_num39;5.537999999999996;141.38450000000023;104.6;5.8;128.25;95
0559palmer_sem5_num40;5.5794999999999995;148.0562499999999;97.325;6.0;150.7;95
0561palmer_sem5_num41;5.579999999999996;140.23625000000013;97.925;5.4;137.2;95
0563palmer_sem5_num42;6.001499999999998;144.90325;117.95;5.4;143.65;95
0565palmer_sem5_num43;5.7689999999999975;143.03949999999998;81.875;5.2;137.2;95
0567palmer_sem5_num44;5.598999999999995;146.6732500000001;103.55;5.4;142.65;95
0569palmer_sem5_num45;5.572499999999998;144.68300000000002;89.375;5.0;142.9;95
0571palmer_sem5_num46;5.783999999999999;152.40950000000004;104.675;5.4;142.55;95
0573palmer_sem5_num47;5.507499999999997;140.55400000000012;97.85;5.0;160.1;95
0575palmer_sem5_num48;5.580500000000001;142.41950000000026;104.825;5.6;164.85;95
0577palmer_sem5_num49;5.306500000000002;147.35475000000008;94.25;5.2;156.25;95
0579palmer_sem5_num50;5.586000000000004;150.2000000000002;103.925;5.0;144.65;95
0581palmer_sem5_num51;5.6475;132.7995;103.925;5.6;152.5;95
0583palmer_sem5_num52;5.563499999999994;138.93350000000027;98.975;5.4;138.15;95
0585palmer_sem5_num53;5.719500000000006;143.70100000000005;92.525;5.0;146.9;95
0587palmer_sem5_num54;5.688;147.34150000000022;101.0;5.2;141.4;95
0589palmer_sem5_num55;5.661000000000001;151.5345000000001;99.95;5.2;132.15;95
0591palmer_sem5_num56;5.538000000000004;150.03250000000003;102.5;5.4;136.65;95
0593palmer_sem5_num57;5.3945000000000025;143.59900000000007;96.35;5.0;159.0;95
0595palmer_sem5_num58;5.729999999999997;156.301;110.0;5.2;149.55;95
0597palmer_sem5_num59;5.485499999999999;141.55350000000004;93.275;5.0;156.5;95
0599palmer_sem5_num60;5.3805;143.26825000000014;98.075;5.0;163.55;95
0601palmer_sem6_num1;5.768499999999994;147.44100000000017;117.175;5.9;129.8;110
0603palmer_sem6_num2;6.087;140.28775000000013;146.225;5.9;136.85;110
0605palmer_sem6_num3;6.076499999999999;143.54325000000014;118.55;6.0;138.5;110
0607palmer_sem6_num4;6.001;151.46574999999987;131.6;6.0;155.0;110
0609palmer_sem6_num5;5.725000000000002;140.734;114.05;6.0;166.1;110
0611palmer_sem6_num6;5.785999999999998;146.92099999999994;109.475;5.8;142.85;110
0613palmer_sem6_num7;5.309499999999998;150.80925000000016;103.4;6.0;134.4;110
0615palmer_sem6_num8;5.936000000000006;149.64674999999986;110.375;6.0;110.7;110
0617palmer_sem6_num9;5.6065;142.11750000000023;102.725;5.8;136.4;110
0619palmer_sem6_num10;5.533499999999998;146.25000000000023;101.075;5.8;105.45;110
0621palmer_sem6_num11;5.56350000000001;154.37675000000007;107.6;5.8;115.35;110
0623palmer_sem6_num12;5.684999999999993;145.76625;105.425;6.0;150.35;110
0625palmer_sem6_num13;5.781499999999987;143.32650000000012;105.125;6.2;139.0;110
0627palmer_sem6_num14;5.604999999999994;141.46100000000015;92.15;5.8;151.0;110
0629palmer_sem6_num15;6.233;138.6852500000001;152.3;5.8;156.85;110
0631palmer_sem6_num16;5.745500000000001;140.50850000000008;133.325;5.9;163.3;110
0633palmer_sem6_num17;6.0185;130.21900000000014;114.725;5.8;135.85;110
0635palmer_sem6_num18;5.3945000000000025;152.34825000000004;110.15;5.9;141.9;110
0637palmer_sem6_num19;5.686000000000002;153.2697499999999;107.9;5.8;181.1;110
0639palmer_sem6_num20;5.6405;146.01725;106.25;5.6;143.2;110
0641palmer_sem6_num21;5.5440000000000085;153.422;105.05;5.8;140.75;110
0643palmer_sem6_num22;5.835000000000003;145.78175;148.55;5.7;143.9;110
0645palmer_sem6_num23;5.591000000000005;147.19000000000017;108.425;5.4;162.75;110
0647palmer_sem6_num24;5.6534999999999975;127.65375000000003;114.575;5.5;172.45;110
0649palmer_sem6_num25;5.778999999999997;140.88449999999983;107.225;5.7;158.25;110
0651palmer_sem6_num26;5.667000000000002;138.3567500000001;88.4;5.7;150.35;110
0653palmer_sem6_num27;6.017500000000009;141.80675000000002;114.2;5.8;164.2;110
0655palmer_sem6_num28;5.551999999999997;143.46100000000007;98.675;5.8;141.95;110
0657palmer_sem6_num29;5.684999999999999;139.83075000000005;101.825;5.8;169.3;110
0659palmer_sem6_num30;6.079500000000003;140.81225;116.225;5.8;141.5;110
0661palmer_sem6_num31;5.828499999999998;139.84699999999998;108.125;6.1;176.1;110
0663palmer_sem6_num32;5.606500000000003;142.19475000000014;102.575;5.5;158.0;110
0665palmer_sem6_num33;5.828499999999996;142.12850000000012;110.15;6.4;155.65;110
0667palmer_sem6_num34;5.544999999999999;144.01075000000012;98.225;5.5;145.55;110
0669palmer_sem6_num35;6.025000000000002;141.4604999999999;132.4;5.7;105.45;110
0671palmer_sem6_num36;5.4824999999999955;142.08850000000027;99.35;5.4;159.2;110
0673palmer_sem6_num37;5.723999999999998;139.42300000000006;102.425;5.9;104.85;110
0675palmer_sem6_num38;5.568500000000005;144.2665;103.025;5.7;130.1;110
0677palmer_sem6_num39;5.814000000000006;142.3422500000001;106.325;6.1;161.3;110
0679palmer_sem6_num40;5.8705;135.2740000000001;108.65;6.0;121.65;110
0681palmer_sem6_num41;6.014999999999999;131.88599999999994;142.025;5.7;124.2;110
0683palmer_sem6_num42;5.642000000000003;152.21650000000008;109.55;5.8;109.65;110
0685palmer_sem6_num43;5.626000000000001;145.78525000000002;105.875;5.7;113.85;110
0687palmer_sem6_num44;5.571999999999997;143.57475000000005;109.325;5.6;146.65;110
0689palmer_sem6_num45;5.932000000000004;143.46900000000016;107.3;5.8;158.4;110
0691palmer_sem6_num46;5.578999999999992;144.17575000000016;107.0;5.6;136.65;110
0693palmer_sem6_num47;5.928500000000005;141.22625;107.225;5.8;175.1;110
0695palmer_sem6_num48;5.719000000000003;130.6429999999999;98.15;5.7;122.7;110
0697palmer_sem6_num49;5.548499999999997;146.59375000000009;108.725;5.7;170.7;110
0699palmer_sem6_num50;5.5345;142.6435;104.975;5.7;171.75;110
0701palmer_sem6_num51;5.642;152.04924999999994;107.15;5.7;156.15;110
0703palmer_sem6_num52;5.894500000000002;134.97375000000008;108.8;5.7;128.1;110
0705palmer_sem6_num53;5.640000000000004;143.46750000000006;108.8;5.5;148.95;110
0707palmer_sem6_num54;5.610500000000005;144.2277500000001;108.5;5.5;176.95;110
0709palmer_sem6_num55;5.540999999999998;145.24950000000007;109.4;5.5;170.15;110
0711palmer_sem6_num56;5.582500000000005;148.3397500000001;107.45;5.5;124.05;110
0713palmer_sem6_num57;5.657500000000006;148.36475000000002;106.4;6.0;149.2;110
0715palmer_sem6_num58;5.7284999999999995;143.4132500000001;107.15;5.6;120.25;110
0717palmer_sem6_num59;5.699499999999996;130.62699999999995;103.325;5.4;153.75;110
0719palmer_sem6_num60;5.675;146.54099999999994;106.475;5.6;154.4;110
0721palmer_sem7_num1;6.552499999999996;131.3799999999999;127.475;5.0;151.5;125
0723palmer_sem7_num2;10.8075;102.29875000000004;145.95;5.3;128.1;125
0725palmer_sem7_num3;5.766999999999993;146.29249999999993;120.95;5.0;149.7;125
0727palmer_sem7_num4;7.700000000000002;97.47699999999999;134.025;5.6;147.15;125
0729palmer_sem7_num5;7.962000000000004;112.47599999999997;142.35;5.6;154.0;125
0731palmer_sem7_num6;7.078999999999999;135.13150000000007;126.55;5.8;126.1;125
0733palmer_sem7_num7;5.766500000000001;139.25174999999993;134.275;5.0;142.2;125
0735palmer_sem7_num8;6.259000000000004;142.82175000000004;134.75;5.2;129.5;125
0737palmer_sem7_num9;5.871000000000005;137.05325000000016;129.05;5.4;151.95;125
0739palmer_sem7_num10;8.640999999999984;127.07674999999999;158.35;5.4;142.25;125
0741palmer_sem7_num11;6.044000000000002;136.3495000000001;148.5;5.8;160.5;125
0743palmer_sem7_num12;7.943499999999991;116.82749999999996;119.725;5.4;135.5;125
0745palmer_sem7_num13;6.099500000000002;147.43825000000012;147.7;5.6;147.2;125
0747palmer_sem7_num14;6.064500000000002;150.78700000000003;137.05;5.4;141.35;125
0749palmer_sem7_num15;6.003500000000002;148.02075000000002;140.0;5.4;138.65;125
0751palmer_sem7_num16;6.090000000000004;142.49250000000006;122.45;5.4;121.8;125
0753palmer_sem7_num17;5.961999999999998;148.48124999999993;139.7;5.6;177.15;125
0755palmer_sem7_num18;6.1164999999999985;144.48924999999997;145.0;5.6;152.1;125
0757palmer_sem7_num19;5.795500000000005;133.35250000000005;126.8;6.0;160.05;125
0759palmer_sem7_num20;5.877000000000002;153.4087499999999;124.6;6.0;181.4;125
0761palmer_sem7_num21;6.197;136.17450000000017;138.65;6.0;167.3;125
0763palmer_sem7_num22;5.974499999999994;149.89300000000006;136.025;6.0;168.9;125
0765palmer_sem7_num23;5.963499999999995;141.49774999999997;131.95;6.0;156.3;125
0767palmer_sem7_num24;5.855;133.93474999999987;131.35;6.0;179.65;125
0769palmer_sem7_num25;6.377500000000005;132.02725000000004;138.275;5.8;147.45;125
0771palmer_sem7_num26;5.938500000000006;133.94575000000003;134.075;6.0;146.0;125
0773palmer_sem7_num27;8.572499999999998;109.4545000000001;136.625;6.0;147.8;125
0775palmer_sem7_num28;6.224499999999993;125.61400000000002;136.075;6.0;178.55;125
0777palmer_sem7_num29;5.986999999999994;153.64625000000007;126.025;6.2;146.15;125
0779palmer_sem7_num30;6.670000000000004;141.4515000000001;131.725;5.8;132.2;125
0781palmer_sem7_num31;6.102000000000003;149.705;131.65;6.0;144.7;125
0783palmer_sem7_num32;6.161000000000002;149.5517500000001;137.45;5.8;142.85;125
0785palmer_sem7_num33;6.510500000000004;144.8659999999999;128.6;6.2;120.1;125
0787palmer_sem7_num34;5.921499999999994;151.37249999999992;135.725;6.2;160.6;125
0789palmer_sem7_num35;6.280500000000006;139.6725000000002;143.75;6.0;162.95;125
0791palmer_sem7_num36;6.141000000000004;142.71024999999992;141.125;6.0;169.1;125
0793palmer_sem7_num37;5.9289999999999985;155.54049999999992;129.95;5.6;145.75;125
0795palmer_sem7_num38;6.150499999999999;137.16449999999995;136.55;6.0;125.45;125
0797palmer_sem7_num39;6.938000000000004;126.4227500000001;155.8;6.0;133.3;125
0799palmer_sem7_num40;6.080500000000005;143.00474999999997;138.275;6.0;136.45;125
0801palmer_sem7_num41;6.8115;121.93725000000003;114.125;5.8;152.45;125
0803palmer_sem7_num42;6.116000000000001;138.84374999999997;147.05;6.2;168.3;125
0805palmer_sem7_num43;6.159999999999999;132.49124999999995;152.125;6.0;155.65;125
0807palmer_sem7_num44;7.384999999999991;134.18500000000006;141.0;6.2;154.0;125
0809palmer_sem7_num45;6.179499999999998;140.99825000000007;137.2;6.0;149.85;125
0811palmer_sem7_num46;6.0055;143.96900000000008;134.9;6.0;107.55;125
0813palmer_sem7_num47;6.256000000000006;147.4200000000001;151.075;6.0;145.9;125
0815palmer_sem7_num48;6.201999999999997;145.98475000000013;136.775;6.2;143.9;125
0817palmer_sem7_num49;6.245500000000003;146.21350000000012;139.125;6.4;179.35;125
0819palmer_sem7_num50;6.138000000000005;140.33850000000007;135.55;6.2;130.5;125
0821palmer_sem7_num51;6.0545000000000035;141.81624999999994;131.0;6.0;144.65;125
0823palmer_sem7_num52;6.1729999999999965;137.04500000000007;141.725;6.2;150.35;125
0825palmer_sem7_num53;5.808000000000001;130.4505;129.5;6.4;166.65;125
0827palmer_sem7_num54;6.3225000000000025;146.42424999999997;136.7;6.0;177.25;125
0829palmer_sem7_num55;5.942499999999996;154.73400000000015;129.95;6.0;154.3;125
0831palmer_sem7_num56;5.846500000000001;146.79925000000014;125.0;6.0;149.85;125
0833palmer_sem7_num57;7.869500000000006;109.53599999999989;133.9;5.8;135.55;125
0835palmer_sem7_num58;6.754999999999995;130.74125000000006;148.925;6.2;129.7;125
0837palmer_sem7_num59;6.263500000000005;136.22200000000018;133.775;6.0;151.35;125
0839palmer_sem7_num60;6.077499999999994;146.50225000000003;136.7;6.2;142.7;125
0841palmer_sem8_num1;6.303999999999995;135.89950000000013;159.275;6.2;158.3;140
0843palmer_sem8_num2;6.888499999999997;135.02675000000008;155.075;6.0;101.2;140
0845palmer_sem8_num3;6.493500000000001;140.00250000000017;152.6;5.8;117.9;140
0847palmer_sem8_num4;6.140999999999996;131.03350000000006;146.075;5.6;148.2;140
0849palmer_sem8_num5;6.403999999999994;138.55925000000016;165.35;5.6;139.9;140
0851palmer_sem8_num6;5.961500000000001;138.66000000000003;130.1;5.6;120.2;140
0853palmer_sem8_num7;6.139000000000001;140.47175;141.775;5.4;143.55;140
0855palmer_sem8_num8;6.239000000000001;142.01675000000006;136.025;5.0;167.4;140
0857palmer_sem8_num9;5.8575;145.54374999999993;118.475;5.6;150.3;140
0859palmer_sem8_num10;6.035499999999996;142.07375000000002;131.425;5.4;138.75;140
0861palmer_sem8_num11;6.443;129.8252500000002;158.6;5.6;98.0;140
0863palmer_sem8_num12;6.287499999999999;150.89725;150.025;5.6;160.2;140
0865palmer_sem8_num13;7.295000000000004;135.69000000000023;153.05;5.4;165.2;140
0867palmer_sem8_num14;6.406000000000007;137.40050000000016;156.275;5.6;160.0;140
0869palmer_sem8_num15;6.4119999999999955;128.9597500000001;163.775;6.0;144.9;140
0871palmer_sem8_num16;5.886500000000003;142.08974999999998;128.3;5.8;168.4;140
0873palmer_sem8_num17;6.35;145.23425000000003;138.275;5.4;132.0;140
0875palmer_sem8_num18;6.122500000000003;133.6265;145.45;6.4;124.8;140
0877palmer_sem8_num19;6.6615000000000055;121.80175000000017;156.875;5.6;143.45;140
0879palmer_sem8_num20;6.962000000000002;138.8647500000001;150.0;5.4;119.85;140
0881palmer_sem8_num21;6.272000000000002;134.87825000000015;137.375;5.2;144.95;140
0883palmer_sem8_num22;6.507500000000002;139.05400000000003;149.425;5.4;148.75;140
0885palmer_sem8_num23;6.318999999999999;135.89225000000005;144.525;5.2;104.65;140
0887palmer_sem8_num24;6.2115000000000045;145.62675000000002;141.725;5.8;138.7;140
0889palmer_sem8_num25;6.354500000000002;135.94524999999985;139.025;7.0;146.75;140
0891palmer_sem8_num26;6.021499999999998;139.71075000000008;136.025;6.2;148.85;140
0893palmer_sem8_num27;6.135500000000004;140.81325000000012;138.3;6.0;139.1;140
0895palmer_sem8_num28;6.077499999999999;135.8057500000001;144.95;6.4;155.95;140
0897palmer_sem8_num29;6.377000000000004;130.74825000000018;154.6;6.0;128.65;140
0899palmer_sem8_num30;6.298500000000003;138.91299999999995;149.8;6.0;126.05;140
0901palmer_sem8_num31;6.0630000000000015;137.20425000000012;158.225;6.8;155.1;140
0903palmer_sem8_num32;6.272499999999999;140.90149999999994;136.175;6.4;141.5;140
0905palmer_sem8_num33;6.3700000000000045;135.69975000000014;151.975;6.0;154.2;140
0907palmer_sem8_num34;5.897999999999999;134.87375000000023;141.175;7.2;117.95;140
0909palmer_sem8_num35;6.585499999999999;133.4665;146.95;6.8;171.7;140
0911palmer_sem8_num36;6.072500000000002;144.00025000000002;136.725;6.2;146.55;140
0913palmer_sem8_num37;6.125000000000003;138.26800000000011;141.1;7.0;172.55;140
0915palmer_sem8_num38;6.128000000000001;142.11700000000008;132.3;6.0;143.9;140
0917palmer_sem8_num39;6.303500000000001;140.27725000000024;159.275;6.0;157.75;140
0919palmer_sem8_num40;6.157;147.93125000000003;135.725;5.4;121.65;140
0921palmer_sem8_num41;6.340000000000001;138.857;137.6;5.6;145.25;140
0923palmer_sem8_num42;5.979500000000002;142.8270000000001;127.625;5.6;138.25;140
0925palmer_sem8_num43;6.167000000000009;133.74899999999985;138.875;5.8;136.25;140
0927palmer_sem8_num44;5.880000000000004;143.44625;128.525;6.2;129.45;140
0929palmer_sem8_num45;6.470499999999994;133.4120000000002;159.425;7.0;145.5;140
0931palmer_sem8_num46;6.847499999999999;143.84675000000018;150.175;5.6;137.1;140
0933palmer_sem8_num47;6.734499999999997;131.5225000000001;155.5;5.4;127.15;140
0935palmer_sem8_num48;6.348000000000004;135.10499999999993;147.725;5.2;140.2;140
0937palmer_sem8_num49;6.025000000000007;130.68600000000026;142.575;6.0;157.25;140
0939palmer_sem8_num50;6.117000000000001;134.78800000000024;151.25;7.2;112.0;140
0941palmer_sem8_num51;8.555999999999983;128.129;160.025;5.8;104.65;140
0943palmer_sem8_num52;6.365000000000008;140.9442499999999;156.8;6.0;122.2;140
0945palmer_sem8_num53;6.303999999999995;132.20175;137.275;5.6;137.85;140
0947palmer_sem8_num54;6.080000000000002;142.91899999999995;136.875;6.4;116.75;140
0949palmer_sem8_num55;6.3015;153.585;136.975;6.4;138.7;140
0951palmer_sem8_num56;6.180000000000008;141.3542500000001;133.4;6.8;124.85;140
0953palmer_sem8_num57;6.925;145.8645000000002;148.9;6.0;140.35;140
0955palmer_sem8_num58;6.181500000000004;145.04599999999994;140.225;6.4;111.55;140
0957palmer_sem8_num59;6.144999999999997;141.15450000000004;153.175;7.0;140.9;140
0959palmer_sem8_num60;6.066000000000002;144.01299999999992;130.775;6.4;156.65;140
0961palmer_sem9_num1;6.6810000000000045;132.24700000000016;144.25;6.6;131.75;155
0963palmer_sem9_num2;11.059000000000005;70.54200000000009;164.925;7.0;146.35;155
0965palmer_sem9_num3;6.490000000000004;153.56425000000007;149.875;6.8;125.95;155
0967palmer_sem9_num4;6.221000000000003;144.7750000000001;132.125;6.2;128.55;155
0969palmer_sem9_num5;6.944499999999994;130.05975000000007;156.8;6.0;164.95;155
0971palmer_sem9_num6;6.329499999999995;140.38525000000004;157.725;7.0;101.95;155
0973palmer_sem9_num7;6.450999999999999;131.46025000000017;160.975;6.0;150.85;155
0975palmer_sem9_num8;6.2525;146.86149999999986;135.05;6.0;140.45;155
0977palmer_sem9_num9;6.463499999999995;138.1832500000001;153.4;6.2;118.9;155
0979palmer_sem9_num10;6.075500000000004;132.9469999999999;135.175;6.8;149.7;155
0981palmer_sem9_num11;6.258000000000002;146.0872500000001;144.7;5.6;156.65;155
0983palmer_sem9_num12;6.077000000000005;157.59599999999992;127.75;5.8;161.8;155
0985palmer_sem9_num13;6.430999999999998;130.79825000000025;157.65;6.4;130.65;155
0987palmer_sem9_num14;5.970000000000007;126.74024999999996;149.075;6.6;139.6;155
0989palmer_sem9_num15;6.9915000000000065;126.79974999999989;147.125;6.4;146.0;155
0991palmer_sem9_num16;6.150499999999999;140.57649999999998;144.475;6.2;114.75;155
0993palmer_sem9_num17;6.2295000000000025;139.32049999999984;155.375;7.4;159.7;155
0995palmer_sem9_num18;6.361500000000002;129.5387500000002;158.225;6.6;149.15;155
0997palmer_sem9_num19;6.1925000000000034;134.4210000000001;155.075;6.4;143.05;155
0999palmer_sem9_num20;6.291000000000002;130.8930000000002;148.4;6.6;120.65;155
1001palmer_sem9_num21;6.074000000000003;148.2557500000001;134.725;6.8;149.9;155
1003palmer_sem9_num22;6.751500000000001;138.81050000000008;150.925;7.4;173.85;155
1005palmer_sem9_num23;6.447000000000006;142.5632500000001;163.175;6.0;133.25;155
1007palmer_sem9_num24;6.523000000000003;136.13400000000019;156.875;6.4;151.75;155
1009palmer_sem9_num25;7.140499999999998;119.24999999999999;160.025;7.0;153.7;155
1011palmer_sem9_num26;6.362999999999992;133.26200000000017;164.0;6.8;134.15;155
1013palmer_sem9_num27;6.233000000000001;134.52825000000013;154.7;7.4;152.0;155
1015palmer_sem9_num28;5.975000000000002;146.09124999999997;139.325;6.2;129.35;155
1017palmer_sem9_num29;7.196000000000005;134.0307499999999;148.7;6.6;141.2;155
1019palmer_sem9_num30;6.506000000000003;138.45550000000011;160.7;6.2;131.95;155
1021palmer_sem9_num31;6.56600000000001;148.59024999999988;141.2;6.4;128.0;155
1023palmer_sem9_num32;6.202999999999998;141.57250000000008;140.6;6.0;168.3;155
1025palmer_sem9_num33;6.253500000000002;131.44325000000003;141.775;6.2;130.6;155
1027palmer_sem9_num34;6.657499999999998;140.2765000000002;152.975;6.2;134.35;155
1029palmer_sem9_num35;6.415499999999998;129.79650000000004;156.15;7.0;139.45;155
1031palmer_sem9_num36;6.370499999999993;140.2215000000002;161.675;7.2;138.2;155
1033palmer_sem9_num37;6.438000000000003;121.06625000000018;159.65;6.2;132.6;155
1035palmer_sem9_num38;6.053499999999996;140.08299999999997;123.575;7.0;161.25;155
1037palmer_sem9_num39;6.256500000000005;132.69349999999997;147.35;8.0;169.4;155
1039palmer_sem9_num40;6.731499999999993;134.35824999999997;160.55;6.4;135.4;155
1041palmer_sem9_num41;6.011500000000001;136.0652500000001;134.3;6.0;126.85;155
1043palmer_sem9_num42;6.350999999999996;141.24625000000006;138.275;7.0;155.65;155
1045palmer_sem9_num43;6.545499999999997;138.84225000000004;148.825;7.0;132.0;155
1047palmer_sem9_num44;5.9805000000000055;138.8742500000001;148.7;6.4;139.9;155
1049palmer_sem9_num45;6.204500000000005;135.01500000000004;149.35;6.4;143.35;155
1051palmer_sem9_num46;6.083499999999999;146.35025000000005;138.0;6.6;140.6;155
1053palmer_sem9_num47;6.378499999999999;138.17175000000006;159.425;6.2;157.0;155
1055palmer_sem9_num48;6.1394999999999955;145.83775000000006;151.05;6.6;155.25;155
1057palmer_sem9_num49;6.193499999999998;138.1699999999999;144.725;6.4;152.75;155
1059palmer_sem9_num50;6.317999999999999;141.72875000000013;159.425;6.0;124.35;155
1061palmer_sem9_num51;6.144000000000001;143.03350000000003;156.45;6.0;137.0;155
1063palmer_sem9_num52;6.305;139.0670000000001;130.55;6.6;162.9;155
1065palmer_sem9_num53;5.803999999999998;138.61725000000004;110.0;6.6;149.2;155
1067palmer_sem9_num54;6.829500000000007;134.07175000000018;157.0;6.0;114.45;155
1069palmer_sem9_num55;6.438999999999993;132.7342500000003;164.0;6.4;121.0;155
1071palmer_sem9_num56;5.669500000000002;145.89625000000007;109.475;6.2;121.15;155
1073palmer_sem9_num57;10.601500000000003;64.51900000000002;151.425;6.2;120.9;155
1075palmer_sem9_num58;6.0489999999999995;141.0747500000001;154.925;6.0;144.1;155
1077palmer_sem9_num59;6.108499999999999;143.37675000000007;142.625;6.2;139.65;155
1079palmer_sem9_num60;6.222000000000004;141.30975000000012;146.0;6.0;144.15;155
1081palmer_sem10_num1;12.530999999999995;12.42249999999998;175.05;6.3;142.5;170
1083palmer_sem10_num2;7.809499999999999;133.71250000000006;149.325;6.2;140.95;170
1085palmer_sem10_num3;6.3249999999999895;144.91475000000014;160.0;5.9;117.3;170
1087palmer_sem10_num4;6.315999999999998;139.26325000000017;154.775;6.6;141.65;170
1089palmer_sem10_num5;6.370000000000001;146.98275000000012;147.5;6.3;121.6;170
1091palmer_sem10_num6;6.657499999999995;132.49800000000027;156.575;6.7;117.05;170
1093palmer_sem10_num7;5.917500000000007;134.7465;143.3;7.5;136.8;170
1095palmer_sem10_num8;6.679499999999998;138.80100000000013;155.425;6.9;94.35;170
1097palmer_sem10_num9;6.442500000000003;139.57750000000016;158.225;6.1;137.1;170
1099palmer_sem10_num10;6.212000000000007;126.56974999999991;134.1;6.7;136.4;170
1101palmer_sem10_num11;6.416999999999997;143.94650000000001;158.875;6.3;129.5;170
1103palmer_sem10_num12;6.219500000000005;131.90975000000003;146.675;6.6;124.05;170
1105palmer_sem10_num13;6.422500000000002;138.07000000000014;160.1;7.2;120.15;170
1107palmer_sem10_num14;6.755;126.83050000000011;164.425;6.1;127.55;170
1109palmer_sem10_num15;6.6495000000000015;125.34200000000014;155.675;6.8;136.3;170
1111palmer_sem10_num16;5.951500000000001;145.40675000000007;139.925;6.9;133.75;170
1113palmer_sem10_num17;6.500000000000004;127.47900000000001;161.6;6.8;148.4;170
1115palmer_sem10_num18;6.781000000000001;135.4532500000002;151.825;6.2;148.25;170
1117palmer_sem10_num19;6.121999999999996;137.423;146.825;6.8;124.4;170
1119palmer_sem10_num20;6.369000000000011;134.44425000000004;151.525;6.8;139.2;170
1121palmer_sem10_num21;6.055000000000002;146.73475000000016;138.825;6.5;116.05;170
1123palmer_sem10_num22;6.440500000000005;143.06000000000003;156.725;6.6;64.55;170
1125palmer_sem10_num23;5.977499999999997;130.43200000000002;132.95;6.4;165.95;170
1127palmer_sem10_num24;6.481000000000005;145.89074999999983;151.85;6.5;129.65;170
1129palmer_sem10_num25;6.4019999999999975;125.15474999999995;150.125;6.2;134.15;170
1131palmer_sem10_num26;7.237999999999997;137.6377500000001;151.6;6.7;118.75;170
1133palmer_sem10_num27;6.010000000000002;136.06050000000013;147.45;6.9;122.3;170
1135palmer_sem10_num28;6.573000000000004;135.89375000000007;161.675;6.4;121.25;170
1137palmer_sem10_num29;6.282499999999995;131.1320000000001;165.05;6.6;130.7;170
1139palmer_sem10_num30;6.206000000000004;144.72549999999998;150.875;6.2;31.5;170
1141palmer_sem10_num31;6.629499999999996;131.8692500000001;155.175;6.8;129.25;170
1143palmer_sem10_num32;6.5154999999999985;128.81375000000014;160.0;6.3;124.65;170
1145palmer_sem10_num33;6.694500000000002;138.09100000000012;151.15;6.5;153.35;170
1147palmer_sem10_num34;6.165999999999993;144.3687500000001;155.15;6.3;158.5;170
1149palmer_sem10_num35;7.203500000000002;140.77750000000023;149.625;6.7;137.9;170
1151palmer_sem10_num36;6.019500000000005;144.20000000000005;120.275;6.5;156.1;170
1153palmer_sem10_num37;6.221999999999997;133.8985;142.95;6.5;130.9;170
1155palmer_sem10_num38;6.583999999999998;133.013;164.675;6.0;134.7;170
1157palmer_sem10_num39;6.065499999999998;135.22800000000004;144.375;6.3;152.85;170
1159palmer_sem10_num40;6.292500000000005;133.43825000000007;145.375;6.5;112.45;170
1161palmer_sem10_num41;6.130499999999999;134.3692500000003;157.0;6.8;130.95;170
1163palmer_sem10_num42;6.033000000000004;150.26700000000008;135.275;6.6;137.6;170
1165palmer_sem10_num43;12.424999999999986;18.780499999999993;179.625;14.2;120.0;170
1167palmer_sem10_num44;6.367999999999999;137.21125000000018;167.0;7.1;144.05;170
1169palmer_sem10_num45;6.539000000000005;141.88200000000003;149.15;6.5;113.75;170
1171palmer_sem10_num46;6.582999999999996;137.31850000000017;162.425;6.8;111.35;170
1173palmer_sem10_num47;6.470499999999991;131.31150000000005;157.775;6.9;137.55;170
1175palmer_sem10_num48;6.393500000000001;137.00175000000007;154.025;7.0;130.85;170
1177palmer_sem10_num49;6.440499999999999;133.70425000000012;160.25;6.3;131.95;170
1179palmer_sem10_num50;6.549000000000004;128.38750000000005;160.825;6.4;135.5;170
1181palmer_sem10_num51;6.445499999999998;131.6975000000001;141.375;5.8;121.2;170
1183palmer_sem10_num52;6.211000000000001;137.3569999999999;158.0;6.2;150.4;170
1185palmer_sem10_num53;6.234500000000005;133.48375000000016;148.1;9.1;108.85;170
1187palmer_sem10_num54;6.120000000000001;139.86699999999996;153.425;6.1;113.05;170
1189palmer_sem10_num55;6.801500000000003;141.23975000000016;158.15;6.7;123.7;170
1191palmer_sem10_num56;6.5055;131.9620000000002;161.225;6.6;141.45;170
1193palmer_sem10_num57;6.6390000000000065;130.33800000000002;163.175;6.6;139.95;170
1195palmer_sem10_num58;6.473500000000001;138.05800000000016;160.225;6.8;111.7;170
1197palmer_sem10_num59;6.274500000000001;138.12050000000005;142.825;12.4;135.7;170
1199palmer_sem10_num60;6.071999999999998;138.31600000000034;110.075;6.6;128.35;170
1201palmer_sem11_num1;13.142499999999998;12.93250000000001;180.5;12.4;28.75;180
1203palmer_sem11_num2;13.24050000000002;15.292250000000006;182.55;13.5;17.6;180
1205palmer_sem11_num3;13.27350000000002;8.523500000000006;185.35;12.1;15.75;180
1207palmer_sem11_num4;12.651999999999992;24.36574999999997;179.85;13.0;16.35;180
1209palmer_sem11_num5;13.90200000000002;13.843749999999998;180.2;11.3;17.1;180
1211palmer_sem11_num6;11.765500000000008;25.887499999999992;176.0;11.1;24.1;180
1213palmer_sem11_num7;13.769000000000014;13.876249999999969;184.75;12.6;17.65;180
1215palmer_sem11_num8;14.141499999999986;16.78375;181.475;11.8;12.4;180
1217palmer_sem11_num9;13.57850000000003;16.650749999999984;181.325;11.7;18.55;180
1219palmer_sem11_num10;5.9494999999999925;143.027;132.975;13.7;11.6;180
1221palmer_sem11_num11;13.238999999999976;15.929499999999983;175.8;13.1;7.3;180
1223palmer_sem11_num12;15.130500000000016;8.864000000000006;188.35;13.5;14.8;180
1225palmer_sem11_num13;12.411999999999995;21.300249999999977;180.05;11.9;14.35;180
1227palmer_sem11_num14;13.040000000000003;17.06049999999998;179.75;13.0;12.7;180
1229palmer_sem11_num15;13.18150000000002;21.546750000000007;179.925;14.4;15.5;180
1231palmer_sem11_num16;12.250499999999988;19.77275000000001;178.475;14.2;12.7;180
1233palmer_sem11_num17;13.223500000000023;18.509500000000006;180.525;13.2;11.65;180
1235palmer_sem11_num18;15.157000000000014;8.626250000000004;185.5;10.0;5.55;180
1237palmer_sem11_num19;13.046999999999995;43.43775000000002;175.6;12.9;13.5;180
1239palmer_sem11_num20;12.480999999999995;26.62024999999999;176.2;13.0;11.4;180
1241palmer_sem11_num21;13.033000000000017;9.668999999999997;183.15;12.3;8.05;180
1243palmer_sem11_num22;9.501000000000017;86.31925000000012;157.7;12.3;17.8;180
1245palmer_sem11_num23;9.764000000000006;105.18074999999999;158.25;12.7;13.1;180
1247palmer_sem11_num24;6.869;127.94650000000007;147.25;12.5;23.5;180
1249palmer_sem11_num25;13.63000000000002;13.511249999999986;185.9;14.2;9.75;180
1251palmer_sem11_num26;8.727999999999978;98.54899999999992;167.025;13.7;11.6;180
1253palmer_sem11_num27;12.423499999999983;31.17300000000003;169.525;12.6;9.85;180
1255palmer_sem11_num28;10.665999999999991;68.502;171.025;14.6;8.55;180
1257palmer_sem11_num29;12.053000000000006;32.339;178.525;12.4;16.2;180
1259palmer_sem11_num30;12.637999999999986;21.345249999999986;178.7;13.0;8.7;180
1261palmer_sem12_num1;14.373500000000021;7.020000000000007;189.75;14.5;13.25;190
1263palmer_sem12_num2;15.75800000000002;8.69875;187.05;14.4;6.25;190
1265palmer_sem12_num3;13.03450000000002;9.747000000000007;184.65;16.7;9.15;190
1267palmer_sem12_num4;13.20500000000002;8.770250000000003;162.225;13.4;8.35;190
1269palmer_sem12_num5;14.063500000000008;7.419000000000006;189.45;17.4;6.65;190
1271palmer_sem12_num6;14.690500000000027;7.113750000000006;189.85;14.3;7.85;190
1273palmer_sem12_num7;14.51049999999999;5.8069999999999995;189.95;13.3;7.1;190
1275palmer_sem12_num8;14.426000000000004;9.000750000000005;189.0;16.8;7.25;190
1277palmer_sem12_num9;15.23600000000003;7.184000000000001;189.6;14.6;7.3;190
1279palmer_sem12_num10;15.714000000000025;10.068249999999988;188.8;14.7;8.25;190
1281palmer_sem12_num11;13.386500000000012;10.951999999999998;181.1;14.5;4.45;190
1283palmer_sem12_num12;14.464000000000024;7.107999999999997;189.9;13.9;5.25;190
1285palmer_sem12_num13;14.735000000000008;9.359749999999996;189.15;16.1;6.15;190
1287palmer_sem12_num14;14.778000000000006;7.262999999999993;189.95;13.7;4.6;190
1289palmer_sem12_num15;13.640499999999992;13.500750000000007;182.0;14.8;6.2;190
1291palmer_sem12_num16;14.391999999999998;8.126249999999994;189.5;15.4;6.4;190
1293palmer_sem12_num17;14.211500000000008;7.731500000000008;189.8;17.3;5.6;190
1295palmer_sem12_num18;9.401000000000016;112.95449999999991;144.675;14.3;6.8;190
1297palmer_sem12_num19;14.783999999999999;7.67099999999999;190.0;15.9;4.25;190
1299palmer_sem12_num20;13.496000000000015;10.409999999999998;186.5;14.4;6.45;190
1301palmer_sem12_num21;15.611000000000024;8.530500000000005;189.95;14.2;7.95;190
1303palmer_sem12_num22;15.263000000000028;7.786500000000013;189.85;15.1;6.95;190
1305palmer_sem12_num23;13.951000000000013;7.7622500000000105;188.95;16.9;5.2;190
1307palmer_sem12_num24;11.710500000000001;44.990000000000066;177.225;12.8;8.3;190
1309palmer_sem12_num25;13.883000000000031;8.026;188.7;16.5;8.3;190
1311palmer_sem12_num26;16.029000000000032;6.461500000000004;187.8;12.9;7.45;190
1313palmer_sem12_num27;13.403500000000006;36.78700000000003;180.75;15.9;6.1;190
1315palmer_sem12_num28;13.639500000000012;8.049999999999994;189.55;15.8;4.65;190
1317palmer_sem12_num29;14.080000000000018;7.672500000000006;187.8;14.9;5.5;190
1319palmer_sem12_num30;13.155500000000018;9.251999999999995;186.9;14.4;7.0;190
